grade,day,prefix,meaning,word,word_meaning,example_sentence,root_family,difficulty,quiz_question,quiz_answer,app_tab,book_order,day_label,section_order_in_day,prefix_meaning,etymology_note,example_korean,related_words
1,1,pre-,"미리, 이전에(before)",preserve,"보존하다, 보호하다",Salt was used to preserve meat.,preserve|preservation|preservative,low,What does preserve mean?,"보존하다, 보호하다",etymology,1,DAY 01,1,"미리, 이전에(before)",pre(=before) + serve(=keep safe) -> 미리 안전하게 유지하다,소금은 고기를 보존하는 데 사용되었다.,
1,1,pre-,"미리, 이전에(before)",previous,"이전의, 앞의",No previous experience is necessary for the job.,previous|previously,low,What does previous mean?,"이전의, 앞의",etymology,2,DAY 01,1,"미리, 이전에(before)",pre(=before) + vi(=road) + ous(접사) -> 길에 앞에 서는,그 일을 위해 이전의 경험은 전혀 필요하지 않다.,
1,1,pre-,"미리, 이전에(before)",prescribe,(약을) 처방하다,Her doctor prescribed the medicine.,prescribe|prescription,low,What does prescribe mean?,(약을) 처방하다,etymology,3,DAY 01,1,"미리, 이전에(before)",pre(=before) + scribe(=write) -> 미리 써주다,그녀의 주치의는 그 약을 처방했다.,
1,1,pre-,"미리, 이전에(before)",present,"참석한, 현재의 v. 주다, 수여하다, 제시하다, 보여주다 n. 선물",There was a large crowd present in the auditorium.,present|presence|presentation,low,What does present mean?,"참석한, 현재의 v. 주다, 수여하다, 제시하다, 보여주다 n. 선물",etymology,4,DAY 01,1,"미리, 이전에(before)","pre(= before) + sent(= esse: be) → 앞에 있는, 가까이에 있는",강당에 많은 군중이 참석해 있었다.,
1,1,pre-,"미리, 이전에(before)",premature,"(너무) 이른, 시기상조의",Her premature death was due to a heart attack.,premature|prematurely|prematurity,low,What does premature mean?,"(너무) 이른, 시기상조의",etymology,5,DAY 01,1,"미리, 이전에(before)",pre(= before) + mature(= ripe) → 익기[성숙하기] 이전의,그녀의 요절[이른 사망]은 심장 발작 때문이었다.,
1,1,pre-,"미리, 이전에(before)",pretend,"~인 척하다, ~라고 가장하다",He pretended that nothing had happened.,pretend|pretense,low,What does pretend mean?,"~인 척하다, ~라고 가장하다",etymology,6,DAY 01,1,"미리, 이전에(before)","pre(= before) + tend(= stretch: 펼치다) → 앞에 (주장, 핑계 등을) 펼쳐 놓다",그는 아무 일도 없었던 것처럼 행동했다.,
1,1,pre-,"미리, 이전에(before)",prejudice,"편견, 선입견 v. 편견을 갖게 하다",He spent a lifetime fighting against racial prejudice.,prejudice|prejudiced,low,What does prejudice mean?,"편견, 선입견 v. 편견을 갖게 하다",etymology,7,DAY 01,1,"미리, 이전에(before)",pre(= before) + judice(= judgment) → 앞선 판단,그는 인종적 편견에 맞서 싸우는 데 평생을 보냈다.,bias|partiality|preconception
1,1,pre-,"미리, 이전에(before)",preview,"(영화, 쇼 등의) 시사회, 사전 검토 v. 시연을 보다[보이다]",I saw the movie at a special preview.,preview,low,What does preview mean?,"(영화, 쇼 등의) 시사회, 사전 검토 v. 시연을 보다[보이다]",etymology,8,DAY 01,1,"미리, 이전에(before)",pre(= before) + view(= see) → 미리 보다,나는 특별 시사회에서 그 영화를 보았다.,
1,1,pre-,"미리, 이전에(before)",preliminary,"예비의, 시초의, 준비의 n. 예비 행위, 예선전",The architect’ plans are still in the preliminary stages.,preliminary|preliminarily,low,What does preliminary mean?,"예비의, 시초의, 준비의 n. 예비 행위, 예선전",etymology,9,DAY 01,1,"미리, 이전에(before)",pre(= before) + limin(= threshold: 문지방) + ary(접사) → 문지방 앞에 놓인,그 건축가의 계획은 아직 예비[초기] 단계에 있다.,
1,1,pre-,"미리, 이전에(before)",prestige,"명망, 위신, 신망, 위세",His career as a lawyer has brought him enormous prestige.,prestige|prestigious,low,What does prestige mean?,"명망, 위신, 신망, 위세",etymology,10,DAY 01,1,"미리, 이전에(before)","pre(= before) + stige(= tie) → (우리의 마음을) 미리 붙들고 있는 힘, 권위",변호사로서의 그의 경력은 그에게 엄청난 명망을 가져다주었다.,
1,1,pro-,"앞으로, 앞서(forward, ahead), ~을 위한(for)",produce,"생산하다, 낳다, 배출하다, 제작하다 n. 농작물, 생산품",The factory produces 100 cars per hour.,produce|productive|productivity|product|production,low,What does produce mean?,"생산하다, 낳다, 배출하다, 제작하다 n. 농작물, 생산품",etymology,11,DAY 01,2,"앞으로, 앞서(forward, ahead), ~을 위한(for)","pro(= forward) + duce(= bring, lead) → 앞으로 내놓다[이끌어 내다]",그 공장은 한 시간에 100대의 차를 생산한다.,
1,1,pro-,"앞으로, 앞서(forward, ahead), ~을 위한(for)",prospect,"전망, 예상, 가망 v. 탐사하다",Job prospects for graduates don’ look good.,prospect|prospective,low,What does prospect mean?,"전망, 예상, 가망 v. 탐사하다",etymology,12,DAY 01,2,"앞으로, 앞서(forward, ahead), ~을 위한(for)",pro(= forward) + spect(= look at) → 앞을 내다보다,졸업자들의 취업 전망이 좋아 보이지 않는다.,
1,1,pro-,"앞으로, 앞서(forward, ahead), ~을 위한(for)",provide,"제공하다, 공급하다, 대비하다",Our school provided the band with new uniforms.,provide|provision,low,What does provide mean?,"제공하다, 공급하다, 대비하다",etymology,13,DAY 01,2,"앞으로, 앞서(forward, ahead), ~을 위한(for)",pro(= forward) + vide(= see) → 앞을 미리 보다,우리 학교는 밴드에게 새로운 유니폼을 제공했다.,
1,1,pro-,"앞으로, 앞서(forward, ahead), ~을 위한(for)",promote,"촉진하다, 장려하다, 승진시키다, 홍보하다",A balanced diet promotes good health.,promote|promotion,low,What does promote mean?,"촉진하다, 장려하다, 승진시키다, 홍보하다",etymology,14,DAY 01,2,"앞으로, 앞서(forward, ahead), ~을 위한(for)",pro(= forward) + mote(=move) → 앞으로 움직이다,균형 잡힌 식사는 건강을 촉진한다.,
1,1,pro-,"앞으로, 앞서(forward, ahead), ~을 위한(for)",prosper,"번창하다, 번영하다",He is expecting his business to prosper.,prosper|prosperous|prosperity,low,What does prosper mean?,"번창하다, 번영하다",etymology,15,DAY 01,2,"앞으로, 앞서(forward, ahead), ~을 위한(for)",pro(= forward) + sper(= hope) → 희망을 갖고 앞으로 나아가다,그는 자신의 사업이 번창할 것이라고 기대하고 있다.,thrive|flourish
1,1,pro-,"앞으로, 앞서(forward, ahead), ~을 위한(for)",prohibit,"금지하다, ~하지 못하게 하다",Smoking is strictly prohibited inside the building.,prohibit|prohibition,low,What does prohibit mean?,"금지하다, ~하지 못하게 하다",etymology,16,DAY 01,2,"앞으로, 앞서(forward, ahead), ~을 위한(for)",pro(= forward) + hibit(= hold) → 앞에서 붙들다 → 가로막다,건물 안에서 흡연은 엄격히 금지된다.,forbid|ban
1,1,pro-,"앞으로, 앞서(forward, ahead), ~을 위한(for)",prophesy,"예언하다, 예측하다",History books report that he prophesied his own death.,prophesy|prophecy|prophet,low,What does prophesy mean?,"예언하다, 예측하다",etymology,17,DAY 01,2,"앞으로, 앞서(forward, ahead), ~을 위한(for)",pro(= forward) + phesy(= speak) → 앞선 것을 말하다,역사책에 그가 자신의 죽음을 예언했다는 것이 나와 있다.,
1,1,pro-,"앞으로, 앞서(forward, ahead), ~을 위한(for)",proportion,"비율, 부분",A large proportion of the elderly live alone.,proportion|proportionate,low,What does proportion mean?,"비율, 부분",etymology,18,DAY 01,2,"앞으로, 앞서(forward, ahead), ~을 위한(for)",pro(= for) + port(= part) + ion(접사) → 각자의 몫에 관한 것,많은 비율의 노인들이 혼자 산다.,
1,1,fore-,"이전에, 앞선(before)",forefather,"조상, 선조",Five hundred years ago our forefathers established a new nation.,forefather,low,What does forefather mean?,"조상, 선조",etymology,19,DAY 01,3,"이전에, 앞선(before)",fore(= before) + father → 아버지보다 훨씬 앞에 살았던 사람들,500년 전에 우리의 선조들이 새로운 국가를 세웠다.,ancestor|predecessor
1,1,fore-,"이전에, 앞선(before)",foremost,"가장 중요한, 맨 앞에 위치한",Safety is our foremost concern.,foremost,low,What does foremost mean?,"가장 중요한, 맨 앞에 위치한",etymology,20,DAY 01,3,"이전에, 앞선(before)",fore(= before) + most(접사) → 가장 앞에 있는,안전이 우리의 가장 중요한 관심사이다.,
1,1,fore-,"이전에, 앞선(before)",forehead,이마,The kid kissed her on the forehead.,forehead,low,What does forehead mean?,이마,etymology,21,DAY 01,3,"이전에, 앞선(before)",fore(= before) + head → 머리의 앞쪽,그 아이는 그녀의 이마에 뽀뽀를 했다.,
1,1,fore-,"이전에, 앞선(before)",foresee,"예견하다, ~일 것이라 생각하다",No one can foresee what will happen in the future.,foresee|oreseeable|foresight,low,What does foresee mean?,"예견하다, ~일 것이라 생각하다",etymology,22,DAY 01,3,"이전에, 앞선(before)",fore(= before) + see → 앞을 내다보다,미래에 어떤 일이 벌어질지 아무도 예견할 수 없다.,
1,1,fore-,"이전에, 앞선(before)",foretell,예언하다,Everything happened as Peter foretold.,foretell|foreteller,low,What does foretell mean?,예언하다,etymology,23,DAY 01,3,"이전에, 앞선(before)",fore(= before) + tell → 앞일에 대해 말하다,Peter가 예언한 대로 모든 일이 일어났다.,
1,1,fore-,"이전에, 앞선(before)",foreman,"작업반장, 현장 감독",He was working as a foreman at a building site.,foreman,low,What does foreman mean?,"작업반장, 현장 감독",etymology,24,DAY 01,3,"이전에, 앞선(before)",fore(= before) + man → 일을 할 때 다른 사람 앞에서 이끄는 사람,그는 건설 현장의 감독으로 일하고 있었다.,
1,1,fore-,"이전에, 앞선(before)",forefront,"선두, 가장 중요한 위치",Our company is at the forefront of research in this area.,forefront,low,What does forefront mean?,"선두, 가장 중요한 위치",etymology,25,DAY 01,3,"이전에, 앞선(before)",fore(= before) + front(= forehead: 이마) → 이마보다 앞에 있는 것,우리 회사는 이 분야의 연구에서 선두에 있다.,
1,1,post-,뒤에(after),posterity,"후세, 후대",Posterity will remember him as a hero.,posterity,low,What does posterity mean?,"후세, 후대",etymology,26,DAY 01,4,뒤에(after),post(er)(= posterus: coming after) + ity(접사) → 나중에 오는 것,후세는 그를 영웅으로 기억할 것이다.,
1,1,post-,뒤에(after),postmodern,"포스트모던의, 최첨단의, 최신 유행의",We had our hotel done over in a postmodern style.,postmodern,low,What does postmodern mean?,"포스트모던의, 최첨단의, 최신 유행의",etymology,27,DAY 01,4,뒤에(after),post(= coming after) + modern → 현대보다 뒤에 온,우리는 호텔을 포스트모던 양식으로 단장했다.,
1,1,post-,뒤에(after),postwar,전후의,The postwar birth rate increased rapidly.,postwar,low,What does postwar mean?,전후의,etymology,28,DAY 01,4,뒤에(after),post(= coming after) + war → 전쟁 후의,전후의 출생률은 빠르게 증가했다.,
1,1,extra-/extro-,"밖으로(outside), 넘어서(beyond)",extracurricular,"정규 교과 외의, 과외의",What extracurricular activities were you involved with at school?,extracurricular,mid,What does extracurricular mean?,"정규 교과 외의, 과외의",etymology,67,DAY 01,5,"밖으로(outside), 넘어서(beyond)",extra(= outside) + curricul(um)(= course) + ar(접사) → 교과과정 밖의,너는 학교에서 어떤 과외 활동을 했니?,
1,1,extra-/extro-,"밖으로(outside), 넘어서(beyond)",extraordinary,"비범한, 기이한",There is something extraordinary about him.,extraordinary,mid,What does extraordinary mean?,"비범한, 기이한",etymology,68,DAY 01,5,"밖으로(outside), 넘어서(beyond)",extra(= outside) + ordin(= order) + ary(접사) → 순서 밖에 있는 → 비범한,그에 대해서는 비범한 뭔가가 있다.,
1,1,extra-/extro-,"밖으로(outside), 넘어서(beyond)",extraterrestrial,"외계인, 우주인 a. 지구 밖 생물체의, 외계의",Read this entertaining book about extraterrestrials and UFOs.,extraterrestrial,mid,What does extraterrestrial mean?,"외계인, 우주인 a. 지구 밖 생물체의, 외계의",etymology,69,DAY 01,5,"밖으로(outside), 넘어서(beyond)",extra(= outside) + terrestri(= of the earth) + al(접사) → 지구 밖에 있는 생명체,외계인과 UFO에 관한 이 흥미로운 책을 읽어 보세요.,
1,1,extra-/extro-,"밖으로(outside), 넘어서(beyond)",extravagant,"낭비하는, 사치스러운",Would it be too extravagant to buy both?,extravagant|extravagance,low,What does extravagant mean?,"낭비하는, 사치스러운",etymology,70,DAY 01,5,"밖으로(outside), 넘어서(beyond)",extra(= beyond) + vag(=wander: 방랑하다) + ant(접사) → 방랑하는 것 이상의,둘 다 사는 것은 너무 낭비하는 걸까?,
1,1,extra-/extro-,"밖으로(outside), 넘어서(beyond)",extrovert,외향적인 n. 외향적인 사람,My mom has an extrovert personality.,extrovert,low,What does extrovert mean?,외향적인 n. 외향적인 사람,etymology,71,DAY 01,5,"밖으로(outside), 넘어서(beyond)",extro(= outside) + vert(= vertere: turn) → 밖으로 향하는,우리 엄마는 외향적인 성격이다.,
1,2,in-,"안에(inside), 안으로(into), 안을 향해(inward)",inborn,"타고난, 천부적인",My sister has an inborn talent for music.,inborn,low,What does inborn mean?,"타고난, 천부적인",etymology,29,DAY 02,1,"안에(inside), 안으로(into), 안을 향해(inward)",in(= inside) + born(= boren: brought forth) → 안에 갖고 있는,우리 누나는 음악에 대한 타고난 재능이 있다.,
1,2,in-,"안에(inside), 안으로(into), 안을 향해(inward)",inbound,"본국으로 들어가는, 도착하는","Due to the storm, the inbound flight has been delayed.",inbound,low,What does inbound mean?,"본국으로 들어가는, 도착하는",etymology,30,DAY 02,1,"안에(inside), 안으로(into), 안을 향해(inward)",in(= inside) + bound(= tied) → 안에 묶인,폭풍 때문에 도착하는 비행기가 지연되었다.,
1,2,in-,"안에(inside), 안으로(into), 안을 향해(inward)",income,"수입, 소득","She has an income of $3,000 a month.",income,low,What does income mean?,"수입, 소득",etymology,31,DAY 02,1,"안에(inside), 안으로(into), 안을 향해(inward)",in(= into) + come → 안으로 들어오는 것,그녀는 한 달에 3천 달러의 수입이 있다.,
1,2,in-,"안에(inside), 안으로(into), 안을 향해(inward)",indent,"들여 쓰다, 움푹 들어가게 하다","When I begin a new paragraph, I indent two spaces.",indent,low,What does indent mean?,"들여 쓰다, 움푹 들어가게 하다",etymology,32,DAY 02,1,"안에(inside), 안으로(into), 안을 향해(inward)",in(= inside) + dent(= depression in a surface: 표면에 움푹 들어 간 곳) → 안으로 움푹 들어가게 하다,"새 문단을 시작할 때, 나는 두 칸을 들여 쓴다.",
1,2,in-,"안에(inside), 안으로(into), 안을 향해(inward)",infect,"감염시키다, 감염되다, 영향을 주다",Anyone with a bad cold can infect the people around them.,infect|infection|infectious,low,What does infect mean?,"감염시키다, 감염되다, 영향을 주다",etymology,33,DAY 02,1,"안에(inside), 안으로(into), 안을 향해(inward)","in(= inside) + fect(= facere: make, perform) → 안에서 작동하게 하다",독감에 걸린 사람은 누구나 주위의 사람들을 감염시킬 수 있다.,
1,2,in-,"안에(inside), 안으로(into), 안을 향해(inward)",inland,"내륙의, 오지의 ad. 내륙으로, 오지로",Canberra is Australia’s largest inland city.,inland,low,What does inland mean?,"내륙의, 오지의 ad. 내륙으로, 오지로",etymology,34,DAY 02,1,"안에(inside), 안으로(into), 안을 향해(inward)",in(= inside) + land → 안쪽 땅의,캔버라는 호주의 가장 큰 내륙 도시이다.,
1,2,in-,"안에(inside), 안으로(into), 안을 향해(inward)",inner,"내부의, 안쪽의, (감정 등이) 내밀한",There is a rose garden in the inner court.,inner,low,What does inner mean?,"내부의, 안쪽의, (감정 등이) 내밀한",etymology,35,DAY 02,1,"안에(inside), 안으로(into), 안을 향해(inward)",in(n)(= inside) + er(접사) → 더 안의,안쪽 마당에 장미 정원이 있다.,
1,2,in-,"안에(inside), 안으로(into), 안을 향해(inward)",insert,끼워 넣다,Insert the CD into the CD drive of your computer.,insert,low,What does insert mean?,끼워 넣다,etymology,36,DAY 02,1,"안에(inside), 안으로(into), 안을 향해(inward)",in(= inside) + sert(= serere: join together) → 안에 묶다,컴퓨터의 CD 드라이브에 CD를 넣어라.,
1,2,in-,"안에(inside), 안으로(into), 안을 향해(inward)",insight,"통찰(력), 이해",She had an insight into human nature.,insight,low,What does insight mean?,"통찰(력), 이해",etymology,37,DAY 02,1,"안에(inside), 안으로(into), 안을 향해(inward)",in(= inside) + sight(= vision) → 내면의 시야,그녀는 인간의 본성에 대한 통찰력을 갖고 있었다.,
1,2,in-,"안에(inside), 안으로(into), 안을 향해(inward)",install,설치하다,Purchase and install a new product.,install|installation,low,What does install mean?,설치하다,etymology,38,DAY 02,1,"안에(inside), 안으로(into), 안을 향해(inward)",in(= inside) + stall(= standing place) → 안에 두다,새 제품을 구입해서 설치하십시오.,
1,2,in-,"안에(inside), 안으로(into), 안을 향해(inward)",intake,"섭취(량), 유입(량), (입학, 채용 등의) 인원 수",Double your exercise and cut your food intake in half.,intake,low,What does intake mean?,"섭취(량), 유입(량), (입학, 채용 등의) 인원 수",etymology,39,DAY 02,1,"안에(inside), 안으로(into), 안을 향해(inward)",in(= inside) + take → 안으로 섭취하는 것,운동을 두 배로 하고 음식 섭취를 절반으로 줄여라.,
1,2,in-,"안에(inside), 안으로(into), 안을 향해(inward)",interior,"안쪽[내부]의, 안에 있는 n. 실내, 안쪽",We are going to work on the interior walls.,interior,low,What does interior mean?,"안쪽[내부]의, 안에 있는 n. 실내, 안쪽",etymology,40,DAY 02,1,"안에(inside), 안으로(into), 안을 향해(inward)",in(ter)(= inward) + ior(접사) → 더 안의,우리는 실내의 벽에 대한 작업을 할 것이다.,interior|exterior
1,2,in-,"안에(inside), 안으로(into), 안을 향해(inward)",invest,"투자하다, 투입하다, 임명하다",I won’t invest all of my money in stocks.,invest|investment|prophecy|prophet,low,What does invest mean?,"투자하다, 투입하다, 임명하다",etymology,41,DAY 02,1,"안에(inside), 안으로(into), 안을 향해(inward)",in(= inside) + vest(= vestire: dress) → 관청에서 정장을 입다,나는 내가 가진 모든 돈을 주식에 투자하지는 않을 것이다.,
1,2,in-,"안에(inside), 안으로(into), 안을 향해(inward)",inward,"마음속의, 내부를 향한 ad. 내부를 향하여",Looking into the eyes is the start of an inward journey.,inward,low,What does inward mean?,"마음속의, 내부를 향한 ad. 내부를 향하여",etymology,42,DAY 02,1,"안에(inside), 안으로(into), 안을 향해(inward)",in(= inside) + ward(= toward) → 안을 향한,눈을 들여다보는 것은 마음속 여행의 시작이다.,
1,2,inter-,사이에(between),interact,상호작용하다,We interact with other people every day.,interact|interaction,low,What does interact mean?,상호작용하다,etymology,43,DAY 02,2,사이에(between),inter(= between) + act → 서로 간에 작용하다,우리는 매일 다른 사람들과 상호작용한다.,
1,2,inter-,사이에(between),interbreed,"이종 교배시키다[하다], 잡종을 만들다",The fish began to interbreed with other wild species.,interbreed,low,What does interbreed mean?,"이종 교배시키다[하다], 잡종을 만들다",etymology,44,DAY 02,2,사이에(between),inter(= between) + breed(새끼를 낳다) → 서로 교배시키다,그 물고기들은 다른 야생종들과 이종 교배하기 시작했다.,
1,2,inter-,사이에(between),interdependent,"상호 의존의, 서로 의지하는",All living things are interdependent.,interdependent|interdependence,mid,What does interdependent mean?,"상호 의존의, 서로 의지하는",etymology,45,DAY 02,2,사이에(between),inter(= between) + de(= down) + pend(= hang) + ent(접사) → 서로 매달린,살아 있는 모든 것들은 상호 의존적이다.,
1,2,inter-,사이에(between),interfere,"간섭하다, 방해하다",Don’t interfere in my family problems.,interfere|interference,low,What does interfere mean?,"간섭하다, 방해하다",etymology,46,DAY 02,2,사이에(between),inter(= between) + fere(= ferire: strike) → 가운데에서 때리다,내 가족 문제에 간섭하지 마라.,
1,2,inter-,사이에(between),intermediate,"중급의, 중간의",I took an intermediate skiing class.,intermediate,low,What does intermediate mean?,"중급의, 중간의",etymology,47,DAY 02,2,사이에(between),inter(= between) + medi(=medius: middle) + ate(접사) → 중간에 있는,나는 중급 스키 강좌를 수강했다.,beginner|intermediate|advanced
1,2,inter-,사이에(between),intermission,"휴식 시간, 중단",There was a 15-minute intermission during the show.,intermission,low,What does intermission mean?,"휴식 시간, 중단",etymology,48,DAY 02,2,사이에(between),inter(= between) + mis(s)(= mittere: let go) + ion(접사) → 중간에 멈춤,쇼에서 15분의 휴식 시간이 있었다.,
1,2,inter-,사이에(between),interpersonal,대인관계의,She has good interpersonal skills.,interpersonal,mid,What does interpersonal mean?,대인관계의,etymology,49,DAY 02,2,사이에(between),inter(= between) + person + al(접사) → 사람 사이의,그녀는 좋은 대인관계 기술을 갖고 있다.,
1,2,inter-,사이에(between),interpret,"해석하다, 통역하다, 이해하다",You always interpret things in your own way.,interpret|interpretation|interpreter,low,What does interpret mean?,"해석하다, 통역하다, 이해하다",etymology,50,DAY 02,2,사이에(between),inter(= between) + pret(= per: sell) → 중간에서 팔다,너는 늘 일들을 네 방식대로 해석한다.,
1,2,inter-,사이에(between),intersection,"사거리, 교차점",Road signs have been placed at major intersections.,intersection,low,What does intersection mean?,"사거리, 교차점",etymology,51,DAY 02,2,사이에(between),inter(= between) + sect(= cut) + ion(접사) → 잘린 곳 사이의 공간,도로 표지판이 주요 사거리에 배치되었다.,
1,2,inter-,사이에(between),interval,"간격, 구간, 음정",There is an interval of 20 feet between columns.,interval,low,What does interval mean?,"간격, 구간, 음정",etymology,52,DAY 02,2,사이에(between),inter(= between) + val(=wall) → 중간에 있는 것,기둥 사이에 20피트 간격이 있다.,
1,2,inter-,사이에(between),intervene,"개입하다, 사이에 있다, (방해가 되는 일이) 생겨나다",The Pope will intervene personally in the crisis.,intervene|intervention,low,What does intervene mean?,"개입하다, 사이에 있다, (방해가 되는 일이) 생겨나다",etymology,53,DAY 02,2,사이에(between),inter(= between) + vene(= venire: come) → 중간에 오다,교황이 그 위기에 개인적으로 개입할 것이다.,
1,2,inter-,사이에(between),interwind,한데 얽[히]다,Circumstances will often interwind with moods.,interwind,low,What does interwind mean?,한데 얽[히]다,etymology,54,DAY 02,2,사이에(between),"inter(= between) + wind(= turn, bend) → 서로 얽히다",상황이 기분과 자주 얽히기 마련이다.,
1,2,up-,위에(up),update,"갱신하다, 최근 정보를 알려주다",We need to update our software now.,update,low,What does update mean?,"갱신하다, 최근 정보를 알려주다",etymology,88,DAY 02,2,위에(up),up(= up) + date(날짜를 적다) → 날짜를 올리다,우리는 지금 소프트웨어를 갱신할 필요가 있다.,
1,2,up-,위에(up),upset,"속상하게 하다, 뒤엎다 a. 마음이 상한",The incident upset a lot of people.,upset,low,What does upset mean?,"속상하게 하다, 뒤엎다 a. 마음이 상한",etymology,89,DAY 02,2,위에(up),up(= up) + set(맞추다) → 위로 맞추다,그 사건은 많은 사람들을 속상하게 했다.,
1,2,up-,위에(up),upgrade,"향상시키다, 등급을 올리다",He should upgrade his social skills first.,upgrade|upgradable,low,What does upgrade mean?,"향상시키다, 등급을 올리다",etymology,90,DAY 02,2,위에(up),up(= up) + grade(등급을 매기다) → 위로 등급을 올리다,그는 그의 사교 기술을 먼저 향상시켜야 한다.,
1,2,up-,위에(up),upload,(컴퓨터) 업로드하다,It takes just a few seconds to upload the file.,upload,low,What does upload mean?,(컴퓨터) 업로드하다,etymology,91,DAY 02,2,위에(up),up(= up) + load(짐을 싣다) → 위로 짐을 올리다,그 파일을 업로드하는 데 단지 몇 초밖에 걸리지 않는다.,
1,2,up-,위에(up),upstream,상류로 a. 상류의,The village is about five miles upstream.,upstream,low,What does upstream mean?,상류로 a. 상류의,etymology,92,DAY 02,2,위에(up),up(= up) + stream(흐름) → 위로 흘러,그 마을은 상류로 5마일쯤에 있다.,
1,3,ex-,"밖으로(out), 멀리(off), 완전히(thoroughly)",exaggerate,과장하다,Susan tends to exaggerate the importance of her job.,exaggerate|exaggeration,low,What does exaggerate mean?,과장하다,etymology,55,DAY 03,1,"밖으로(out), 멀리(off), 완전히(thoroughly)",ex(= thoroughly) + agger(= heap: 쌓다) + ate(접사) → 완전히[과하게] 쌓아 올리다,Susan은 자기 일의 중요성을 과장하는 경향이 있다.,exaggerate|overemphasize|glorify
1,3,ex-,"밖으로(out), 멀리(off), 완전히(thoroughly)",excavate,"발굴하다, (구멍 등을) 파다",Heinrich Schliemann excavated the ancient city of Troy.,excavate|excavation,low,What does excavate mean?,"발굴하다, (구멍 등을) 파다",etymology,56,DAY 03,1,"밖으로(out), 멀리(off), 완전히(thoroughly)",ex(= out) + cav(= hollow: 속이 빈) + ate(접사) → 속이 비게 만들다,Heinrich Schliemann이 Troy의 고대 도시를 발굴했다.,
1,3,ex-,"밖으로(out), 멀리(off), 완전히(thoroughly)",excel,"뛰어나다, 능가하다",My brother has always excelled in mathematics.,excel|excellent|excellence,low,What does excel mean?,"뛰어나다, 능가하다",etymology,57,DAY 03,1,"밖으로(out), 멀리(off), 완전히(thoroughly)",ex(= out) + cel(= cellere: rise high) → 높이 올라 밖으로 나가다,내 남동생은 항상 수학에 뛰어났다.,
1,3,ex-,"밖으로(out), 멀리(off), 완전히(thoroughly)",exchange,"교환하다, 맞바꾸다 n. 교환, 환전",We greeted each other and exchanged a few words.,exchange,low,What does exchange mean?,"교환하다, 맞바꾸다 n. 교환, 환전",etymology,58,DAY 03,1,"밖으로(out), 멀리(off), 완전히(thoroughly)",ex(= out) + change(바꾸다) → 서로 바꾸다,우리는 서로 인사를 나누었고 몇 마디 말을 교환했다.,
1,3,ex-,"밖으로(out), 멀리(off), 완전히(thoroughly)",exclusive,"독점적인, 배타적인",Language is the exclusive possession of man.,exclusive|exclude|exclusion,mid,What does exclusive mean?,"독점적인, 배타적인",etymology,59,DAY 03,1,"밖으로(out), 멀리(off), 완전히(thoroughly)",ex(= out) + clus(= shut: 닫다) + ive(접사) → 외부에 문을 닫은,언어는 인간의 독점적인 소유물이다.,
1,3,ex-,"밖으로(out), 멀리(off), 완전히(thoroughly)",exhale,"(숨을) 내쉬다, (연기 등을) 내뿜다",Hold your breath for a moment and exhale.,exhale,low,What does exhale mean?,"(숨을) 내쉬다, (연기 등을) 내뿜다",etymology,60,DAY 03,1,"밖으로(out), 멀리(off), 완전히(thoroughly)",ex(= out) + hale(= breathe) → 숨을 밖으로 내뱉다,잠시 숨을 참았다가 내쉬어라,
1,3,ex-,"밖으로(out), 멀리(off), 완전히(thoroughly)",exhaust,"다 써버리다, 지치게 하다, 고갈시키다 n. (자동차 등의) 배기가스",Within a week they had exhausted their resources.,exhaust|xhaustion|exhausted,low,What does exhaust mean?,"다 써버리다, 지치게 하다, 고갈시키다 n. (자동차 등의) 배기가스",etymology,61,DAY 03,1,"밖으로(out), 멀리(off), 완전히(thoroughly)",ex(= off) + haust(= haurire: draw up) → 위로 끌어올려 멀리 내보내다,일주일도 못 가 그들은 물자를 다 써 버렸다.,
1,3,ex-,"밖으로(out), 멀리(off), 완전히(thoroughly)",expand,"확대[팽창]시키다, 확대[팽창]되다",Heat expands metals.,expand|expansion,low,What does expand mean?,"확대[팽창]시키다, 확대[팽창]되다",etymology,62,DAY 03,1,"밖으로(out), 멀리(off), 완전히(thoroughly)",ex(= out) + pand(= spread) → 밖으로 퍼뜨리다,열은 금속을 팽창시킨다.,
1,3,ex-,"밖으로(out), 멀리(off), 완전히(thoroughly)",expel,"퇴학시키다, 추방하다",He was expelled from school for fighting.,expel|expulsion,low,What does expel mean?,"퇴학시키다, 추방하다",etymology,63,DAY 03,1,"밖으로(out), 멀리(off), 완전히(thoroughly)",ex(= out) + pel(= pellere: drive) → 밖으로 내몰다,그는 싸움으로 인해 학교에서 퇴학당했다.,
1,3,ex-,"밖으로(out), 멀리(off), 완전히(thoroughly)",explode,"폭발하다, (갑자기 강한 감정을) 터뜨리다, 폭발적으로 증가하다","Seconds after the car crashed, its fuel tank exploded.",explode|xplosion|explosive,low,What does explode mean?,"폭발하다, (갑자기 강한 감정을) 터뜨리다, 폭발적으로 증가하다",etymology,64,DAY 03,1,"밖으로(out), 멀리(off), 완전히(thoroughly)",ex(= out) + plode(= applaud: 박수치다) → 박수쳐서 밖으로 몰고 나오다,"그 자동차가 충돌하고 몇 초 후에, 그 차의 연료 탱크가 폭발했다.",
1,3,ex-,"밖으로(out), 멀리(off), 완전히(thoroughly)",expose,"드러내다, 노출시키다, 폭로하다",Potatoes turn green when exposed to light.,expose|exposure,low,What does expose mean?,"드러내다, 노출시키다, 폭로하다",etymology,65,DAY 03,1,"밖으로(out), 멀리(off), 완전히(thoroughly)",ex(= out) + pose(= put) → 밖으로 내놓다,빛에 노출되면 감자는 초록색으로 변한다.,
1,3,ex-,"밖으로(out), 멀리(off), 완전히(thoroughly)",extinct,"멸종된, 사라진",Dinosaurs became extinct 65 million years ago.,extinct|extinction,low,What does extinct mean?,"멸종된, 사라진",etymology,66,DAY 03,1,"밖으로(out), 멀리(off), 완전히(thoroughly)",ex(= thoroughly) + (s)tinct(= quench: 끄다) → 완전히 꺼진,공룡은 6천 5백만 년 전에 멸종되었다.,
1,3,out-,"밖으로(outside), 더 많은(more than)",outcome,"결과, 성과",It is impossible to predict the outcome of the election.,outcome,low,What does outcome mean?,"결과, 성과",etymology,72,DAY 03,2,"밖으로(outside), 더 많은(more than)",out(= outside) + come → 밖으로 나온 것,선거의 결과를 예측하는 것은 불가능하다,outcome|result|effect
1,3,out-,"밖으로(outside), 더 많은(more than)",outgoing,"외향적인, 사교적인",You may think people who like red are outgoing and active.,outgoing,low,What does outgoing mean?,"외향적인, 사교적인",etymology,73,DAY 03,2,"밖으로(outside), 더 많은(more than)",out(= outside) + go + ing(접사) → 밖으로 나가는,너는 빨간색을 좋아하는 사람들이 외향적이고 활동적이라고 생각할지도 모르겠다.,
1,3,out-,"밖으로(outside), 더 많은(more than)",outlet,"배출구, 배출 수단, 출구, (전기) 콘센트, 직판점",The Internet became the perfect outlet for secrecy.,outlet,low,What does outlet mean?,"배출구, 배출 수단, 출구, (전기) 콘센트, 직판점",etymology,74,DAY 03,2,"밖으로(outside), 더 많은(more than)",out(= outside) + let(= allow) → 밖으로 나가는 것을 허락함,인터넷은 비밀의 완벽한 배출 수단이 되었다.,
1,3,out-,"밖으로(outside), 더 많은(more than)",outline,"개요, 윤곽 v. 개요를 서술하다, 윤곽을 보여 주다",This page provides a brief outline of the events.,outline,low,What does outline mean?,"개요, 윤곽 v. 개요를 서술하다, 윤곽을 보여 주다",etymology,75,DAY 03,2,"밖으로(outside), 더 많은(more than)",out(= outside) + line → 바깥 선,이 페이지는 그 사건들에 대한 간략한 개요를 제공한다.,
1,3,out-,"밖으로(outside), 더 많은(more than)",outlook,"관점, 세계관, 전망, 사고방식",She still has an optimistic outlook for the future.,outlook,low,What does outlook mean?,"관점, 세계관, 전망, 사고방식",etymology,76,DAY 03,2,"밖으로(outside), 더 많은(more than)",out(= outside) + look → 밖을 봄,그녀는 여전히 미래에 대한 낙관적인 전망을 가지고 있다.,
1,3,out-,"밖으로(outside), 더 많은(more than)",outnumber,"수가 더 많다, 수적으로 우세하다",Why do women outnumber men in the college?,outnumber,low,What does outnumber mean?,"수가 더 많다, 수적으로 우세하다",etymology,77,DAY 03,2,"밖으로(outside), 더 많은(more than)",out(=more than) + number → 수가 더 많다,왜 그 대학에는 여자의 수가 남자의 수보다 더 많을까?,
1,3,out-,"밖으로(outside), 더 많은(more than)",outpatient,외래 환자,"Around 8:30 a.m., the outpatients’ ward began to get crowded.",outpatient,low,What does outpatient mean?,외래 환자,etymology,78,DAY 03,2,"밖으로(outside), 더 많은(more than)",out(= outside) + pati(= suffer) + ent(접사) → 밖에서 고통을 겪는 사람,오전 8시 30분경 그 외래 환자 병동은 붐비기 시작했다.,
1,3,out-,"밖으로(outside), 더 많은(more than)",outstanding,"뛰어난, 두드러진, 미지불된",His performance was outstanding.,outstanding,low,What does outstanding mean?,"뛰어난, 두드러진, 미지불된",etymology,79,DAY 03,2,"밖으로(outside), 더 많은(more than)",out(= outside) + stand + ing(접사) → 밖에 서 있는,그의 공연은 뛰어났다.,outstanding|excellent|exceptional
1,3,super-/sur-,"위에(above, over), 초월하여(beyond)",superb,"최고의, 뛰어난, 멋진",The bike is in superb condition.,superb|superbness,low,What does superb mean?,"최고의, 뛰어난, 멋진",etymology,80,DAY 04,1,"위에(above, over), 초월하여(beyond)","super(= above, over) + b(접사) → 더 위에 있는",그 자전거는 최고의 상태에 있다.,
1,3,super-/sur-,"위에(above, over), 초월하여(beyond)",superficial,"표면상의, 피상적인",The product gives a superficial impression of warmth.,superficial|superficially,low,What does superficial mean?,"표면상의, 피상적인",etymology,81,DAY 05,1,"위에(above, over), 초월하여(beyond)","super(= above, over) + fici(= face) + al(접사) → 얼굴[표면] 위에 있는",그 제품은 따뜻하다는 피상적인 인상을 준다.,
1,3,super-/sur-,"위에(above, over), 초월하여(beyond)",superior,"우월한, 우세한",The contestant is superior to his competitors.,superior,low,What does superior mean?,"우월한, 우세한",etymology,82,DAY 06,1,"위에(above, over), 초월하여(beyond)","super(= above, over) + ior(접사) → 더 높은",그 대회 참가자는 경쟁자들보다 더 우월하다.,
1,3,super-/sur-,"위에(above, over), 초월하여(beyond)",supernatural,"초자연적인, 불가사의한",This novel was written about supernatural phenomena.,supernatural|supernaturally,mid,What does supernatural mean?,"초자연적인, 불가사의한",etymology,83,DAY 07,1,"위에(above, over), 초월하여(beyond)","super(= above, over) + natur(= nature) + al(접사) → 자연을 초월한",이 소설은 초자연적인 현상들에 관하여 쓰였다.,
1,3,super-/sur-,"위에(above, over), 초월하여(beyond)",surface,"표면, 외관",The insect can walk on the surface of the water.,surface,low,What does surface mean?,"표면, 외관",etymology,84,DAY 08,1,"위에(above, over), 초월하여(beyond)","sur(= above, over) + face(표면) → 표면의 위",그 곤충은 물의 표면 위를 걸을 수 있다.,
1,3,super-/sur-,"위에(above, over), 초월하여(beyond)",surpass,"뛰어넘다, 능가하다",He finally surpassed the world record.,surpass|surpassable,low,What does surpass mean?,"뛰어넘다, 능가하다",etymology,85,DAY 09,1,"위에(above, over), 초월하여(beyond)",sur(= beyond) + pass(= passer: go by) → 초월하여 가다,그는 마침내 세계 기록을 뛰어넘었다.,
1,3,super-/sur-,"위에(above, over), 초월하여(beyond)",surplus,"과잉, 잉여 a. 잉여의",Rice was in surplus last year.,surplus,low,What does surplus mean?,"과잉, 잉여 a. 잉여의",etymology,86,DAY 10,1,"위에(above, over), 초월하여(beyond)","sur(= above, over) + plus(=more) → 지나치게 많은 것",작년에는 쌀이 과잉이었다.,
1,3,super-/sur-,"위에(above, over), 초월하여(beyond)",supreme,"최고의, 최상의",He ran with supreme confidence.,supreme|supremacy,low,What does supreme mean?,"최고의, 최상의",etymology,87,DAY 11,1,"위에(above, over), 초월하여(beyond)",라틴어 supremus(= highest)에서 유래,그는 최고의 자신감을 가지고 달렸다.,
1,3,dia-,"사이에(between), 통하여(through), 가로질러(across)",dialogue,"대화, 회화, 문답",Remember that most plays are written in dialogue.,dialogue,low,What does dialogue mean?,"대화, 회화, 문답",etymology,153,DAY 12,4,"사이에(between), 통하여(through), 가로질러(across)",dia(= between) + logue(= speak) → 서로 말을 주고받는 것,대부분의 희곡이 대화체로 쓰여 있다는 것을 기억하세요.,
1,3,dia-,"사이에(between), 통하여(through), 가로질러(across)",dialect,"방언, 사투리",The people of each region speak their own dialect.,dialect,low,What does dialect mean?,"방언, 사투리",etymology,154,DAY 13,4,"사이에(between), 통하여(through), 가로질러(across)",dia(= between) + lect(= legein: speak) → 특정 지역의 사람들 사이에 주고받는 말,각 지역의 사람들은 자신들만의 방언을 사용한다.,
1,3,dia-,"사이에(between), 통하여(through), 가로질러(across)",diameter,"지름, 직경",What is the diameter of the circle?,diameter|diametric,low,What does diameter mean?,"지름, 직경",etymology,155,DAY 14,4,"사이에(between), 통하여(through), 가로질러(across)",dia(= across) + meter(=measure) → 한쪽에서 다른 쪽까지 가로질러 측정한 것,그 원의 지름이 얼마입니까?,
1,3,dia-,"사이에(between), 통하여(through), 가로질러(across)",diagonal,"대각선의, 사선의 n. 대각선",He drew a diagonal line on the page.,diagonal|diagonally,low,What does diagonal mean?,"대각선의, 사선의 n. 대각선",etymology,156,DAY 15,4,"사이에(between), 통하여(through), 가로질러(across)",dia(= across) + gon(= angle) + al(접사) → 가로질러서 각을 갖고 있는,그는 그 페이지에 대각선[사선]을 그었다.,circle|oval|square|rectangle|triangle
1,4,over-,"위에(above, over), 과도하게(excessively)",overall,"전반적인, 전체의",There has been an overall improvement in standards of living.,overall,low,What does overall mean?,"전반적인, 전체의",etymology,93,DAY 04,3,"위에(above, over), 과도하게(excessively)",over(= over) + all → 모든 것의 위에 있는,전반적인 생활 수준의 향상이 있었다.,
1,4,over-,"위에(above, over), 과도하게(excessively)",overlook,"간과하다, 못 본 체하다, 내려다보다",He overlooked the important evidence.,overlook,low,What does overlook mean?,"간과하다, 못 본 체하다, 내려다보다",etymology,94,DAY 04,3,"위에(above, over), 과도하게(excessively)",over(= over) + look → 위를 보다,그는 중요한 증거를 간과했다.,
1,4,over-,"위에(above, over), 과도하게(excessively)",overtake,"추월하다, 능가하다",It’s dangerous to overtake another vehicle on this road.,overtake,low,What does overtake mean?,"추월하다, 능가하다",etymology,95,DAY 04,3,"위에(above, over), 과도하게(excessively)","over(= above, over) + take → 위에서 잡다",이 길에서 다른 차량을 추월하는 것은 위험하다,
1,4,over-,"위에(above, over), 과도하게(excessively)",overwhelm,"제압하다, 압도하다",They were overwhelmed by the enemy.,overwhelm,low,What does overwhelm mean?,"제압하다, 압도하다",etymology,96,DAY 04,3,"위에(above, over), 과도하게(excessively)","over(= above, over) + whelm(=whelmen: turn upside down) → 위에서 뒤집어엎다",그들은 적군에게 제압당했다.,
1,4,over-,"위에(above, over), 과도하게(excessively)",oversee,감독하다,He was appointed as the team leader to oversee the business.,oversee,low,What does oversee mean?,감독하다,etymology,97,DAY 04,3,"위에(above, over), 과도하게(excessively)",over(= over) + see → 위에서 보다,그는 그 사업을 감독하도록 팀장으로 임명되었다.,
1,4,over-,"위에(above, over), 과도하게(excessively)",overcome,극복하다,He overcame an injury to win the championship.,overcome,low,What does overcome mean?,극복하다,etymology,98,DAY 04,3,"위에(above, over), 과도하게(excessively)",over(= over) + come → 위에서 오다,그는 부상을 극복하고 선수권 대회에서 우승했다.,
1,4,over-,"위에(above, over), 과도하게(excessively)",overlap,"겹치다, 겹쳐지다",The bird’s feathers overlap each other.,overlap,low,What does overlap mean?,"겹치다, 겹쳐지다",etymology,99,DAY 04,3,"위에(above, over), 과도하게(excessively)",over(= over) + lap(= fold: 접다) → 위에 접다,그 새의 깃털은 서로 겹쳐져 있다.,
1,4,over-,"위에(above, over), 과도하게(excessively)",overestimate,과대평가하다,The man overestimated his own ability.,overestimate|overestimation,low,What does overestimate mean?,과대평가하다,etymology,100,DAY 04,3,"위에(above, over), 과도하게(excessively)",over(= excessively) + estimate(= value: 가치를 평가하다) → 과도하게 가치를 평가하다,그 남자는 자기 자신의 능력을 과대평가했다.,
1,4,a-,강조(intensive),arise,"발생하다, 생기다",A considerable wind arose during the night.,arise,low,What does arise mean?,"발생하다, 생기다",etymology,101,DAY 04,4,강조(intensive),a(intensive) + rise → 매우 올라오다,밤사이에 상당한 바람이 일었다.,
1,4,a-,강조(intensive),awake,"잠들지 않은, 깨어 있는",She was awake when I came home.,awake,low,What does awake mean?,"잠들지 않은, 깨어 있는",etymology,102,DAY 04,4,강조(intensive),a(intensive) + wake(깨어나다) → 잠에서 깨어난,내가 집에 왔을 때 그녀는 잠들지 않고 있었다.,
1,4,a-,강조(intensive),amaze,깜짝 놀라게 하다,The size of the building amazed the visitors.,amaze|amazing|amazement,low,What does amaze mean?,깜짝 놀라게 하다,etymology,103,DAY 04,4,강조(intensive),a(intensive) + maze(=masian: overwhelm with wonder) → 놀라서 당황하게 하다,그 건물의 크기가 방문객들을 놀라게 했다.,
1,4,a-,강조(intensive),abide,"참다, 견디다",I can’t abide hot and humid weather.,abide,low,What does abide mean?,"참다, 견디다",etymology,104,DAY 04,4,강조(intensive),a(intensive) + bide(= bidan: endure 견디다) → 참고 견디다,나는 고온다습한 날씨를 참을 수가 없다.,
1,4,a-,강조(intensive),ashamed,"부끄러운, 수치스러운",I feel ashamed that I’ve been lazy.,ashamed,low,What does ashamed mean?,"부끄러운, 수치스러운",etymology,105,DAY 04,4,강조(intensive),a(intensive) + shamed(= scamian: be ashamed) → 몹시 창피를 당한,나는 게을렀던 것에 부끄러운 기분이 든다.,
1,4,de-,"아래로(down), 떨어져, 멀리(away, off), 반대(opposite), 강조(intensive)",depress,"우울하게 하다, 불경기가 되게 하다",Don’t let this news depress you too much.,depress|depression|depressed,low,What does depress mean?,"우울하게 하다, 불경기가 되게 하다",etymology,106,DAY 04,1,"아래로(down), 떨어져, 멀리(away, off), 반대(opposite), 강조(intensive)",de(= down) + press(누르다) → 내리누르다,이 소식이 당신을 지나치게 우울하게 하지 않도록 하세요.,
1,4,de-,"아래로(down), 떨어져, 멀리(away, off), 반대(opposite), 강조(intensive)",despise,"경멸하다, 얕보다, 혐오하다",She despised him for his arrogance.,despise,low,What does despise mean?,"경멸하다, 얕보다, 혐오하다",etymology,107,DAY 04,1,"아래로(down), 떨어져, 멀리(away, off), 반대(opposite), 강조(intensive)",de(= down) + spise(= spicere: look at) → 아래로 보다,그녀는 그의 거만함에 대해 그를 경멸했다,
1,4,de-,"아래로(down), 떨어져, 멀리(away, off), 반대(opposite), 강조(intensive)",delay,"미루다, 늦추다, 연기하다 n. 지체, 연기",He delayed his journey for several months.,delay,low,What does delay mean?,"미루다, 늦추다, 연기하다 n. 지체, 연기",etymology,108,DAY 04,1,"아래로(down), 떨어져, 멀리(away, off), 반대(opposite), 강조(intensive)","de(= away) + lay(= leave) → (일, 약속 등을) 멀리 떼어 두다",그는 수개월 동안 여행을 미뤘다.,
1,4,de-,"아래로(down), 떨어져, 멀리(away, off), 반대(opposite), 강조(intensive)",deviate,"벗어나다, 일탈하다",Sailors had to deviate from their normal course.,deviate|deviation,low,What does deviate mean?,"벗어나다, 일탈하다",etymology,109,DAY 04,1,"아래로(down), 떨어져, 멀리(away, off), 반대(opposite), 강조(intensive)",de(= off) + vi(= via: way) + ate(접사) → 길에서 벗어나다[떨어져 나가다],선원들은 정상적인 항로에서 벗어나야만 했다.,
1,4,de-,"아래로(down), 떨어져, 멀리(away, off), 반대(opposite), 강조(intensive)",deregulate,규제를 철폐하다,He explained the need to deregulate the telecom industry.,deregulate|deregulation,low,What does deregulate mean?,규제를 철폐하다,etymology,110,DAY 04,1,"아래로(down), 떨어져, 멀리(away, off), 반대(opposite), 강조(intensive)",de(= away) + regul(= regula: ruler) + ate(접사) → 통치자를 멀리 두다 → 규제를 풀다,그는 이동 통신 산업의 규제를 철폐할 필요성을 설명했다.,
1,4,de-,"아래로(down), 떨어져, 멀리(away, off), 반대(opposite), 강조(intensive)",destabilize,불안정하게 만들다,An economic crisis can destabilize democracy.,destabilize,low,What does destabilize mean?,불안정하게 만들다,etymology,111,DAY 04,1,"아래로(down), 떨어져, 멀리(away, off), 반대(opposite), 강조(intensive)",de(= away) + sta(= stand) + bil(접사) + ize(접사) → 서 있는[안정된] 상태에서 벗어나게 하다,경제 위기가 민주주의를 불안정하게 만들 수 있다.,
1,4,de-,"아래로(down), 떨어져, 멀리(away, off), 반대(opposite), 강조(intensive)",defrost,"해동하다, 성에를 제거하다",A microwave oven saves a great deal of time in defrosting food.,defrost,low,What does defrost mean?,"해동하다, 성에를 제거하다",etymology,112,DAY 04,1,"아래로(down), 떨어져, 멀리(away, off), 반대(opposite), 강조(intensive)",de(= opposite) + frost(성에가 끼다) → 얼어 있는 것을 녹이다,전자레인지는 음식을 해동할 때 많은 시간을 절약해준다.,
1,4,de-,"아래로(down), 떨어져, 멀리(away, off), 반대(opposite), 강조(intensive)",decode,"해독하다, 이해하다",He helped decode many enemy messages.,decode|decoder,low,What does decode mean?,"해독하다, 이해하다",etymology,113,DAY 04,1,"아래로(down), 떨어져, 멀리(away, off), 반대(opposite), 강조(intensive)",de(= opposite) + code(부호로 처리하다) → 부호화한 것을 풀다,그는 적의 많은 메시지를 해독하는 것을 도와주었다.,
1,4,de-,"아래로(down), 떨어져, 멀리(away, off), 반대(opposite), 강조(intensive)",demerit,"단점, 결점, 약점",What are the merits and demerits of free trade?,demerit,low,What does demerit mean?,"단점, 결점, 약점",etymology,114,DAY 04,1,"아래로(down), 떨어져, 멀리(away, off), 반대(opposite), 강조(intensive)",de(= opposite) + merit(장점) → 장점의 반대,자유 무역의 장점과 단점은 무엇인가?,
1,4,de-,"아래로(down), 떨어져, 멀리(away, off), 반대(opposite), 강조(intensive)",declare,"선언하다, 신고하다",The government has declared a state of emergency.,declare|eclaration|declarable,low,What does declare mean?,"선언하다, 신고하다",etymology,115,DAY 04,1,"아래로(down), 떨어져, 멀리(away, off), 반대(opposite), 강조(intensive)",de(intensive) + clare(= clarare: clarify 명확하게 하다) → 분명히 하다,정부는 비상사태를 선언했다.,
1,4,under-,아래에(beneath),undergraduate,대학생 a. 대학생의,Tom and Jane met when they were undergraduates at Oxford.,undergraduate,mid,What does undergraduate mean?,대학생 a. 대학생의,etymology,116,DAY 04,2,아래에(beneath),under(= beneath) + gradu(= gradus: step) + ate(접사) → 단계를 밟아 학위를 받은 사람[졸업생]보다 아랫사람,Tom과 Jane은 Oxford 대학생일 때 만났다.,
1,4,under-,아래에(beneath),underdeveloped,"저개발[후진]의, 발달이 불충분한",What would it take for underdeveloped countries to become developed?,underdeveloped|underdevelop|underdevelopment,mid,What does underdeveloped mean?,"저개발[후진]의, 발달이 불충분한",etymology,117,DAY 04,2,아래에(beneath),under(= beneath) + de(= undo) + velop(= veloper: wrap up) + ed(접사) → 감싸 놓은 것을 벗기는 것[발전]이 불충분한,저개발 국가가 개발되기 위해서 무엇이 필요할 것인가?,
1,4,under-,아래에(beneath),underestimate,"과소평가하다, 너무 적게 추산하다",I wouldn’t underestimate him if I were you.,underestimate,mid,What does underestimate mean?,"과소평가하다, 너무 적게 추산하다",etymology,118,DAY 04,2,아래에(beneath),under(= beneath) + estim(= aestimatus: value) + ate(접사) → 가치를 너무 낮게 평가하다,내가 너라면 나는 그를 과소평가하지 않겠어.,
1,4,under-,아래에(beneath),undergo,"겪다, 참다",The country has undergone many changes recently.,undergo,low,What does undergo mean?,"겪다, 참다",etymology,119,DAY 04,2,아래에(beneath),"under(= beneath) + go → (일, 곤란 등의) 아래로 가다",그 국가는 최근에 많은 변화를 겪어 왔다.,
1,4,under-,아래에(beneath),undermine,"약화시키다, ~의 밑을 파다",Criticism can undermine children’s confidence.,undermine,low,What does undermine mean?,"약화시키다, ~의 밑을 파다",etymology,120,DAY 04,2,아래에(beneath),under(= beneath) + mine(= dig) → 아래를 파다,비난은 아이들의 자신감을 약화시킬 수 있다.,
1,4,under-,아래에(beneath),underground,"지하의, 비밀의 n. 지하 (조직) adv. 지하에서, 비밀리에",The parking garage is underground.,underground,low,What does underground mean?,"지하의, 비밀의 n. 지하 (조직) adv. 지하에서, 비밀리에",etymology,121,DAY 04,2,아래에(beneath),"under(= beneath) + ground(땅, 지면) → 땅 아래의",주차장은 지하에 있다.,
1,4,under-,아래에(beneath),underline,"밑줄을 긋다, 강조하다 n. 밑줄",All the mistakes had been underlined in red ink.,underline,low,What does underline mean?,"밑줄을 긋다, 강조하다 n. 밑줄",etymology,122,DAY 04,2,아래에(beneath),under(= beneath) + line(선을 긋다) → 아래에 선을 긋다,모든 실수는 빨간색 잉크로 밑줄이 그어져 있었다.,
1,4,under-,아래에(beneath),undershirt,"속옷, 내의",His undershirt is wet with sweat.,undershirt,low,What does undershirt mean?,"속옷, 내의",etymology,123,DAY 04,2,아래에(beneath),under(= beneath) + shirt → 셔츠 안쪽에 입는 옷,그의 속옷은 땀으로 젖어 있다.,
1,4,under-,아래에(beneath),underlie,"~의 기저를 이루다, ~의 밑에 있다",A theme of love underlies much of his writing.,underlie,low,What does underlie mean?,"~의 기저를 이루다, ~의 밑에 있다",etymology,124,DAY 04,2,아래에(beneath),under(= beneath) + lie(놓여 있다) → 아래에 놓여 있다,사랑이란 테마는 그의 글의 상당 부분의 기저를 이룬다.,
1,4,under-,아래에(beneath),understand,"알아듣다, 이해하다",Jessie spoke slowly so that everyone could understand.,understand|understandable,low,What does understand mean?,"알아듣다, 이해하다",etymology,125,DAY 04,2,아래에(beneath),under(= beneath) + stand → (상대방의) 아래 입장에 서 보다,Jessie는 모든 사람이 알아들을 수 있도록 천천히 말했다.,
1,5,sub-/sup-,"아래에, 밑에(under, underneath, beneath)",submarine,"해저의, 잠수함의 n. 잠수함",Seaweed is a submarine plant.,submarine,low,What does submarine mean?,"해저의, 잠수함의 n. 잠수함",etymology,126,DAY 05,3,"아래에, 밑에(under, underneath, beneath)",sub(= under) + marine(바다의) → 바다 밑의,해초는 해저에 사는 식물이다.,
1,5,sub-/sup-,"아래에, 밑에(under, underneath, beneath)",subscribe,"구독하다, 가입하다, 기부하다",You can subscribe to the magazine for $24 a year.,subscribe|subscription|subscriber,low,What does subscribe mean?,"구독하다, 가입하다, 기부하다",etymology,127,DAY 05,3,"아래에, 밑에(under, underneath, beneath)",sub(= underneath) + scribe(=write) → 서류의 아랫부분에 서명하다,여러분은 일 년에 24달러로 잡지를 구독할 수 있습니다.,
1,5,sub-/sup-,"아래에, 밑에(under, underneath, beneath)",subtitle,"부제, 자막 v. 부제를 달다, 자막 처리를 하다",The opera’s subtitle is “Goodness Triumphant.”,subtitle,low,What does subtitle mean?,"부제, 자막 v. 부제를 달다, 자막 처리를 하다",etymology,128,DAY 05,3,"아래에, 밑에(under, underneath, beneath)","sub(= under) + title → 아래에 있는 제목, 부가 제목",그 오페라의 부제는 ‘Goodness Triumphant’이다.,
1,5,sub-/sup-,"아래에, 밑에(under, underneath, beneath)",submerge,"물속에 잠기게 하다, 잠수하다",The island was submerged by the sea.,submerge,low,What does submerge mean?,"물속에 잠기게 하다, 잠수하다",etymology,129,DAY 05,3,"아래에, 밑에(under, underneath, beneath)","sub(= under) + merge(= immerse: 담그다, 적시다) → 물 아래 빠뜨리다",그 섬은 바다에 잠겼다.,
1,5,sub-/sup-,"아래에, 밑에(under, underneath, beneath)",subdue,"진압하다, 억누르다",The police managed to subdue the riot.,subdue,low,What does subdue mean?,"진압하다, 억누르다",etymology,130,DAY 05,3,"아래에, 밑에(under, underneath, beneath)",라틴어 subdere(= place beneath)에서 유래 → 아래에 놓다,경찰은 폭동을 가까스로 진압했다.,
1,5,sub-/sup-,"아래에, 밑에(under, underneath, beneath)",supplement,"보충[추가](물), 부록 v. 부가하다, 보완하다",Kevin sometimes eats fish as a supplement to his vegetarian diet.,supplement|supplementary,low,What does supplement mean?,"보충[추가](물), 부록 v. 부가하다, 보완하다",etymology,131,DAY 05,3,"아래에, 밑에(under, underneath, beneath)",sup(= up from below) + ple(= fill) + ment(접사) → 부족한 아랫부분을 채운 것,Kevin은 이따금씩 자신의 채식에 대한 보충물로 생선을 먹는다.,
1,5,sub-/sup-,"아래에, 밑에(under, underneath, beneath)",support,"지지하다, 부양하다, 받치다 n. 지지, 부양, 받침","No matter what you decide, I will support your decision.",support|supportive,low,What does support mean?,"지지하다, 부양하다, 받치다 n. 지지, 부양, 받침",etymology,132,DAY 05,3,"아래에, 밑에(under, underneath, beneath)",sup(= up from under) + port(= carry) → 아래에서 위로 나르다,네가 무엇을 결정하든지 나는 너의 결정을 지지할 거야.,
1,5,sub-/sup-,"아래에, 밑에(under, underneath, beneath)",suppress,"억누르다, 억압하다","He tried to suppress his anger, but it was out of control.",suppress|uppression|suppressive,low,What does suppress mean?,"억누르다, 억압하다",etymology,133,DAY 05,3,"아래에, 밑에(under, underneath, beneath)",sup(= under) + press(= push against) → 맞서는 것에 대항하여 아래로 누르다,그는 화를 억누르려고 노력했으나 그것은 통제가 불가능했다.,
1,5,ant-/anti-,"반대하여, 대항하여(opposite, against)",antonym,반의어,,antonym,low,What does antonym mean?,반의어,etymology,134,DAY 05,1,"반대하여, 대항하여(opposite, against)",ant(= opposite) + onym(= name) → 반대되는 말[명칭],‘Hot’ is the antonym of ‘cold.’ ‘hot’은 ‘cold’의 반의어이다.,
1,5,ant-/anti-,"반대하여, 대항하여(opposite, against)",antarctic,남극의 n. 남극,Do you know that penguins live in the Antarctic?,antarctic,low,What does antarctic mean?,남극의 n. 남극,etymology,135,DAY 05,1,"반대하여, 대항하여(opposite, against)",ant(= opposite) + arctic(= arctic: 북극(의)) → 북극의 반대편,펭귄이 남극에 사는 것을 아니?,
1,5,ant-/anti-,"반대하여, 대항하여(opposite, against)",antipathy,반감,There has been strong antipathy between the two groups.,antipathy,low,What does antipathy mean?,반감,etymology,136,DAY 05,1,"반대하여, 대항하여(opposite, against)",anti(= against) + pathy(= feeling) → 반대의 감정,두 단체 사이에 강한 반감이 있어왔다.,
1,5,ant-/anti-,"반대하여, 대항하여(opposite, against)",anticommunism,반공주의,"When anticommunism began to spread, he was arrested.",anticommunism|anticommunist,mid,What does anticommunism mean?,반공주의,etymology,137,DAY 05,1,"반대하여, 대항하여(opposite, against)",anti(= against) + commun(= common) + ism(접사) → 공산주의에 반대하는 사상,"반공주의가 확산되기 시작할 때, 그는 체포되었다.",
1,5,ant-/anti-,"반대하여, 대항하여(opposite, against)",antibody,항체,An antibody is a substance produced by the body to fight,antibody|antibiotic,low,What does antibody mean?,항체,etymology,138,DAY 05,1,"반대하여, 대항하여(opposite, against)",anti(= against) + body → 병균에 대항하는 몸에 있는 물질,disease. 항체는 질병과 싸우기 위해 몸에서 만들어진 물질이다.,
1,5,ant-/anti-,"반대하여, 대항하여(opposite, against)",antisocial,"반사회적인, 비사교적인",Antisocial people avoid parties.,antisocial|antisocialist,low,What does antisocial mean?,"반사회적인, 비사교적인",etymology,139,DAY 05,1,"반대하여, 대항하여(opposite, against)",anti(= against) + soci(= partner) +al(접사) → 파트너와 함께하려고 하지 않는,비사교적인 사람들은 파티를 피한다.,
1,5,counter-/contra-/contro,"대항하여, 반대하여(against, opposite)",counteract,"(악영향에) 대응하다, 중화시키다, 거꾸로 행동하다",The new drug will counteract the poison.,counteract|counteraction|counteractive,low,What does counteract mean?,"(악영향에) 대응하다, 중화시키다, 거꾸로 행동하다",etymology,140,DAY 05,2,"대항하여, 반대하여(against, opposite)",counter(= against) + act → 대항해서 역으로 작용하다,그 신약은 독성을 중화시켜줄 것이다.,
1,5,counter-/contra-/contro,"대항하여, 반대하여(against, opposite)",counterpart,"상대, 대응 관계에 있는 사람[것]",The sales manager phoned his counterpart in the other firm.,counterpart,low,What does counterpart mean?,"상대, 대응 관계에 있는 사람[것]",etymology,141,DAY 05,2,"대항하여, 반대하여(against, opposite)",counter(= against) + part → 대응되는 다른 한 쪽,판매 담당자는 다른 회사의 상대 담당자에게 전화를 걸었다,
1,5,counter-/contra-/contro,"대항하여, 반대하여(against, opposite)",counterattack,"역습하다, 반격하다 n. 역습, 반격",The enemy counterattacked at night.,counterattack,mid,What does counterattack mean?,"역습하다, 반격하다 n. 역습, 반격",etymology,142,DAY 05,2,"대항하여, 반대하여(against, opposite)",counter(= against) + attack → 대항해서 역으로 공격하다,적은 밤에 역습했다.,
1,5,counter-/contra-/contro,"대항하여, 반대하여(against, opposite)",counterfeit,"위조 물건, 모조품, 가짜 a. 위조의, 가짜의 v. 위조하다",His signature turned out to be a counterfeit.,counterfeit,low,What does counterfeit mean?,"위조 물건, 모조품, 가짜 a. 위조의, 가짜의 v. 위조하다",etymology,143,DAY 05,2,"대항하여, 반대하여(against, opposite)","counter(= against) + feit(= faire: make, do) → 진짜에 대항하여 만들어진 것",그의 서명은 위조된 것임이 판명되었다.,
1,5,counter-/contra-/contro,"대항하여, 반대하여(against, opposite)",contrast,"대조, 대비, 차이 v. 대조하다, 대비하다",Her white dress contrasts sharply with the black background.,contrast,low,What does contrast mean?,"대조, 대비, 차이 v. 대조하다, 대비하다",etymology,144,DAY 05,2,"대항하여, 반대하여(against, opposite)",contra(= opposite) + st(= stare: stand) → 정반대의 위치에 있는 것,그녀의 하얀색 옷은 검은색 배경과 극명하게 대조를 이룬다.,
1,5,counter-/contra-/contro,"대항하여, 반대하여(against, opposite)",contrary,~와 정반대의 n. 정반대되는 것,The government’s actions are contrary to the public,contrary,low,What does contrary mean?,~와 정반대의 n. 정반대되는 것,etymology,145,DAY 05,2,"대항하여, 반대하여(against, opposite)",contra(= opposite) + ary(접사) → 어떤 것과 완전히 반대되는,interest. 정부의 조치는 대중의 관심사와 정반대이다.,
1,5,counter-/contra-/contro,"대항하여, 반대하여(against, opposite)",controversy,"논란, 논쟁",His latest book has created a lot of controversy.,controversy|controvert|controversial,low,What does controversy mean?,"논란, 논쟁",etymology,146,DAY 05,2,"대항하여, 반대하여(against, opposite)","contro(= against) + vers(= turn, change) + y(접사) → ~에 대항하여 역으로 말하는 것",그의 최근의 책은 많은 논란을 불러일으켰다.,
1,5,ob-/op-,"반대하여(against), 위에(over)",obvious,"명백한, 분명한",It’s obvious that something went wrong.,obvious|obviously,low,What does obvious mean?,"명백한, 분명한",etymology,147,DAY 05,3,"반대하여(against), 위에(over)",ob(= against) + vi(=way) + ous(접사) → 길에서 마주하고 있어서 잘 보이는,뭔가 잘못된 것이 분명하다.,apparent|evident|distinct|manifest
1,5,ob-/op-,"반대하여(against), 위에(over)",oblige,"의무적으로 ~하게 하다, 도움을 베풀다",The ship was obliged to change its course.,oblige|obligation|obligatory,low,What does oblige mean?,"의무적으로 ~하게 하다, 도움을 베풀다",etymology,148,DAY 05,3,"반대하여(against), 위에(over)",ob(= against) + lige(= ligare: bind) → 자유로운 생각에 반대되게 묶어 놓다,그 배는 경로를 바꿀 수밖에 없었다.,
1,5,ob-/op-,"반대하여(against), 위에(over)",obstacle,"걸림돌, 장애, 장애물",Fear of change is the main obstacle to progress.,obstacle,low,What does obstacle mean?,"걸림돌, 장애, 장애물",etymology,149,DAY 05,3,"반대하여(against), 위에(over)",ob(= against) + sta(= stand) + cle(접사) → ~에 대항하여 서 있는 것,변화에 대한 두려움이 발전에 대한 주된 걸림돌이다.,
1,5,ob-/op-,"반대하여(against), 위에(over)",obscure,"불분명한, 모호한, 잘 알려지지 않은 v. 모호하게 하다",The origin of the custom is obscure.,obscure|obscurity,low,What does obscure mean?,"불분명한, 모호한, 잘 알려지지 않은 v. 모호하게 하다",etymology,150,DAY 05,3,"반대하여(against), 위에(over)",ob(= over) + scurus(= covered) → (분명하게 보지 못하도록) 위에서 덮어 놓은,그 풍습의 기원은 불분명하다.,vague|ambiguous
1,5,ob-/op-,"반대하여(against), 위에(over)",obstinate,"고집 센, 완강한",He is always obstinate in his opinion.,obstinate|obstinacy,low,What does obstinate mean?,"고집 센, 완강한",etymology,151,DAY 05,3,"반대하여(against), 위에(over)",ob(= against) + stin(= stinare: stand) + ate(접사) → 대항하여 자신의 입장을 고수하며 서 있는,그는 항상 자신의 의견에 고집이 세다.,
1,5,ob-/op-,"반대하여(against), 위에(over)",opposite,"정반대의, 마주 보는 n. 정반대의 사람[것]",The two boys ran in opposite directions.,opposite|oppose|opposition,low,What does opposite mean?,"정반대의, 마주 보는 n. 정반대의 사람[것]",etymology,152,DAY 05,3,"반대하여(against), 위에(over)",op(= against) + pos(e)(= poser: place) + ite(접사) → 마주 보는 곳에 위치한,그 두 소년은 정반대 방향으로 뛰어갔다.,
1,5,sec(t)-/se-,"떼어내서(apart), 자르다(cut)",sector,"부문, 분야, 부채꼴",Tourism is a key sector in Italy’s economy.,sector,low,What does sector mean?,"부문, 분야, 부채꼴",etymology,157,DAY 05,1,"떼어내서(apart), 자르다(cut)",sec(= cut) + tor(접사) → 자르기,관광은 이탈리아의 경제에 핵심적인 부문이다.,
1,5,sec(t)-/se-,"떼어내서(apart), 자르다(cut)",segregate,"차별하다, 분리하다",Some cultures still segregate minorities.,segregate|segregation,low,What does segregate mean?,"차별하다, 분리하다",etymology,158,DAY 05,1,"떼어내서(apart), 자르다(cut)",se(= apart) + greg(= flock) + ate(접사) → 따로 모으다,몇몇 문화들은 여전히 소수자들을 차별한다.,
1,5,sec(t)-/se-,"떼어내서(apart), 자르다(cut)",select,"선택하다, 선발하다 a. 선발된, 선택된",Please select at least one service.,select|selection,low,What does select mean?,"선택하다, 선발하다 a. 선발된, 선택된",etymology,159,DAY 05,1,"떼어내서(apart), 자르다(cut)",se(= apart) + lect(= legere: gather) → 따로 떼어 모으다,최소한 하나의 서비스를 선택하세요.,
1,5,sec(t)-/se-,"떼어내서(apart), 자르다(cut)",separate,"분리하다, 떼어놓다 a. 개별적인",Separate the eggs first.,separate|separation,low,What does separate mean?,"분리하다, 떼어놓다 a. 개별적인",etymology,160,DAY 05,1,"떼어내서(apart), 자르다(cut)",se(= apart) + par(= get ready) + ate(접사) → 따로 떼어 준비하다,달걀을 먼저 (흰자와 노른자로) 분리하세요.,
1,6,a(b)-,"향하여(to), 떨어진(away, off)",abandon,"포기하다, 버리다, 떠나다",We had to abandon our homes to enemies.,abandon|abandonment,low,What does abandon mean?,"포기하다, 버리다, 떠나다",etymology,161,DAY 05,2,"향하여(to), 떨어진(away, off)",a(= ad: to) + bandon(= power) → 힘에 굴복하다,우리는 적들에게 우리의 집들을 내주어야 했다.,
1,6,a(b)-,"향하여(to), 떨어진(away, off)",absence,"결석, 부재",His house was hit by a storm during his absence.,absence|absent,low,What does absence mean?,"결석, 부재",etymology,162,DAY 05,2,"향하여(to), 떨어진(away, off)",라틴어 absent(= be away)에서 유래 → 존재하지 않음,그의 부재중에 집이 폭풍의 타격을 받았다.,
1,6,a(b)-,"향하여(to), 떨어진(away, off)",abstract,추상적인 n. (논문의) 초록,Peace is an abstract idea.,abstract,mid,What does abstract mean?,추상적인 n. (논문의) 초록,etymology,163,DAY 06,2,"향하여(to), 떨어진(away, off)",ab(s)(= ab: away) + tract(= draw) → 세상의 관심으로부터 먼,평화는 추상적인 생각이다.,
1,6,a(b)-,"향하여(to), 떨어진(away, off)",abnormal,"비정상적인, 이상한",They thought his weird behavior was abnormal.,abnormal,low,What does abnormal mean?,"비정상적인, 이상한",etymology,164,DAY 06,2,"향하여(to), 떨어진(away, off)",ab(= off) + norm(= rule) + al(접사) → 규칙으로부터 떨어진,그들은 그의 괴상한 행동이 비정상이라고 생각했다..,weird|odd|peculiar|bizarre
1,6,a(b)-,"향하여(to), 떨어진(away, off)",absurd,"말도 안 되는, 황당한",To say that young people never read is absurd.,absurd,low,What does absurd mean?,"말도 안 되는, 황당한",etymology,165,DAY 06,2,"향하여(to), 떨어진(away, off)",라틴어 absurdus(= out of tune)에서 유래 → 곡조가 맞지 않는,젊은이들이 절대 읽지 않는다고 말하는 것은 말도 안 되는 소리이다.,
1,6,co-/col-/com-/con-,함께(together),coed,"남녀혼성의, 남녀공학의, 남녀공용의",The boys and girls played a coed soccer game.,coed,low,What does coed mean?,"남녀혼성의, 남녀공학의, 남녀공용의",etymology,166,DAY 06,3,함께(together),co(= together) + ed(= educational) → 남녀공학의,소년과 소녀들은 혼성 축구 경기를 했다.,
1,6,co-/col-/com-/con-,함께(together),coexist,"공존하다, 같은 때에 존재하다",Different traditions coexist peacefully side by side.,coexist|coexistence,low,What does coexist mean?,"공존하다, 같은 때에 존재하다",etymology,167,DAY 06,3,함께(together),co(= together) + exist(존재하다) → 같이 존재하다,다양한 전통들이 나란히 평화롭게 공존한다.,
1,6,co-/col-/com-/con-,함께(together),collaborate,"협력하다, 공동으로 하다",She agreed to collaborate with him for the project.,collaborate|collaboration,low,What does collaborate mean?,"협력하다, 공동으로 하다",etymology,168,DAY 06,3,함께(together),col(= together) + labor(= work) + ate(접사) → 함께 일하다,그녀는 그 프로젝트를 위해 그와 협력하기로 동의했다.,
1,6,co-/col-/com-/con-,함께(together),combine,"결합시키다, 단합하다",They could combine their jobs and their hobbies.,combine,low,What does combine mean?,"결합시키다, 단합하다",etymology,169,DAY 06,3,함께(together),com(= together) + bine(= bini: two by two) → 합치다,그들은 직업과 취미를 결합시킬 수 있었다.,
1,6,co-/col-/com-/con-,함께(together),committee,위원회,The members of the committee sat around the table.,committee,low,What does committee mean?,위원회,etymology,170,DAY 06,3,함께(together),com(= together) + mitt(= mittere: send) + ee(접사) → 함께 보내는 사람들,위원회 구성원들이 탁자 주위에 앉았다.,
1,6,co-/col-/com-/con-,함께(together),compassion,"동정심, 연민",He was moved with compassion at the sight.,compassion|compassionate,low,What does compassion mean?,"동정심, 연민",etymology,171,DAY 06,3,함께(together),com(= together) + pass(= pati: suffer) + ion(접사) → 같이 고통스러워함,그는 그 광경을 보고 동정심을 느꼈다.,
1,6,co-/col-/com-/con-,함께(together),compose,"구성하다, 작곡하다, 작문하다",Facts alone do not compose a piece of writing.,compose|composition,low,What does compose mean?,"구성하다, 작곡하다, 작문하다",etymology,172,DAY 06,3,함께(together),com(= together) + pose(= pausa: pause) → 같은 곳에 놓다,사실들만으로 한 편의 글을 구성하는 것은 아니다.,
1,6,co-/col-/com-/con-,함께(together),concentrate,집중하다,Classical music helps us concentrate better.,concentrate|concentration,low,What does concentrate mean?,집중하다,etymology,173,DAY 06,3,함께(together),con(= together) + centr(= center) + ate(접사) → 중앙으로 모으다,고전 음악은 우리가 더 잘 집중하도록 돕는다.,
1,6,co-/col-/com-/con-,함께(together),conform,"따르다, 순응시키다[하다], 부합하다",Products must conform to national standards.,conform|conformity,low,What does conform mean?,"따르다, 순응시키다[하다], 부합하다",etymology,174,DAY 06,3,함께(together),con(= together) + form → 형태를 같게 하다,제품들은 국가적인 기준에 따라야 한다.,
1,6,co-/col-/com-/con-,함께(together),connect,"연결하다, 연관시키다, 친해지다",Could you connect me to room 512?,connect|connection,low,What does connect mean?,"연결하다, 연관시키다, 친해지다",etymology,175,DAY 06,3,함께(together),con(= together) + nect(= nectere: tie) → 한데 묶다,512호로 연결해 주시겠습니까?,
1,6,co-/col-/com-/con-,함께(together),contemporary,"현대의, 동시대의 n. 동시대 사람",Contemporary art focuses on social issues.,contemporary,low,What does contemporary mean?,"현대의, 동시대의 n. 동시대 사람",etymology,176,DAY 06,3,함께(together),con(= together) + tempor(= time) + ary(접사) → 같은 시대와 연관된,현대 미술은 사회적인 문제에 집중한다.,
1,6,co-/col-/com-/con-,함께(together),converge,한 점[선]에 모이다,"As the rivers flow south, they converge.",converge,low,What does converge mean?,한 점[선]에 모이다,etymology,177,DAY 06,3,함께(together),con(= together) + verge(= bend: 굽히다) → 한데로 굽혀지다,"강이 남쪽으로 흐르면서, 그것들은 한 점에서 모인다.",
1,6,co-/col-/com-/con-,함께(together),converse,"대화하다, 서로 이야기하다",She doesn’t converse with people outside of the family.,converse|conversation,low,What does converse mean?,"대화하다, 서로 이야기하다",etymology,178,DAY 06,3,함께(together),con(= together) + verse(= a line of poetry) → 함께 시를 읊다,그녀는 가족 밖의 사람들과 이야기를 하지 않는다.,
1,6,co-/col-/com-/con-,함께(together),concord,"(의견, 이해의) 일치, (사물 간의) 화합, 조화",Two tribes solved the problem in concord with each other.,concord,low,What does concord mean?,"(의견, 이해의) 일치, (사물 간의) 화합, 조화",etymology,179,DAY 06,3,함께(together),con(= together) + cord(= cor: heart) → 같은 마음,두 부족은 서로 화합하여 문제를 해결했다.,
1,6,co-/col-/com-/con-,함께(together),cooperate,협력하다,The people I work with cooperate to get the job done.,cooperate|cooperation,low,What does cooperate mean?,협력하다,etymology,180,DAY 06,3,함께(together),co(= together) + operate(= work) → 같이 일하다,나와 같이 일하는 사람들은 일을 완수하기 위해 협력한다.,
1,6,co-/col-/com-/con-,함께(together),coordinate,"조정하다, 통합하다, 조화시키다",The brain coordinates the body’s muscle movements.,coordinate|coordination,low,What does coordinate mean?,"조정하다, 통합하다, 조화시키다",etymology,181,DAY 06,3,함께(together),co(= together) + ordin(= order) + ate(접사) → 동등하게 정리하다,뇌는 신체의 근육 움직임을 조정한다.,
1,6,sym-/syn-,함께(together),symbol,"상징, 기호, 모양",White is a symbol of purity in Western cultures.,symbol,low,What does symbol mean?,"상징, 기호, 모양",etymology,182,DAY 06,1,함께(together),sym(= together) + bol(= bole: throw) → 함께 던짐 → 함께 던져 표시함,흰색은 서양 문화에서 순수의 상징이다.,sign|indicator|signal
1,6,sym-/syn-,함께(together),symmetry,"대칭, 균형",Ancient Chinese architecture emphasized symmetry in its,symmetry,low,What does symmetry mean?,"대칭, 균형",etymology,183,DAY 06,1,함께(together),sym(= together) + metry(=meter: measure) → 같은 치수,designs. 중국의 고대 건축 양식은 설계에 대칭을 강조했다.,
1,6,sym-/syn-,함께(together),sympathy,"동정, 연민, 동조, 공감",We feel sympathy for a sick person.,sympathy|ympathize|sympathetic,low,What does sympathy mean?,"동정, 연민, 동조, 공감",etymology,184,DAY 06,1,함께(together),sym(= together) + path(= feeling) + y(접사) → 함께 느낌,우리는 아픈 사람에게 동정을 느낀다.,
1,6,sym-/syn-,함께(together),synchronize,"동시에 발생하다, 동시에 움직이다, 일치시키다",The synchronized explosions brought chaos to the city center.,synchronize,low,What does synchronize mean?,"동시에 발생하다, 동시에 움직이다, 일치시키다",etymology,185,DAY 06,1,함께(together),syn(= together) + chron(= time) + ize(접사) → 동시에 일어나다,동시에 발생한 폭발이 도시 중심부에 혼돈을 가져왔다.,
1,6,sym-/syn-,함께(together),synonym,"동의어, 유의어",‘Sad’ and ‘unhappy’ are synonyms.,synonym|synonymous,low,What does synonym mean?,"동의어, 유의어",etymology,186,DAY 06,1,함께(together),syn(= together) + onym(= name) → 같은 이름,‘sad’와 ‘unhappy’는 동의어이다.,
1,6,sym-/syn-,함께(together),synopsis,"(글, 희곡 등의) 개요",For each title there is a brief synopsis of the book.,synopsis,low,What does synopsis mean?,"(글, 희곡 등의) 개요",etymology,187,DAY 06,1,함께(together),syn(= together) + opsis(= sight) → 함께 봄 → 함께 추린 내용,각 제목마다 책의 간략한 개요가 나와 있다.,
1,6,sym-/syn-,함께(together),synthetic,"합성의, 종합의",The rug is made from a mixture of wool and synthetic fibers.,synthetic|synthesize|synthesis,low,What does synthetic mean?,"합성의, 종합의",etymology,188,DAY 06,1,함께(together),syn(= together) + the(= place) + t(= tos: 접사) + ic(접사) → 함께 놓아두는,그 깔개는 양모와 합성 섬유 혼합물로 만들었다.,
1,7,il-/im-/in-/ir-,부정(not),illegal,불법적인,It is illegal to sell cigarettes to anyone under 19,illegal|illegality,low,What does illegal mean?,불법적인,etymology,189,DAY 07,2,부정(not),il(= not) + leg(= law) + al(접사) → 법을 지키지 않는,19세 미만의 누구에게든 담배를 파는 것은 불법이다.,
1,7,il-/im-/in-/ir-,부정(not),illiterate,"문맹의, (특정 분야에 대해) 잘 모르는",,illiterate|illiteracy,low,What does illiterate mean?,"문맹의, (특정 분야에 대해) 잘 모르는",etymology,190,DAY 07,2,부정(not),il(= not) + liter(= letter) + ate(접사) → 글자를 모르는,I’m computer illiterate. 나는 컴맹이다.,
1,7,il-/im-/in-/ir-,부정(not),immortal,"죽지 않는, 불후의, 불멸의 n. 불멸의 인물, 신",A man’s soul is said to be immortal.,immortal|immortality,low,What does immortal mean?,"죽지 않는, 불후의, 불멸의 n. 불멸의 인물, 신",etymology,191,DAY 07,2,부정(not),im(= not) + mort(= death) + al(접사) → 죽지 않는,인간의 영혼은 불멸이라고들 한다.,
1,7,il-/im-/in-/ir-,부정(not),immune,"면역성이 있는, 영향을 받지 않는, 면제되는","Once you’ve had the virus, you are immune to it.",immune|immunity,low,What does immune mean?,"면역성이 있는, 영향을 받지 않는, 면제되는",etymology,192,DAY 07,2,부정(not),im(= not) + mune(=munis: performing services) → 근무 수행이 필요 없는 → 면제되는,"그 바이러스에 한번 걸린 적이 있으면, 그것에 면역성이 있게 된다.",
1,7,il-/im-/in-/ir-,부정(not),impatience,"성급함, 조급, 못 견딤",The dog waited for Amy with impatience.,impatience|impatient,low,What does impatience mean?,"성급함, 조급, 못 견딤",etymology,193,DAY 07,2,부정(not),im(= not) + pati(= suffer) + ence(접사) → 견디지 못함,그 개는 Amy를 조급하게 기다렸다.,
1,7,il-/im-/in-/ir-,부정(not),impractical,"비실용적인, 비현실적인",It would be impractical to try out every single new idea.,impractical,low,What does impractical mean?,"비실용적인, 비현실적인",etymology,194,DAY 07,2,부정(not),im(= not) + practic(= use) + al(접사) → 쓸모가 없는,새 아이디어를 하나하나 모조리 시험해보는 것은 비실용적일 것이다.,
1,7,il-/im-/in-/ir-,부정(not),inability,"무능력, 할 수 없음",Tony’s inability to get the joke bothered me.,inability,low,What does inability mean?,"무능력, 할 수 없음",etymology,195,DAY 07,2,부정(not),in(= not) + abil(= habilis: handy) + ity(접사) → 손재주가 없음,Tony가 농담을 이해하지 못해 나는 신경이 쓰였다.,
1,7,il-/im-/in-/ir-,부정(not),inadequate,"부적당한, 부적절한, 불충분한, 부족한",The building’s electrical system was completely inadequate.,inadequate|inadequacy,low,What does inadequate mean?,"부적당한, 부적절한, 불충분한, 부족한",etymology,196,DAY 07,2,부정(not),in(= not) + ad(= to) + equ(= equal) + ate(접사) → 동등하지 않은 → 적당하지 않은,그 건물의 전기 시스템은 매우 부적절했다.,
1,7,il-/im-/in-/ir-,부정(not),inappropriate,"부적절한, 부적합한",It would be wholly inappropriate for me to comment.,inappropriate,mid,What does inappropriate mean?,"부적절한, 부적합한",etymology,197,DAY 07,2,부정(not),in(= not) + ap(= ad: to) + propri(= one’s own) + ate(접사) → 자기 자신에게로 향할 수 없는,내가 논평을 하는 것은 전적으로 부적절할 것이다.,
1,7,il-/im-/in-/ir-,부정(not),indefinite,"애매한, 불명확한, 무기한의","He gave me an indefinite answer, i.e. neither yes nor no.",indefinite|indefinitely,low,What does indefinite mean?,"애매한, 불명확한, 무기한의",etymology,198,DAY 07,2,부정(not),in(= not) + de(= completely) + fin(= finire: limit) + ite(접사) → 완전히 제한하지 않는,"그는 나에게 애매한 대답을 주었는데, 즉, 긍정도 부정도 아니었다.",
1,7,il-/im-/in-/ir-,부정(not),indirect,"간접적인, 우회하는",She gave an indirect answer to my question.,indirect,low,What does indirect mean?,"간접적인, 우회하는",etymology,199,DAY 07,2,부정(not),in(= not) + di(= dis: apart) + rect(= guide) → 따로따로 안내하지 않는,그녀는 내 질문에 우회적으로 답변했다.,
1,7,il-/im-/in-/ir-,부정(not),inevitable,"불가피한, 피할 수 없는",War now seems almost inevitable.,inevitable|inevitability,mid,What does inevitable mean?,"불가피한, 피할 수 없는",etymology,200,DAY 07,2,부정(not),in(= not) + evit(e)(= avoid) + able(접사) → 피할 수 없는,이제 전쟁이 거의 불가피해 보인다.,
1,7,il-/im-/in-/ir-,부정(not),injustice,"부당함, 부당성",I cannot but protest against injustice.,injustice,low,What does injustice mean?,"부당함, 부당성",etymology,201,DAY 07,2,부정(not),in(= not) + just(= fair) + ice(접사) → 공정하지 않음,나는 부당함에 항의하지 않을 수 없다.,
1,7,il-/im-/in-/ir-,부정(not),innumerable,"셀 수 없이 많은, 무수한",There are innumerable examples of his generous nature.,innumerable,low,What does innumerable mean?,"셀 수 없이 많은, 무수한",etymology,202,DAY 07,2,부정(not),in(= not) + numer(= number) + able(접사) → 수를 매길 수 없는,그의 인자한 품성을 보여 주는 무수한 사례들이 있다.,
1,7,il-/im-/in-/ir-,부정(not),invalid,"효력 없는, 무효의, 타당하지 않은",Your ticket is invalid without the airline’s official stamp.,invalid|invalidity,low,What does invalid mean?,"효력 없는, 무효의, 타당하지 않은",etymology,203,DAY 07,2,부정(not),in(= not)+ val(= strong)+ id(접사) → 강력하지 않은 → 효력이 없는,항공사의 공식 인장이 없으면 네 항공권은 무효이다.,
1,7,il-/im-/in-/ir-,부정(not),invisible,"보이지 않는, 볼 수 없는, 무형의",She had a magic cloak that made her invisible.,invisible|invisibility,low,What does invisible mean?,"보이지 않는, 볼 수 없는, 무형의",etymology,204,DAY 07,2,부정(not),in(= not) + vis(= see) + ible(접사) → 볼 수 없는,그녀에게는 자신을 보이지 않게 만들어 주는 마법 망토가 있었다.,
1,7,il-/im-/in-/ir-,부정(not),irrational,"비이성적인, 비논리적인",Fighting hard to prevent such losses is not irrational.,irrational|irrationality,low,What does irrational mean?,"비이성적인, 비논리적인",etymology,205,DAY 07,2,부정(not),ir(= not) + ration(= reason) + al(접사) → 이성이 없는,그런 손실을 막기 위해 심하게 싸우는 것은 비이성적이지 않다.,
1,7,il-/im-/in-/ir-,부정(not),irreparable,"회복할 수 없는, 바로잡을 수 없는",The disease does irreparable damage to the nervous system.,irreparable,low,What does irreparable mean?,"회복할 수 없는, 바로잡을 수 없는",etymology,206,DAY 07,2,부정(not),ir(= not) + repar(= repair) + able(접사) → 회복할 수 없는,그 병은 신경계에 회복할 수 없는 손상을 준다.,
1,7,il-/im-/in-/ir-,부정(not),irresponsible,무책임한,"When it comes to money, Sarah is completely irresponsible.",irresponsible|irresponsibility|irresponsibly,mid,What does irresponsible mean?,무책임한,etymology,207,DAY 07,2,부정(not),ir(= not) + respons(= answer) + ible(접사) → 대답할 수 없는,"돈에 관해서라면, Sarah는 매우 무책임하다.",
1,7,un-,부정(not),unconscious,"의식 불명의, 무의식적인",He became unconscious after getting hit by a car.,unconscious|unconsciously|unconsciousness,low,What does unconscious mean?,"의식 불명의, 무의식적인",etymology,208,DAY 07,1,부정(not),un(= not) + con(= with) + sci(= know) + ous(접사) → 의식을 가지지 않은,그는 차에 치인 후로 의식 불명이 되었다.,
1,7,un-,부정(not),unknown,"알려지지 않은, 무명의",The secret of manufacturing the product remains unknown.,unknown,low,What does unknown mean?,"알려지지 않은, 무명의",etymology,209,DAY 07,1,부정(not),un(= not) + known(알려진) → 알려지지 않은,그 제품의 제조 비결이 여전히 알려져 있지 않다.,
1,7,un-,부정(not),unable,할 수 없는,He tried to meet Jane again but was unable to.,unable,low,What does unable mean?,할 수 없는,etymology,210,DAY 07,1,부정(not),un(= not) + able → 가능하지 않은,그는 Jane을 다시 만나려고 애썼지만 할 수 없었다.,
1,7,un-,부정(not),uncommon,"흔하지 않은, 드문",Side effects from the treatment are uncommon.,uncommon|uncommonness,low,What does uncommon mean?,"흔하지 않은, 드문",etymology,211,DAY 07,1,부정(not),un(= not) + common(흔한) → 흔하지 않은,그 치료로 인한 부작용은 흔하지 않다.,
1,7,un-,부정(not),unemployed,실직한,He’s been unemployed for a year.,unemployed|unemployment,low,What does unemployed mean?,실직한,etymology,212,DAY 07,1,부정(not),un(= not) + employed(고용된) → 고용되지 못한,그는 1년 동안 실직 상태이다.,
1,7,un-,부정(not),unfortunate,"불운의, 불행의",Our team was unfortunate to lose the game.,unfortunate,low,What does unfortunate mean?,"불운의, 불행의",etymology,213,DAY 07,1,부정(not),un(= not) + fortun(= luck) + ate(접사) → 운이 좋지 않은 voca&voca : un(= reverse: 반대로) + 동사,우리 팀은 운 나쁘게도 그 경기에 졌다.,unlock|unload|unfold
1,7,un-,부정(not),unforgivable,용서할 수 없는,He made an unforgivable mistake to her.,unforgivable,low,What does unforgivable mean?,용서할 수 없는,etymology,214,DAY 07,1,부정(not),un(= not) + forgiv(용서하다) + able(접사) → 용서가 가능하지 않은,그는 그녀에게 용서할 수 없는 실수를 저질렀다.,
1,7,un-,부정(not),unstable,불안정한,The financial situation of our company remains unstable.,unstable|unstableness,low,What does unstable mean?,불안정한,etymology,215,DAY 07,1,부정(not),un(= not) + stable(안정된) → 안정되지 않은,우리 회사의 재정 상태가 여전히 불안정하다.,
1,7,un-,부정(not),unfair,불공평한,Life feels unfair to some people.,unfair|unfairness,low,What does unfair mean?,불공평한,etymology,216,DAY 07,1,부정(not),un(= not) + fair(공평한) → 공평하지 않은,어떤 사람들에게는 삶이 불공평한 것 같이 느껴진다.,
1,7,un-,부정(not),unreliable,"믿을 수 없는, 신뢰할 수 없는",He’s totally unreliable as our leader.,unreliable,low,What does unreliable mean?,"믿을 수 없는, 신뢰할 수 없는",etymology,217,DAY 07,1,부정(not),"un(= not) + reli(= rely: 믿다, 의지하다) + able(접사) → 믿을 수 없는",그는 우리의 지도자로서 전혀 신뢰할 수 없다.,
1,7,un-,부정(not),unsuitable,부적합한,This place is unsuitable for riding a bike.,unsuitable,low,What does unsuitable mean?,부적합한,etymology,218,DAY 07,1,부정(not),un(= not) + suit(적합하다) + able(접사) → 적합할 수 없는,이곳은 자전거 타기에 부적합하다.,
1,8,non-,부정(not),nonfiction,논픽션,James writes historical nonfiction.,nonfiction,low,What does nonfiction mean?,논픽션,etymology,219,DAY 08,2,부정(not),"non(= not) + fiction(거짓, 상상) → 거짓이 없음",James는 역사 논픽션을 쓴다.,
1,8,non-,부정(not),nonflammable,불연성의,The curtain is made of nonflammable material.,nonflammable|nonflammability,low,What does nonflammable mean?,불연성의,etymology,220,DAY 08,2,부정(not),non(= not) + flamm(= flame: set on fire) + able(접사) → 불에 타지 않는,그 커튼은 불연성 재료로 만들어져 있다.,
1,8,non-,부정(not),nonsense,"터무니없는 것, 허튼 소리",The idea is political nonsense.,nonsense,low,What does nonsense mean?,"터무니없는 것, 허튼 소리",etymology,221,DAY 08,2,부정(not),non(= not) + sense(이치) → 이치에 맞지 않음,그 생각은 정치적으로 터무니없는 것이다.,
1,8,non-,부정(not),nonverbal,비언어적인,Nonverbal elements are often more effective in daily conversation.,nonverbal,low,What does nonverbal mean?,비언어적인,etymology,222,DAY 08,2,부정(not),non(= not) + verb(= word) + al(접사) → 말로 하지 않는,비언어적인 요소들이 일상적인 대화에서 흔히 더 효과적이다.,
1,8,non-,부정(not),nonnegotiable,협상할 수 없는,The politician said the meeting was about his nonnegotiable stance.,nonnegotiable|negotiability,mid,What does nonnegotiable mean?,협상할 수 없는,etymology,223,DAY 08,2,부정(not),non(= not) + negoti(= negotiate: 협상하다) + able(접사) → 협상이 가능하지 않은,그 정치인은 그 회의가 자신의 협상할 수 없는 입장에 관한 것이었다고 말했다.,
1,8,non-,부정(not),nonrenewable,"갱신 불가능한, 재생 불가능한",He made a nonrenewable contract with the company.,nonrenewable,mid,What does nonrenewable mean?,"갱신 불가능한, 재생 불가능한",etymology,224,DAY 08,2,부정(not),non(= not) + renew(갱신하다) + able(접사) → 갱신할 수 없는,그는 그 회사와 갱신이 불가능한 계약을 했다.,
1,8,dis-,부정(not),dislike,싫어하다,I dislike my daughter going away from home.,dislike|dislikable,low,What does dislike mean?,싫어하다,etymology,225,DAY 08,3,부정(not),dis(= not) + like → 좋아하지 않다,나는 딸이 집을 멀리 떠나 있는 것이 싫다.,
1,8,dis-,부정(not),disadvantage,불리한 점,There are some disadvantages to the project.,disadvantage|disadvantageous,low,What does disadvantage mean?,불리한 점,etymology,226,DAY 08,3,부정(not),dis(= not) + advant(= avant: before) + age(접사) → 앞서가지 못하는 것,그 프로젝트에는 몇몇 불리한 점들이 있다.,
1,8,dis-,부정(not),disagree,동의하지 않다,I disagreed with her opinion.,disagree|disagreeable|disagreement,low,What does disagree mean?,동의하지 않다,etymology,227,DAY 08,3,부정(not),dis(= not) + agree → 동의하지 않다,나는 그녀의 의견에 반대했다.,
1,8,dis-,부정(not),disappear,사라지다,,disappear|disappearance,low,What does disappear mean?,사라지다,etymology,228,DAY 08,3,부정(not),dis(= not) + appear(나타나다) → 나타나지 않다,The man disappeared behind a tree. 그 남자는 나무 뒤로 사라졌다.,
1,8,dis-,부정(not),disappoint,실망시키다,The concert disappointed him yesterday.,disappoint|disappointment,low,What does disappoint mean?,실망시키다,etymology,229,DAY 08,3,부정(not),dis(= not) + appoint(= appointer: make ready) → 준비되지 못하다,그 콘서트는 어제 그를 실망시켰다.,
1,8,dis-,부정(not),disapprove,"반대하다, 승인하지 않다",I wholly disapprove of what you say.,disapprove|disapproval,low,What does disapprove mean?,"반대하다, 승인하지 않다",etymology,230,DAY 08,3,부정(not),dis(= not) + approve(= approbare: regard as good) → 좋다고 여기지 않다,나는 당신이 말하는 것에 전적으로 반대한다.,oppose|object|protest
1,8,dis-,부정(not),discomfort,불편함,"John had some discomfort, but it was not painful.",discomfort,low,What does discomfort mean?,불편함,etymology,231,DAY 08,3,부정(not),dis(= not) + com(intensive) + fort(= fortis: strong) → 매우 힘이 있지 않음,John은 약간 불편했으나 아프지는 않았다.,
1,8,dis-,부정(not),discover,발견하다,"At last, scientists discovered a cure for the disease.",discover|discovery,low,What does discover mean?,발견하다,etymology,232,DAY 08,3,부정(not),"dis(= not) + cover(덮다, 감추다) → 덮지 않다","마침내, 과학자들이 그 질병의 치료법을 발견했다.",
1,8,dis-,부정(not),disqualify,"실격시키다, 자격을 박탈시키다",He was disqualified from the competition for violating the,disqualify,low,What does disqualify mean?,"실격시키다, 자격을 박탈시키다",etymology,233,DAY 08,3,부정(not),dis(= not) + qualify(자격을 주다) → 자격을 없애다,rules. 그는 규정을 위반한 것으로 그 시합에서 실격당했다.,
1,8,mis-,"잘못된, 나쁜(wrong), 잘못되게, 나쁘게(wrongly)",misconception,"오해, 잘못된 생각",There is a misconception that what jazz musicians play is formless.,misconception,mid,What does misconception mean?,"오해, 잘못된 생각",etymology,234,DAY 08,1,"잘못된, 나쁜(wrong), 잘못되게, 나쁘게(wrongly)",mis(=wrong) + con(= com: intensive) + cept(= capere: take) + ion(접사) → 마음에 철저하게 품은 잘못된 생각,재즈 음악가들이 연주하는 것은 형식이 없다는 오해가 있다.,
1,8,mis-,"잘못된, 나쁜(wrong), 잘못되게, 나쁘게(wrongly)",misdeed,"악행, 비행",Jason should pay for his misdeeds.,misdeed,low,What does misdeed mean?,"악행, 비행",etymology,235,DAY 08,1,"잘못된, 나쁜(wrong), 잘못되게, 나쁘게(wrongly)",mis(= wrong) + deed(= act) → 잘못된 행동,Jason은 자신의 악행에 대한 대가를 치러야 한다.,
1,8,mis-,"잘못된, 나쁜(wrong), 잘못되게, 나쁘게(wrongly)",misuse,"오용하다, 악용하다 n. 오용, 악용","In many situations, even people of goodwill misuse their power.",misuse|misusage,low,What does misuse mean?,"오용하다, 악용하다 n. 오용, 악용",etymology,236,DAY 08,1,"잘못된, 나쁜(wrong), 잘못되게, 나쁘게(wrongly)",mis(= wrongly) + use → 잘못 사용하다,"많은 상황에서, 호의를 지닌 사람들조차도 자신들의 힘을 오용한다.",
1,8,mis-,"잘못된, 나쁜(wrong), 잘못되게, 나쁘게(wrongly)",misbehave,"버릇없이 굴다, 비행을 저지르다",Kids often misbehave because they want attention.,misbehave|misbehavior,low,What does misbehave mean?,"버릇없이 굴다, 비행을 저지르다",etymology,237,DAY 08,1,"잘못된, 나쁜(wrong), 잘못되게, 나쁘게(wrongly)",mis(= wrongly) + behave → 그릇되게 행동하다,아이들은 관심을 원하기 때문에 자주 버릇없이 군다.,
1,8,mis-,"잘못된, 나쁜(wrong), 잘못되게, 나쁘게(wrongly)",misplace,"잘못 두다, 둔 곳을 잊다",I seem to have misplaced my keys.,misplace|misplaced|misplacement,low,What does misplace mean?,"잘못 두다, 둔 곳을 잊다",etymology,238,DAY 08,1,"잘못된, 나쁜(wrong), 잘못되게, 나쁘게(wrongly)",mis(= wrongly) + place(물건의 놓을 위치를 정하다) → 잘못된 위치에 놓다,나는 열쇠를 잘못 둔 것 같아.,
1,8,mis-,"잘못된, 나쁜(wrong), 잘못되게, 나쁘게(wrongly)",mislead,"속이다, 오도하다, 오해하게 하다",It was just a deliberate attempt to mislead him.,mislead,low,What does mislead mean?,"속이다, 오도하다, 오해하게 하다",etymology,239,DAY 08,1,"잘못된, 나쁜(wrong), 잘못되게, 나쁘게(wrongly)",mis(= wrongly) + lead(이끌다) → 잘못 이끌다,그것은 그를 속이려는 의도적인 시도일 뿐이었다.,
1,8,mis-,"잘못된, 나쁜(wrong), 잘못되게, 나쁘게(wrongly)",misdirect,"엉뚱한 곳으로 보내다, 적절하지 못하게 이용하다","Though our intentions were good, our efforts were misdirected.",misdirect|misdirection,low,What does misdirect mean?,"엉뚱한 곳으로 보내다, 적절하지 못하게 이용하다",etymology,240,DAY 08,1,"잘못된, 나쁜(wrong), 잘못되게, 나쁘게(wrongly)",mis(= wrongly) + di(= dis: apart) + rect(= regere: guide) → 잘못된 방향으로 안내하다,"우리의 의도는 좋았지만, 우리의 노력은 방향이 잘못되었다.",
1,8,mis-,"잘못된, 나쁜(wrong), 잘못되게, 나쁘게(wrongly)",misinterpret,"오해하다, 잘못 해석하다, 오역하다",She completely misinterpreted what I said.,misinterpret|misinterpretation,low,What does misinterpret mean?,"오해하다, 잘못 해석하다, 오역하다",etymology,241,DAY 08,1,"잘못된, 나쁜(wrong), 잘못되게, 나쁘게(wrongly)",mis(= wrongly) + inter(= between) + pret(= prath: spread abroad) → 중간에서 말을 잘못 퍼뜨리다 → 잘못 통역하다,그녀는 내가 말한 것을 완전히 오해했다.,
1,8,mis-,"잘못된, 나쁜(wrong), 잘못되게, 나쁘게(wrongly)",misspell,철자를 잘못 쓰다,My last name was misspelled in all the newspaper articles.,misspell|misspelling,low,What does misspell mean?,철자를 잘못 쓰다,etymology,242,DAY 08,1,"잘못된, 나쁜(wrong), 잘못되게, 나쁘게(wrongly)",mis(= wrongly) + spell(철자를 쓰다) → 철자를 잘못 쓰다,내 성의 철자가 모든 신문 기사에 잘못 쓰였다.,
1,8,re-,"다시(again), 뒤로(back), 강조(intensive)",recover,"회복하다, 되찾다, 회수하다",She needed time to recover from the shock.,recover|recovery,low,What does recover mean?,"회복하다, 되찾다, 회수하다",etymology,243,DAY 08,2,"다시(again), 뒤로(back), 강조(intensive)","고대 프랑스어 recovrer(= come back, get again) → 돌아오다, 되찾다",그녀는 충격에서 회복할 시간이 필요했다.,
1,8,re-,"다시(again), 뒤로(back), 강조(intensive)",recite,"낭독하다, 암송하다",I asked my students to memorize and recite a poem.,recite|recital|recitation,low,What does recite mean?,"낭독하다, 암송하다",etymology,244,DAY 08,2,"다시(again), 뒤로(back), 강조(intensive)",re(= again) + cite(= summon: 소환[호출]하다) → 다시 불러내다,나는 학생들이 시 한 편을 외워서 낭독하도록 요청했다.,
1,8,re-,"다시(again), 뒤로(back), 강조(intensive)",reconcile,"조화[일치]시키다, 화해시키다, 조정[중재]하다",It’s difficult to reconcile these two conflicting requirements.,reconcile|reconciliation,low,What does reconcile mean?,"조화[일치]시키다, 화해시키다, 조정[중재]하다",etymology,245,DAY 08,2,"다시(again), 뒤로(back), 강조(intensive)",re(= again) + concile(= concilare: make friendly) → 다시 친밀하게 하다,이 두 가지 상충되는 요건을 조화시키는 것이 어렵다.,
1,8,re-,"다시(again), 뒤로(back), 강조(intensive)",retrieve,"되찾아오다, 생각해 내다, 검색하다",She quickly bent down to retrieve her things.,retrieve|retrieval,low,What does retrieve mean?,"되찾아오다, 생각해 내다, 검색하다",etymology,246,DAY 08,2,"다시(again), 뒤로(back), 강조(intensive)",re(= again) + trieve(= trouver: find) → 다시 찾아오다,그녀는 자신의 물건을 되찾으려고[주우려고] 재빨리 몸을 구부렸다.,
1,8,re-,"다시(again), 뒤로(back), 강조(intensive)",remain,"여전히 ~이다, 머무르다, 남아 있다",Please remain seated until all the lights are on.,remain|remains,low,What does remain mean?,"여전히 ~이다, 머무르다, 남아 있다",etymology,247,DAY 08,2,"다시(again), 뒤로(back), 강조(intensive)",re(= back) + main(= stay) → 뒤에 남아 있다,모든 불이 켜질 때까지 앉아 계십시오.,
1,8,re-,"다시(again), 뒤로(back), 강조(intensive)",remove,"제거하다, 옮기다, 치우다",He removed the old wallpaper to put up new paper.,remove|removal,low,What does remove mean?,"제거하다, 옮기다, 치우다",etymology,248,DAY 08,2,"다시(again), 뒤로(back), 강조(intensive)",re(= back) + move → (안 보이게) 뒤쪽으로 옮기다,새 벽지를 바르려고 그는 오래된 벽지를 제거했다.,
1,8,re-,"다시(again), 뒤로(back), 강조(intensive)",represent,"대표[대신]하다, 나타내다, 보여 주다",I was chosen to represent the school as a May-day queen.,represent|epresentation|representative,low,What does represent mean?,"대표[대신]하다, 나타내다, 보여 주다",etymology,249,DAY 08,2,"다시(again), 뒤로(back), 강조(intensive)",re(intensive) + present(내놓다) → 앞에 내놓다 → 대표하다,나는 5월제 여왕으로 학교를 대표하여 뽑혔다.,
1,9,with-,"떨어져(away), 대항하여(against)",withdraw,"물러나다, 철수하다, 철회하다, 인출하다",Mike had to withdraw from the competition due to an injury.,withdraw|withdrawal,low,What does withdraw mean?,"물러나다, 철수하다, 철회하다, 인출하다",etymology,250,DAY 09,3,"떨어져(away), 대항하여(against)",with(= away) + draw → 하나하나 떨어뜨려 끌어당기다,Mike는 부상 때문에 경기에서 물러나야 했다.,
1,9,with-,"떨어져(away), 대항하여(against)",withhold,"주지 않다, 보류하다, 억제하다",Kevin withheld payment until they had completed the work.,withhold,low,What does withhold mean?,"주지 않다, 보류하다, 억제하다",etymology,251,DAY 09,3,"떨어져(away), 대항하여(against)",with(= away) + hold → 떨어뜨려 놓은 채로 쥐고 있다,Kevin은 그들이 일을 끝마칠 때까지 보수를 주지 않았다.,
1,9,with-,"떨어져(away), 대항하여(against)",withstand,"견디다, 버티다, 저항하다",This building was built to withstand an earthquake.,withstand,low,What does withstand mean?,"견디다, 버티다, 저항하다",etymology,252,DAY 09,3,"떨어져(away), 대항하여(against)",with(= against) + stand → 대항하여 서다,이 건물은 지진에 견디도록 지어졌다.,
1,9,ad-/ac-,"~쪽으로(to), 향하여(toward)",advocate,"지지하다, 옹호하다 n. 지지자, 옹호자","We advocate non-violence in words, thoughts, and deeds.",advocate,low,What does advocate mean?,"지지하다, 옹호하다 n. 지지자, 옹호자",etymology,253,DAY 09,4,"~쪽으로(to), 향하여(toward)",ad(= to) + voc(= vocare: call) + ate(접사) → ~을 향해 목소리를 내다,"우리는 말, 생각, 그리고 행동으로 비폭력을 지지한다.",
1,9,ad-/ac-,"~쪽으로(to), 향하여(toward)",administer,"관리하다, 집행하다, (약을) 투여하다",This grant will be administered by local charities.,administer|administration|administrative,low,What does administer mean?,"관리하다, 집행하다, (약을) 투여하다",etymology,254,DAY 09,4,"~쪽으로(to), 향하여(toward)",ad(= to) + minister(= serve) → ~을 향해 시중들다[도움이 되게 하다],이 보조금은 지역 자선단체에 의해 관리될 것이다.,
1,9,ad-/ac-,"~쪽으로(to), 향하여(toward)",accompany,"동행하다, 수반하다, 반주하다",Children under 11 must be accompanied by an adult.,accompany|accompaniment,low,What does accompany mean?,"동행하다, 수반하다, 반주하다",etymology,255,DAY 09,4,"~쪽으로(to), 향하여(toward)","ac(= to) + company(= fellow, partner) → ~로의 일행이 되다",11세 미만의 아이들은 어른과 동행해야 한다.,
1,9,ad-/ac-,"~쪽으로(to), 향하여(toward)",account,"설명, 기술, 계좌, 장부 v. 설명하다, 생각하다, 간주하다",He instantly gave an account of what he had seen.,account,low,What does account mean?,"설명, 기술, 계좌, 장부 v. 설명하다, 생각하다, 간주하다",etymology,256,DAY 09,4,"~쪽으로(to), 향하여(toward)","ac(= to) + count(셈, 계산) → (계산 결과가) ~이 됨",그는 자신이 본 것을 즉시 설명했다.,
1,9,ad-/ac-,"~쪽으로(to), 향하여(toward)",accelerate,가속하다,Catalysts accelerate the rate of a chemical reaction.,accelerate|acceleration,low,What does accelerate mean?,가속하다,etymology,257,DAY 09,4,"~쪽으로(to), 향하여(toward)",ac(= to) + celer(= swift: 신속한) + ate(접사) → (~에 속도를 더해) 신속하게 하다,촉매제는 화학 반응 속도를 가속한다.,
1,9,ad-/ac-,"~쪽으로(to), 향하여(toward)",accumulate,"축적되다, 축적하다, 모이다, 모으다",Plastics are accumulating at a rapid rate.,accumulate|accumulation,low,What does accumulate mean?,"축적되다, 축적하다, 모이다, 모으다",etymology,258,DAY 09,4,"~쪽으로(to), 향하여(toward)",ac(= to) + cumul(= heap: 쌓아 올린 것) + ate(접사) → ~에 쌓아 올리다,플라스틱은 빠른 속도로 축적되고 있다.,
1,9,ad-/ac-,"~쪽으로(to), 향하여(toward)",accuse,"고발하다, 비난하다",Mr. Smith accused her of having stolen money.,accuse|accusation,low,What does accuse mean?,"고발하다, 비난하다",etymology,259,DAY 09,4,"~쪽으로(to), 향하여(toward)",ac(= toward) + cuse(= causa: cause) → ~에게 원인을 두다,Smith 씨는 그녀가 돈을 훔쳤다고 고발했다.,
1,9,ad-/ac-,"~쪽으로(to), 향하여(toward)",accustomed,"익숙한, 평상시의, ~에 습관화된",We are accustomed to working creatively.,accustomed,low,What does accustomed mean?,"익숙한, 평상시의, ~에 습관화된",etymology,260,DAY 09,4,"~쪽으로(to), 향하여(toward)","ac(= to) + custom(= costume: habit, practice) + ed(접사) → ~에 습관화된",우리는 창의적으로 일하는 것에 익숙하다.,
1,9,en-,~하게 하다[만들다](make),enforce,"(법 등을) 집행하다, 시행하다, 강요하다",Governments make laws and the police enforce them.,enforce|enforcement,low,What does enforce mean?,"(법 등을) 집행하다, 시행하다, 강요하다",etymology,261,DAY 09,1,~하게 하다[만들다](make),en(=make) + force → 힘이나 권력을 가지고 어떤 일을 하게 하다,"정부가 법을 만들고, 경찰이 그것을 집행한다.",
1,9,en-,~하게 하다[만들다](make),enrich,"풍요롭게 하다, 질을 높이다",The study of science has enriched the lives of humans.,enrich|enrichment,low,What does enrich mean?,"풍요롭게 하다, 질을 높이다",etymology,262,DAY 09,1,~하게 하다[만들다](make),en(=make) + rich → 풍성하게 만들다,과학 연구는 인류의 삶을 풍요롭게 해왔다.,
1,9,en-,~하게 하다[만들다](make),ensure,"반드시 ~하게 하다, 보장하다",We will ensure that it doesn’t happen again.,ensure,low,What does ensure mean?,"반드시 ~하게 하다, 보장하다",etymology,263,DAY 09,1,~하게 하다[만들다](make),en(=make) + sure → 확실하게 만들다,우리는 다시는 그런 일이 생기지 않도록 확실히 하겠다.,
1,9,en-,~하게 하다[만들다](make),entitle,"자격을 주다, 제목을 붙이다",You are entitled to get a refund.,entitle|entitlement,low,What does entitle mean?,"자격을 주다, 제목을 붙이다",etymology,264,DAY 09,1,~하게 하다[만들다](make),en(=make) + title → 권한[제목]을 만들어 주다,귀하는 환불을 받을 자격이 있습니다.,
1,9,en-,~하게 하다[만들다](make),endanger,"위험에 빠뜨리다, 위태롭게 만들다",They feared that the dog could endanger their children.,endanger|endangered|endangerment,low,What does endanger mean?,"위험에 빠뜨리다, 위태롭게 만들다",etymology,265,DAY 09,1,~하게 하다[만들다](make),en(=make) + danger → 위험하게 만들다,그들은 그 개가 자신들의 아이들을 위험하게 할까봐 두려웠다.,
1,9,en-,~하게 하다[만들다](make),engage,"참여하다, 종사하다, 약혼하다, (주의, 관심을) 끌다",At high school he engaged in various sports.,engage|engagement,mid,What does engage mean?,"참여하다, 종사하다, 약혼하다, (주의, 관심을) 끌다",etymology,266,DAY 09,1,~하게 하다[만들다](make),en(=make) + gage(= pledge: 서약하다) → 서약하면서 어떤 일을 하게 하다,"고등학교 때, 그는 다양한 스포츠 활동에 참여했다.",
1,9,en-,~하게 하다[만들다](make),encounter,"(뜻하지 않게) 마주치다, 접하다 n. 뜻밖의 만남, 조우",He never knew what fate he might encounter.,encounter,low,What does encounter mean?,"(뜻하지 않게) 마주치다, 접하다 n. 뜻밖의 만남, 조우",etymology,267,DAY 09,1,~하게 하다[만들다](make),en(=make) + counter(= against) → 마주보게 만들다,어떤 운명을 접하게 될지 그는 전혀 알지 못했다.,
1,9,en-,~하게 하다[만들다](make),enroll,"등록하다, 명부에 올리다, 입학하다[시키다]",She enrolled her children in a private school.,enroll|enrollment,low,What does enroll mean?,"등록하다, 명부에 올리다, 입학하다[시키다]",etymology,268,DAY 09,1,~하게 하다[만들다](make),en(=make) + roll(= document: 문서) → 문서에 기입하다,그녀는 아이들을 사립학교에 입학시켰다.,
1,9,en-,~하게 하다[만들다](make),endeavor,"노력, 애씀 v. 노력하다",We should make every endeavor to bring about peace.,endeavor,low,What does endeavor mean?,"노력, 애씀 v. 노력하다",etymology,269,DAY 09,1,~하게 하다[만들다](make),en(=make) + deavor(= dever: duty) → 해야 할 의무로 만들며 열심히 하는 것,우리는 평화를 이끌어 내기 위해 모든 노력을 다해야 한다.,
1,9,en-,~하게 하다[만들다](make),enhance,"(가치, 지위 등을) 높이다, 향상시키다",He enhanced the flavor of the dish by using fresh herbs.,enhance|enhancement,low,What does enhance mean?,"(가치, 지위 등을) 높이다, 향상시키다",etymology,270,DAY 09,1,~하게 하다[만들다](make),en(=make) + hance(= high) → 높은 곳으로 끌어올리다,그는 신선한 허브를 사용하여 그 음식의 맛을 향상시켰다.,
1,9,en-,~하게 하다[만들다](make),enlighten,"설명하다, 계몽하다, ~에 빛을 비추다",Please enlighten us on this point.,enlighten|enlightening|enlightenment,low,What does enlighten mean?,"설명하다, 계몽하다, ~에 빛을 비추다",etymology,271,DAY 09,1,~하게 하다[만들다](make),en(=make) + light + en(접사) → (무지한 곳에) 빛을 밝히다,이 점에 대해 우리에게 설명해주세요.,
1,9,en-,~하게 하다[만들다](make),encode,"암호로 바꾸다, 부호화하다","For example, credit cards are encoded with cardholder information.",encode,low,What does encode mean?,"암호로 바꾸다, 부호화하다",etymology,272,DAY 09,1,~하게 하다[만들다](make),en(=make) + code → 암호로 만들다,"예를 들어, 신용카드는 카드 소유자의 정보로 암호화된다.",
1,9,en-,~하게 하다[만들다](make),entangle,"뒤얽히게 하다, 얽어매다, (함정, 곤란에) 빠뜨리다",He was entangled in a messy lawsuit.,entangle|entanglement,low,What does entangle mean?,"뒤얽히게 하다, 얽어매다, (함정, 곤란에) 빠뜨리다",etymology,273,DAY 09,1,~하게 하다[만들다](make),en(=make) + tangle(= seaweed: 해초) → 해초에 걸리게 하다,그는 지저분한 법적 소송에 얽히게 되었다.,
1,9,en-,~하게 하다[만들다](make),entrust,"맡기다, 위임하다, 위탁하다",He entrusted his son’s education to a private tutor.,entrust|entrustment,low,What does entrust mean?,"맡기다, 위임하다, 위탁하다",etymology,274,DAY 09,1,~하게 하다[만들다](make),en(=make) + trust → 신뢰[믿음]의 관계를 만들다,그는 아들의 교육을 가정교사에게 맡겼다.,
1,9,tele-,"멀리 떨어진(far, distant)",telescope,망원경,We can see the moon’s surface with a telescope.,telescope|telescopic,low,What does telescope mean?,망원경,etymology,275,DAY 09,2,"멀리 떨어진(far, distant)",tele(= far) + scope(= look) → 멀리 떨어진 것을 볼 수 있게 하는 것,우리는 망원경으로 달의 표면을 볼 수 있다.,
1,9,tele-,"멀리 떨어진(far, distant)",telepathy,텔레파시,I do believe telepathy exists.,telepathy|telepathic,low,What does telepathy mean?,텔레파시,etymology,276,DAY 09,2,"멀리 떨어진(far, distant)",tele(= far) + pathy(= feeling) → 멀리 떨어져 있어도 느끼는 감정,나는 실제로 텔레파시가 존재한다고 믿는다.,
1,9,tele-,"멀리 떨어진(far, distant)",telecommute,(통신 시설을 이용해) 재택근무하다,Some of the employees are allowed to telecommute.,telecommute|telecommuting|telecommuter,low,What does telecommute mean?,(통신 시설을 이용해) 재택근무하다,etymology,277,DAY 09,2,"멀리 떨어진(far, distant)",tele(= distant) + commute(통근하다) → 통신 시설을 이용해 집에서 통근을 대신하다,그 직원들 중 일부는 재택근무가 허용된다.,
1,9,per-,"널리, 줄곧, 내내(through, throughout)",perspective,"관점, 균형 잡힌 시각, 사리분별력, 원근법",Please look at these issues from a global perspective.,perspective,low,What does perspective mean?,"관점, 균형 잡힌 시각, 사리분별력, 원근법",etymology,278,DAY 09,3,"널리, 줄곧, 내내(through, throughout)",per(= through) + spect(= look at) + ive(접사) → 전체를 두루 살펴봄,세계적인 관점에서 이 문제들을 보시기 바랍니다.,outlook|prospect|viewpoint
1,9,per-,"널리, 줄곧, 내내(through, throughout)",permanent,"영구적인, 영속적인, 불변의",He is looking for a permanent job.,permanent|permanence,low,What does permanent mean?,"영구적인, 영속적인, 불변의",etymology,279,DAY 09,3,"널리, 줄곧, 내내(through, throughout)",per(= throughout) + man(= stay) + ent(접사) → 끝까지 어떤 상태를 유지하는,그는 영구적인 일자리[정규직]를 찾고 있다.,
1,9,per-,"널리, 줄곧, 내내(through, throughout)",persuade,(~하도록) 설득하다,"She tried to persuade him, but he wouldn’t listen.",persuade|persuasion,low,What does persuade mean?,(~하도록) 설득하다,etymology,280,DAY 09,3,"널리, 줄곧, 내내(through, throughout)",per(= throughout) + suade(= urge) → ~하는 내내 촉구하다,"그녀가 그를 설득하려고 애썼지만, 그는 들으려 하지 않았다.",
1,9,per-,"널리, 줄곧, 내내(through, throughout)",persevere,"인내하다, 끈질기게 노력하다","He was tired, but he persevered and finished the race.",persevere|perseverance,low,What does persevere mean?,"인내하다, 끈질기게 노력하다",etymology,281,DAY 09,3,"널리, 줄곧, 내내(through, throughout)",per(= throughout) + severe(= strict: 엄격한) → 포기하지 않고 자기 자신을 계속 엄격하게 대하다,그는 지쳤지만 참아내면서 경주를 끝마쳤다.,
1,10,trans-,한 곳에서 다른 곳으로(across),transform,"완전히 바꿔 놓다, 변형시키다",The new paint completely transformed the office.,transform|transformation,low,What does transform mean?,"완전히 바꿔 놓다, 변형시키다",etymology,282,DAY 10,4,한 곳에서 다른 곳으로(across),trans(= across) + form(형태) → 하나의 형태를 다른 형태로 바꾸다,새로운 페인트가 사무실을 완전히 바꿔 놓았다.,
1,10,trans-,한 곳에서 다른 곳으로(across),translate,"번역하다, ~로 해석하다",His recent book has been translated into 15 languages.,translate|translation|translator,low,What does translate mean?,"번역하다, ~로 해석하다",etymology,283,DAY 10,4,한 곳에서 다른 곳으로(across),trans(= across) + late(= carry) → 한 언어를 다른 언어로 옮기다,그의 최근의 책은 15개국 언어로 번역되었다.,
1,10,trans-,한 곳에서 다른 곳으로(across),transplant,"이식하다, 옮겨 심다, 이주시키다",Doctors transplanted one of her kidneys into her mother.,transplant|transplantation,low,What does transplant mean?,"이식하다, 옮겨 심다, 이주시키다",etymology,284,DAY 10,4,한 곳에서 다른 곳으로(across),trans(= across) + plant(심다) → 이쪽에서 저쪽으로 옮겨 심다,의사들은 그녀의 신장 중 하나를 그녀의 어머니에게 이식했다.,
1,10,trans-,한 곳에서 다른 곳으로(across),transport,"수송하다, 운송하다, 운반하다 n. 수송, 운송",Heavy items are expensive to transport by air.,transport|transportation,low,What does transport mean?,"수송하다, 운송하다, 운반하다 n. 수송, 운송",etymology,285,DAY 10,4,한 곳에서 다른 곳으로(across),trans(= across) + port(= carry) → 이쪽에서 저쪽으로 실어 나르다,무거운 물품을 항공으로 운송하는 것은 비용이 많이 든다.,
1,10,trans-,한 곳에서 다른 곳으로(across),transect,"가로로 쪼개다[절단하다], 횡단하다",They used the trails that transect the forest.,transect|transection,low,What does transect mean?,"가로로 쪼개다[절단하다], 횡단하다",etymology,286,DAY 10,4,한 곳에서 다른 곳으로(across),tran(s)(= across) + sect(= cut) → 가로질러 자르다,그들은 숲을 가로지르는 길을 이용했다.,
1,10,mon-/mono-,하나(one),monarch,군주,Queen Elizabeth is the current monarch of the U.K.,monarch|monarchy,low,What does monarch mean?,군주,etymology,287,DAY 10,1,하나(one),mon(= one) + arch(= ruler) → 혼자 지배하는 사람,Elizabeth 여왕이 현재 영국의 군주이다.,republic|principality|authority
1,10,mon-/mono-,하나(one),monologue,"독백, 독백 형식의 극(=monolog)",He ignored the question and continued his monologue.,monologue,low,What does monologue mean?,"독백, 독백 형식의 극(=monolog)",etymology,288,DAY 10,1,하나(one),"mono(= one) + logue(= speech) → 혼자 하는 말 n. 독백, 독백 형식의 극(=monolog)",그는 그 질문을 무시하고 독백을 계속했다.,
1,10,mon-/mono-,하나(one),monotone,단조로움 a. 단조로운,"Since he spoke in a flat monotone, I felt bored.",monotone|monotonous,low,What does monotone mean?,단조로움 a. 단조로운,etymology,289,DAY 10,1,하나(one),mono(= one) + tone → 음색이 하나임,그가 단조로운 음색으로 말해서 나는 지루했다.,
1,10,uni-,하나(one),unique,"유일한, 독특한, 독창적인",Your way to raise funds was very unique.,unique,low,What does unique mean?,"유일한, 독특한, 독창적인",etymology,290,DAY 10,2,하나(one),라틴어 unicus(= one)에서 유래 → 하나의,당신이 자금을 모금하는 방식이 매우 독창적이었다.,
1,10,uni-,하나(one),unicorn,"유니콘, 일각수",The national animal of Scotland is the unicorn.,unicorn,low,What does unicorn mean?,"유니콘, 일각수",etymology,291,DAY 10,2,하나(one),uni(= one) + corn(= horn) → 뿔이 하나인 동물,스코틀랜드의 국가적 (상징) 동물은 유니콘이다.,
1,10,uni-,하나(one),union,"조합, 결합",The labor union is demanding a 4% pay raise.,union,low,What does union mean?,"조합, 결합",etymology,292,DAY 10,2,하나(one),"unionem(= oneness, unity: 하나 됨, 통합)에서 유래 → 하나 됨",노동조합은 4퍼센트의 임금 인상을 요구하고 있다,
1,10,uni-,하나(one),universal,"보편적인, 우주의",Many colors have universal emotional meaning.,universal,mid,What does universal mean?,"보편적인, 우주의",etymology,293,DAY 10,2,하나(one),uni(= one) + vers(e)(= versus: turn) + al(접사) → 하나로 회전하는 것의,많은 색채가 보편적으로 감정적인 의미를 가진다.,
1,10,di-/du-,둘(two),divorce,"이혼, 분리 v. 이혼[분리]시키다",The marriage ended in divorce in 2015,divorce,low,What does divorce mean?,"이혼, 분리 v. 이혼[분리]시키다",etymology,294,DAY 10,3,둘(two),라틴어 divortium(= separation)에서 유래 → 분리,그 결혼은 2015년에 이혼으로 끝났다.,
1,10,di-/du-,둘(two),dilemma,"진퇴양난, 딜레마",I didn’t have an answer ready for this dilemma.,dilemma,low,What does dilemma mean?,"진퇴양난, 딜레마",etymology,295,DAY 10,3,둘(two),di(= two) + lemma(= premise: 전제) → (한 번에 해결해야 할) 두 가지 사건,나는 이 딜레마에 대해 준비된 답을 가지고 있지 않았다.,
1,10,di-/du-,둘(two),dual,"둘의, 이중의",The number of families with dual incomes is increasing.,dual,low,What does dual mean?,"둘의, 이중의",etymology,296,DAY 10,3,둘(two),du(= two) + al(접사) → 둘의,맞벌이 가정의 수가 증가하고 있다.,
1,10,di-/du-,둘(two),duplicate,"이중의, 한 쌍의 n. 복제(물) v. 복제[복사]하다",A duplicate project has been detected.,duplicate,low,What does duplicate mean?,"이중의, 한 쌍의 n. 복제(물) v. 복제[복사]하다",etymology,297,DAY 10,3,둘(two),du(= two) + plicate(= plicare: fold) → 접어서 두 개로 만들다,이중 프로젝트가 탐지되었다.,
1,10,tri-,셋(three),tribe,부족,A few hundred people belong to the Onge tribe.,tribe,low,What does tribe mean?,부족,etymology,298,DAY 10,4,셋(three),tri(= three) + be(= be) → 세 개로 존재하는 것 (고대 로마의 부족 세 개에서 유래),Onge 족에 수백 명의 사람들이 속해 있다.,
1,10,tri-,셋(three),triple,세 배의 v. 세 배로 하다,The number of bicycles in the city will triple in 10 years.,triple,low,What does triple mean?,세 배의 v. 세 배로 하다,etymology,299,DAY 10,4,셋(three),tri(= three) + ple(= plus: fold) → 세 배,그 도시의 자전거 수는 10년 안에 세 배가 될 것이다.,
1,10,tri-,셋(three),trivial,사소한,Don’t waste time doing trivial things.,trivial,low,What does trivial mean?,사소한,etymology,300,DAY 10,4,셋(three),"tri(= three) + vi(a)(= road) + al(접사) → 길모퉁이의, 흔한",사소한 일을 하면서 시간을 낭비하지 마라.,
1,10,cent-/centi-,백(hundred),cent,"센트(미국, 캐나다 등의 화폐 단위, 1달러의 100분의 1)",I don’t think you deserve a cent.,cent,low,What does cent mean?,"센트(미국, 캐나다 등의 화폐 단위, 1달러의 100분의 1)",etymology,301,DAY 10,5,백(hundred),cent(= hundred) → 100개짜리,당신은 1센트도 받을 자격이 있다고 생각하지 않는다.,
1,10,cent-/centi-,백(hundred),centennial,"100년마다의, 100세의 n. 100주년 기념제(祭)","The centennial Olympics were in Atlanta, Georgia.",centennial,low,What does centennial mean?,"100년마다의, 100세의 n. 100주년 기념제(祭)",etymology,302,DAY 10,5,백(hundred),cent(= hundred) + ennial(= year) → 100년,100주년을 맞는 올림픽 경기는 조지아 주의 애틀랜타 시에서 있었다.,
1,10,cent-/centi-,백(hundred),century,"세기, 백 년",This church dates back to the 17th century.,century,low,What does century mean?,"세기, 백 년",etymology,303,DAY 10,5,백(hundred),cent(= hundred) + ury(= uria: group) → 100개가 모인,이 교회는 17세기에 지어진 것이다.,
1,10,cent-/centi-,백(hundred),centipede,지네,The bird is trying to eat the centipede.,centipede,low,What does centipede mean?,지네,etymology,304,DAY 10,5,백(hundred),centi(= hundred) + pede(= pes: foot) → 발이 많은 곤충,그 새는 지네를 먹으려 한다.,
1,10,kilo-,천(thousand),kilogram,킬로그램,Rice is now sold at $10 a kilogram.,kilogram,low,What does kilogram mean?,킬로그램,etymology,305,DAY 10,6,천(thousand),"kilo(= thousand) + gram → 1,000그램",쌀은 지금 킬로그램 당 10달러에 팔린다.,
1,10,kilo-,천(thousand),kilowatt,"킬로와트(전력의 단위: 1,000와트)","A kilowatt is 1,000 watts and is a unit of power.",kilowatt,low,What does kilowatt mean?,"킬로와트(전력의 단위: 1,000와트)",etymology,306,DAY 10,6,천(thousand),"kilo(= thousand) + watt → 1,000와트","1킬로와트는 1,000와트이고 그것은 전력의 단위이다.",
1,10,milli-,"천(thousand), 1,000분의 1(a thousandth)",milligram,"밀리그램(1그램의 1/1,000)",Salt in foods is measured in milligrams.,milligram,low,What does milligram mean?,"밀리그램(1그램의 1/1,000)",etymology,307,DAY 10,7,"천(thousand), 1,000분의 1(a thousandth)","milli(= a thousandth) + gram → 1,000분의 그램",식품에 함유된 염분은 밀리그램 단위로 측정된다.,
1,10,milli-,"천(thousand), 1,000분의 1(a thousandth)",million,백만,Large cats have lived on Earth for 45 million years.,million,low,What does million mean?,백만,etymology,308,DAY 10,7,"천(thousand), 1,000분의 1(a thousandth)",milli(=mille: thousand) + on(= one: 접사) → 큰 수,큰 고양잇과 동물들은 지구에 4천 5백 만년 동안 살아왔다.,
1,10,milli-,"천(thousand), 1,000분의 1(a thousandth)",millisecond,"밀리세컨드(1/1,000초)",The entire process occurs in less than one millisecond.,millisecond,low,What does millisecond mean?,"밀리세컨드(1/1,000초)",etymology,309,DAY 10,7,"천(thousand), 1,000분의 1(a thousandth)","milli(= a thousandth) + second → 1,000분의 1초","전체 과정이 1,000분의 1초도 안 되어서 일어난다.",
1,10,milli-,"천(thousand), 1,000분의 1(a thousandth)",millionaire,백만장자,A millionaire paid a fortune to travel in space.,millionaire,low,What does millionaire mean?,백만장자,etymology,310,DAY 10,7,"천(thousand), 1,000분의 1(a thousandth)",milli(=mille: thousand) + on(= one) + aire(접사) → 큰돈이 있는 사람,한 백만장자가 우주 여행을 하려고 거금을 지불했다.,billionaire|multimillionaire
1,10,multi-,많은(many),multicultural,다문화의,"With many immigrants, this city is now a multicultural community.",multicultural,mid,What does multicultural mean?,다문화의,etymology,311,DAY 10,8,많은(many),multi(=many) + cultur(= cultura: till 땅을 갈다) + al(접사) → 다문화의,이민자가 많아서 이 도시는 이제 다문화 공동체이다.,
1,10,multi-,많은(many),multifunctional,다기능의,We’d rather buy a multifunctional device.,multifunctional,mid,What does multifunctional mean?,다기능의,etymology,312,DAY 10,8,많은(many),multi(=many) + function(기능) + al(접사) → 다기능의,우리는 다기능 기기를 사고 싶은 편이다.,
1,10,multi-,많은(many),multiple,다수의 n. 배수,Students check their email multiple times a day.,multiple|multiply,low,What does multiple mean?,다수의 n. 배수,etymology,313,DAY 10,8,많은(many),multi(=many) + ple(= plus: fold) → 여러 배의,학생들은 하루에 여러 번 이메일을 확인한다.,
1,10,multi-,많은(many),multitude,"수가 많음, 군중",A great multitude gathered in the streets.,multitude,low,What does multitude mean?,"수가 많음, 군중",etymology,314,DAY 10,8,많은(many),multi(=many) + tude(접사) → 많은 상태,아주 많은 수가 거리에 모였다.,
1,11,-ment,"행위(action), 결과(result)",acknowledgement,"인정, 인식",We want an acknowledgement of the existence of the problem.,acknowledgement|acknowledge,mid,What does acknowledgement mean?,"인정, 인식",etymology,315,DAY 11,1,"행위(action), 결과(result)",acknowledge(aknow(= understand)와 knowlechen(= admit) 을 합친 말) + ment(접사) → 이해하고 인정함,우리는 문제가 있다는 것에 대한 인정을 원한다.,
1,11,-ment,"행위(action), 결과(result)",agreement,"협정, 합의, 동의",Agreement on the revisions will be achieved by tomorrow.,agreement|agree,low,What does agreement mean?,"협정, 합의, 동의",etymology,316,DAY 11,1,"행위(action), 결과(result)",a(= to) + gree(= gre: pleasing) + ment(접사) → 기분 좋은 쪽으로 가는 행위,수정안에 대한 합의가 내일까지 이뤄질 것이다.,agreement|approval|consent
1,11,-ment,"행위(action), 결과(result)",allotment,"할당, 배당, 할당량, 배당량",The budget allotment for each county is below what is needed.,allotment|allot,low,What does allotment mean?,"할당, 배당, 할당량, 배당량",etymology,317,DAY 11,1,"행위(action), 결과(result)",al(= ad: to) + lot(= loter: lot) + ment(접사) → 모두에게 나누어 주는 행위,군(郡)별 예산 할당은 필요한 바를 밑돈다.,
1,11,-ment,"행위(action), 결과(result)",assessment,"평가, 평가액",Students should pass assessment tests to advance to higher grades.,assessment|assess,low,What does assessment mean?,"평가, 평가액",etymology,318,DAY 11,1,"행위(action), 결과(result)",as(= ad: to) + sess(= sedere: sit) + ment(접사) → 앉아서 값을 정함,상급 학년으로 가기 위해 학생들은 평가 시험을 통과해야 한다.,
1,11,-ment,"행위(action), 결과(result)",movement,"움직임, 이동, 운동",Any movement will set off the alarm.,movement|move,low,What does movement mean?,"움직임, 이동, 운동",etymology,319,DAY 11,1,"행위(action), 결과(result)",move(움직이다) + ment(접사) → 움직이는 행위,어떤 움직임도 경보를 발령할 것이다.,
1,11,-ion,"행위(action), 상태(condition)",conservation,"보호, 보존",The group is concerned with bird conservation in coastal areas.,conservation|conserve,low,What does conservation mean?,"보호, 보존",etymology,320,DAY 11,2,"행위(action), 상태(condition)",con(= together) + serv(e)(= servare: maintain) + at(e)(접사) + ion(접사) → 함께 유지하는 상태,그 단체는 해안 지역의 조류 보호에 관심이 있다.,
1,11,-ion,"행위(action), 상태(condition)",fascination,"매력, 매혹, 매료됨",The fascination of the game lies in its ability to transport the self.,fascination|fascinate,low,What does fascination mean?,"매력, 매혹, 매료됨",etymology,321,DAY 11,2,"행위(action), 상태(condition)",fascinat(e)(= fascinatus: enchant 매혹하다) + ion(접사) → 마음을 사로잡은 상태,그 경기의 매력은 자아를 이동시키는 능력에 있다.,
1,11,-ion,"행위(action), 상태(condition)",formation,"구성, 형성",Clouds are formations of tiny drops of water.,formation|form,low,What does formation mean?,"구성, 형성",etymology,322,DAY 11,2,"행위(action), 상태(condition)",form(= create) + at(e)(접사) + ion(접사) → 창조하는 행위,구름은 작은 물방울들로 형성된 것이다.,
1,11,-ure,"행위(action), 상태(state)",closure,"폐쇄, 종료",The factory faces closure if no more money can be found.,closure|close,low,What does closure mean?,"폐쇄, 종료",etymology,323,DAY 11,3,"행위(action), 상태(state)","clos(e)(= shut) + ure(접사) → 닫는 행위, 닫힌 상태",더 이상의 자금을 구하지 못하면 그 공장은 폐쇄에 직면한다.,
1,11,-ure,"행위(action), 상태(state)",failure,"실패, 부족, 고장",Her failure is mainly due to her carelessness.,failure|fail,low,What does failure mean?,"실패, 부족, 고장",etymology,324,DAY 11,3,"행위(action), 상태(state)",fail(= miss) + ure(접사) → 놓친 상태,그녀의 실패는 주로 부주의 때문이다.,
1,11,-ure,"행위(action), 상태(state)",mixture,"혼합, 혼합물, 혼합체",The town is a mixture of the old and the new.,mixture|mix,low,What does mixture mean?,"혼합, 혼합물, 혼합체",etymology,325,DAY 11,3,"행위(action), 상태(state)",mixt(= mixed) + ure(접사) → 혼합된 상태,그 마을은 옛것과 새것의 혼합체이다.,
1,11,-ure,"행위(action), 상태(state)",moisture,"수분, 습기",Moisture is essential for keeping your skin youthful.,moisture|moist,low,What does moisture mean?,"수분, 습기",etymology,326,DAY 11,3,"행위(action), 상태(state)",moist(= wet) + ure(접사) → 젖은 상태,수분은 피부를 젊게 유지하는 데 필수적이다.,
1,11,-ure,"행위(action), 상태(state)",pleasure,"기쁨, 즐거움, 기쁜 일",Reading provides pleasure.,pleasure|please|pleasant,low,What does pleasure mean?,"기쁨, 즐거움, 기쁜 일",etymology,327,DAY 11,3,"행위(action), 상태(state)",pleas(e)(= plaisir: satisfy) + ure(접사) → 만족한 상태,독서는 즐거움을 준다.,
1,11,-ance,"상태(state), 행위(action)",annoyance,"짜증, 성가심",Alarms are more than just an annoyance.,annoyance|annoy,low,What does annoyance mean?,"짜증, 성가심",etymology,328,DAY 11,4,"상태(state), 행위(action)",annoy(= anuier: anger) + ance(접사) → 화가 난 상태,경보기는 단순한 성가심을 넘어선다.,
1,11,-ance,"상태(state), 행위(action)",defiance,"반항, 도전",Tom spoke with a tone of defiance.,defiance|defy|defiant,low,What does defiance mean?,"반항, 도전",etymology,329,DAY 11,4,"상태(state), 행위(action)",defi(= challenge) + ance(접사) → 도전하는 행위,Tom은 반항하는 어투로 말했다.,
1,11,-ance,"상태(state), 행위(action)",reluctance,"마음이 내키지 않음, 마지못해 함, 꺼림","Grace finally agreed, but with reluctance.",reluctance|reluctant,low,What does reluctance mean?,"마음이 내키지 않음, 마지못해 함, 꺼림",etymology,330,DAY 11,4,"상태(state), 행위(action)",re(= back) + luct(= luctari: struggle) + ance(접사) → 뒤로 물리려 애쓰는 행위,"Grace는 마침내 동의했지만, 마지못해 그렇게 했다.",
1,11,-ness,"상태(state), 특징(quality)",awareness,"알고 있음, 자각, 인식",The campaign aims to raise awareness of the dangers of smoking.,awareness|aware,low,What does awareness mean?,"알고 있음, 자각, 인식",etymology,331,DAY 11,5,"상태(state), 특징(quality)",aware(알고 있는) + ness(접사) → 알고 있는 상태,그 캠페인은 흡연의 위험에 대한 인식을 제고하려는 목적이다.,
1,11,-ness,"상태(state), 특징(quality)",shyness,"겁 많음, 수줍음",I overcame my shyness.,shyness|shy,low,What does shyness mean?,"겁 많음, 수줍음",etymology,332,DAY 11,5,"상태(state), 특징(quality)",shy(= sceoh: timid) + ness(접사) → 겁이 많은 상태,나는 수줍음을 극복했다.,
1,11,-ness,"상태(state), 특징(quality)",weakness,"약함, 힘이 없음, 약점",It’s important to know your own strengths and weaknesses.,weakness|weak,low,What does weakness mean?,"약함, 힘이 없음, 약점",etymology,333,DAY 11,5,"상태(state), 특징(quality)","weak(=wac: weak, soft) + ness(접사) → 약한 상태",너 자신의 강점과 약점을 아는 것은 중요하다.,
1,11,-ness,"상태(state), 특징(quality)",bitterness,"씀, 쓴맛",Tony experienced the bitterness of one-way love.,bitterness|bitter,low,What does bitterness mean?,"씀, 쓴맛",etymology,334,DAY 11,5,"상태(state), 특징(quality)","bitter(= biter: sharp, cutting) + ness(접사) → 뾰족한 맛 → 쓴맛",Tony는 일방적인 사랑의 쓴맛을 경험했다.,
1,11,-ness,"상태(state), 특징(quality)",faithfulness,"충실함, 신뢰할 만함",Dogs are known for their faithfulness to their master.,faithfulness|faithful,low,What does faithfulness mean?,"충실함, 신뢰할 만함",etymology,335,DAY 11,5,"상태(state), 특징(quality)",faith(= feit: trust) + ful(접사) + ness(접사) → 신뢰할 만한 특징,개는 주인에 대한 충실함으로 유명하다.,
1,11,-th,"성질(quality), 상태(state)",truth,"진실성, 사실",There was not a grain of truth in what the man said.,truth|true,low,What does truth mean?,"진실성, 사실",etymology,336,DAY 11,1,"성질(quality), 상태(state)",tru(= true) + th(접사) → 진실한 성질,그 남자가 말한 것에는 티끌만큼의 진실성도 없었다.,
1,11,-th,"성질(quality), 상태(state)",width,"폭, 너비",The carpet is 2 meters in width.,width|wide|widen,low,What does width mean?,"폭, 너비",etymology,337,DAY 11,1,"성질(quality), 상태(state)",wid(= wide) + th(접사) → 넓은 상태,그 카펫은 폭이 2미터이다.,
1,11,-th,"성질(quality), 상태(state)",strength,"기운, 힘",It’ll take a few days for you to build up your strength again.,strength|strong|strengthen,low,What does strength mean?,"기운, 힘",etymology,338,DAY 11,1,"성질(quality), 상태(state)",streng(= strong) + th(접사) → 강한 성질,당신이 다시 기운을 차리는 데 며칠이 걸릴 거예요.,
1,11,-th,"성질(quality), 상태(state)",depth,깊이,They dived to depths of 10 meters.,depth|deep|deepen,low,What does depth mean?,깊이,etymology,339,DAY 11,1,"성질(quality), 상태(state)",dep(= deep) + th(접사) → 깊은 상태,그들은 10미터 깊이까지 잠수했다.,
1,11,-th,"성질(quality), 상태(state)",growth,"성장, 증가",Water is essential for plant growth.,growth,low,What does growth mean?,"성장, 증가",etymology,340,DAY 11,1,"성질(quality), 상태(state)",grow + th(접사) → 자라고 있는 상태,물은 식물의 성장에 필수적이다.,
1,11,-th,"성질(quality), 상태(state)",length,길이,The bookshelf is twice the length of the desk.,length|lengthen,low,What does length mean?,길이,etymology,341,DAY 11,1,"성질(quality), 상태(state)",leng(= long) + th(접사) → 길이가 긴 상태,그 책장은 길이가 그 책상의 두 배이다.,
1,11,-th,"성질(quality), 상태(state)",warmth,따뜻함,The color red expresses warmth and love.,warmth,low,What does warmth mean?,따뜻함,etymology,342,DAY 11,1,"성질(quality), 상태(state)",warm + th(접사) → 따뜻한 성질,붉은색은 따뜻함과 사랑을 표현한다.,
1,11,ity/-ty,성질(quality),complexity,복잡성,They were surprised at the complexity of the problem.,complexity,low,What does complexity mean?,복잡성,etymology,343,DAY 11,2,성질(quality),complex(복잡한) + ity(접사) → 복잡한 성질,그들은 그 문제의 복잡성에 놀랐다.,
1,11,ity/-ty,성질(quality),purity,"순수(성), 순도",White roses symbolize purity and innocence.,purity|purify,low,What does purity mean?,"순수(성), 순도",etymology,344,DAY 11,2,성질(quality),pur(= pure) + ity(접사) → 순수한 성질,흰 장미는 순수와 순결을 상징한다.,innocence|genuineness
1,11,ity/-ty,성질(quality),beauty,"아름다움, 미용",The shop has a lot of beauty products.,beauty|beautify,low,What does beauty mean?,"아름다움, 미용",etymology,345,DAY 11,2,성질(quality),beau(= bellus: fine) + ty(접사) → 아름다운 성질,그 가게는 많은 미용 상품이 있다.,
1,11,ity/-ty,성질(quality),certainty,확실성,Many people work for a position of certainty.,certainty,low,What does certainty mean?,확실성,etymology,346,DAY 11,2,성질(quality),certain(확실한) + ty(접사) → 확실한 성질,많은 사람들이 확실한 지위를 위해 일한다.,
1,11,ity/-ty,성질(quality),variety,"다양성, 다양함",The most amazing thing about life is its variety.,variety|vary,low,What does variety mean?,"다양성, 다양함",etymology,347,DAY 11,2,성질(quality),varie(= various) + ty(접사) → 다양한 성질,생명체에 대해 가장 놀라운 점은 그것의 다양성이다.,
1,11,-al,"상태(state), 행위(action)",arrival,도착,They had dinner on arrival at the party.,arrival|arrive,low,What does arrival mean?,도착,etymology,348,DAY 11,3,"상태(state), 행위(action)",arriv(= arrive) + al(접사) → 도착한 상태,그들은 파티에 도착하는 대로 저녁 식사를 했다.,
1,11,-al,"상태(state), 행위(action)",proposal,"제안, 청혼",His proposal requires changing our plans.,proposal|propose,low,What does proposal mean?,"제안, 청혼",etymology,349,DAY 11,3,"상태(state), 행위(action)",pro(= forward) + pos(= poser: place) + al(접사) → 앞에 놓는 것,그의 제안은 우리 계획의 변경을 요구한다.,
1,11,-al,"상태(state), 행위(action)",disposal,"처분, 처리",I left the old desk at his disposal.,disposal|dispose,low,What does disposal mean?,"처분, 처리",etymology,350,DAY 11,3,"상태(state), 행위(action)","dis(= apart, away) + pos(= pose: place) + al(접사) → 처분하는 행위",나는 그 오래된 책상을 그의 처분에 맡겼다.,
1,11,-al,"상태(state), 행위(action)",renewal,"갱신, 부활",The license comes up for renewal every three years.,renewal,low,What does renewal mean?,"갱신, 부활",etymology,351,DAY 11,3,"상태(state), 행위(action)",renew(갱신하다) + al(접사) → 갱신 행위,그 면허증은 3년마다 갱신해야 한다.,
1,11,-cy,"상태(state), 성질(quality)",accuracy,"정확성, 정확함",His work requires a high degree of accuracy.,accuracy,low,What does accuracy mean?,"정확성, 정확함",etymology,352,DAY 11,4,"상태(state), 성질(quality)",accura(= accurate: 정확한) + cy(접사) → 정확한 상태,그의 일은 고도의 정확성을 필요로 한다.,
1,11,-cy,"상태(state), 성질(quality)",intimacy,친밀함,Intimacy between friends can be expressed in various ways.,intimacy,low,What does intimacy mean?,친밀함,etymology,353,DAY 11,4,"상태(state), 성질(quality)",intima(= intimate: 친밀한) + cy(접사) → 친밀한 상태,친구 사이에 친밀감은 다양한 방법으로 표현될 수 있다.,
1,11,-cy,"상태(state), 성질(quality)",privacy,"사생활, 혼자 있는 상태",Famous people often lose their privacy.,privacy,low,What does privacy mean?,"사생활, 혼자 있는 상태",etymology,354,DAY 11,4,"상태(state), 성질(quality)",priva(= private: 사적인) + cy(접사) → 사적인 상태,유명한 사람들은 종종 자신의 사생활을 잃는다.,
1,11,-cy,"상태(state), 성질(quality)",fluency,유창성,They must demonstrate fluency in a foreign language to earn a degree.,fluency,low,What does fluency mean?,유창성,etymology,355,DAY 11,4,"상태(state), 성질(quality)",fluen(= fluent: 유창한) + cy(접사) → 유창한 성질,그들은 학위를 받기 위해서 외국어에서 유창성을 보여야 한다.,
1,12,-(e)ry,"행위(action), 종류(kind)",dentistry,"치의학, 치과 진료",His father taught dentistry at the University of Iowa.,dentistry,low,What does dentistry mean?,"치의학, 치과 진료",etymology,356,DAY 12,5,"행위(action), 종류(kind)",dent(= tooth) + ist(접사) + ry(접사) → 이를 전문으로 하는 사람의 행위,그의 아버지는 Iowa 대학에서 치의학을 가르쳤다.,
1,12,-(e)ry,"행위(action), 종류(kind)",jewelry,보석(류),He carves jewelry at the factory.,jewelry,low,What does jewelry mean?,보석(류),etymology,357,DAY 12,5,"행위(action), 종류(kind)",jewel(보석) + ry(접사) → 보석 종류,그는 공장에서 보석류를 세공한다.,
1,12,-(e)ry,"행위(action), 종류(kind)",bravery,용감함,His bravery saved many people’s life.,bravery,low,What does bravery mean?,용감함,etymology,358,DAY 12,5,"행위(action), 종류(kind)",brav(= brave: 용감한) + ery(접사) → 용감한 행위,그의 용감함이 많은 사람들의 생명을 구했다.,
1,12,-(e)ry,"행위(action), 종류(kind)",robbery,"강도질, 강도 사건",The police arrested a man committing a robbery.,robbery,low,What does robbery mean?,"강도질, 강도 사건",etymology,359,DAY 12,5,"행위(action), 종류(kind)",robb(= rob: 강도질하다) + ery(접사) → 강도 행위,경찰은 강도질을 하고 있는 한 남자를 체포했다.,robbery|burglary|theft
1,12,-(e)ry,"행위(action), 종류(kind)",machinery,기계(류),Mass production needs a lot of machinery.,machinery,low,What does machinery mean?,기계(류),etymology,360,DAY 12,5,"행위(action), 종류(kind)",machin(=machine: 기계) + ery(접사) → 기계 종류,대량 생산에는 많은 기계가 필요하다,
1,12,-tude,"상태, 상황(state, condition), 특성(quality)",gratitude,"감사, 고마움, 사의",She expressed gratitude for the help she had received.,gratitude,low,What does gratitude mean?,"감사, 고마움, 사의",etymology,361,DAY 12,1,"상태, 상황(state, condition), 특성(quality)","grat(i)(= gratus: thankful, pleasing) + tude(접사) → 감사하기",그녀는 자신이 받은 도움에 대해 감사를 표했다.,
1,12,-tude,"상태, 상황(state, condition), 특성(quality)",fortitude,"불굴의 정신, 굳세고 용감함",You showed great fortitude and strength in your match today.,fortitude,low,What does fortitude mean?,"불굴의 정신, 굳세고 용감함",etymology,362,DAY 12,1,"상태, 상황(state, condition), 특성(quality)","forti(= fortis: strong, brave) + tude(접사) → 강하고 용감함",당신은 오늘 경기에서 멋진 불굴의 정신과 저력을 보여 주었다.,
1,12,-tude,"상태, 상황(state, condition), 특성(quality)",solitude,"고독, 외로움, 독거",Do you like to spend your free time in solitude or with a crowd?,solitude|solitary,low,What does solitude mean?,"고독, 외로움, 독거",etymology,363,DAY 12,1,"상태, 상황(state, condition), 특성(quality)",soli(= solus: alone) + tude(접사) → 혼자 있는 상태,"여러분은 자유 시간을 혼자서, 아니면 사람들과 함께 보내길 원하나요?",
1,12,-age,"행위(act), 과정(process), 상태(condition)",blockage,"방해(물), 장애(물), 봉쇄",These severe inequalities form a blockage to economic growth.,blockage,low,What does blockage mean?,"방해(물), 장애(물), 봉쇄",etymology,364,DAY 12,2,"행위(act), 과정(process), 상태(condition)",block(막다) + age(접사) → 막는 행위,이 심각한 불평등이 경제 성장을 방해한다.,
1,12,-age,"행위(act), 과정(process), 상태(condition)",spoilage,"부패, 손상, 약탈",Chemicals are commonly added to food to prevent spoilage.,spoilage,low,What does spoilage mean?,"부패, 손상, 약탈",etymology,365,DAY 12,2,"행위(act), 과정(process), 상태(condition)","spoil(= split, break off) + age(접사) → (찢기고 갈라진) 손상된 상태",부패를 막기 위해 화학 물질이 일반적으로 식품에 추가된다.,
1,12,-age,"행위(act), 과정(process), 상태(condition)",coverage,"보도, 방송, (적용, 보상, 보급 등의) 범위",Newspapers can never beat television’s live coverage of sports.,coverage,low,What does coverage mean?,"보도, 방송, (적용, 보상, 보급 등의) 범위",etymology,366,DAY 12,2,"행위(act), 과정(process), 상태(condition)","cover(= covrir: cover, protect) + age(접사) → 덮는[보장하는] 것",신문은 텔레비전의 스포츠 생방송 보도를 절대 이길 수 없다.,
1,12,-age,"행위(act), 과정(process), 상태(condition)",leakage,"유출, 누설, 누출, 누수",Leakage of sensitive information is difficult to prevent.,leakage,low,What does leakage mean?,"유출, 누설, 누출, 누수",etymology,367,DAY 12,2,"행위(act), 과정(process), 상태(condition)",leak(=moisten: 촉촉해지다) + age(접사) → 촉촉해짐 → 새어 나감,민감한 정보의 유출은 막기가 어렵다.,
1,12,-age,"행위(act), 과정(process), 상태(condition)",spillage,"유출, 엎지름, 넘침",Accidental spillage of pollutants is a potential hazard.,spillage,low,What does spillage mean?,"유출, 엎지름, 넘침",etymology,368,DAY 12,2,"행위(act), 과정(process), 상태(condition)",spill(= destroy) + age(접사) → 용기가 망가져서 물질이 밖으로 흘러나옴,오염 물질의 사고 유출은 잠재적인 위험 요인이다.,
1,12,-age,"행위(act), 과정(process), 상태(condition)",storage,"저장(소), 보관(소)",The capacity of digital storage media is growing at a phenomenal rate.,storage,low,What does storage mean?,"저장(소), 보관(소)",etymology,369,DAY 12,2,"행위(act), 과정(process), 상태(condition)",stor(= store: 저장하다) + age(접사) → 저장하기,디지털 저장 매체의 용량이 경이적인 속도로 증가하고 있다.,
1,12,-hood,"상태, 상황(state, condition), 기간(period)",childhood,"유년기, 어린 시절",His childhood was spent with his father in New York.,childhood,low,What does childhood mean?,"유년기, 어린 시절",etymology,370,DAY 12,3,"상태, 상황(state, condition), 기간(period)","child + hood(접사) → 아이인 상태, 어린 시절",그는 유년기를 뉴욕에서 아버지와 함께 보냈다.,
1,12,-hood,"상태, 상황(state, condition), 기간(period)",adulthood,"성인기, 성년",Most children will leave their homes as soon as they reach adulthood.,adulthood,low,What does adulthood mean?,"성인기, 성년",etymology,371,DAY 12,3,"상태, 상황(state, condition), 기간(period)","adult + hood(접사) → 어른인 상태, 성인기",대부분의 아이들은 성인기에 이르는 대로 집을 떠날 것이다.,
1,12,-hood,"상태, 상황(state, condition), 기간(period)",neighborhood,"인근, 이웃, 근처",Betty grew up in a quiet neighborhood of London.,neighborhood,low,What does neighborhood mean?,"인근, 이웃, 근처",etymology,372,DAY 12,3,"상태, 상황(state, condition), 기간(period)",neighbor + hood(접사) → 이웃 사람이 있는 상태,Betty는 런던의 조용한 인근에서 자랐다.,
1,12,-hood,"상태, 상황(state, condition), 기간(period)",motherhood,"어머니인 상태, 모성, 어머니의 의무",It is difficult to combine motherhood and a job.,motherhood,low,What does motherhood mean?,"어머니인 상태, 모성, 어머니의 의무",etymology,373,DAY 12,3,"상태, 상황(state, condition), 기간(period)",mother + hood(접사) → 어머니인 상태,엄마가 되는 것과 직업을 병행하는 것은 어렵다.,
1,12,-hood,"상태, 상황(state, condition), 기간(period)",nationhood,"국민임, 국민의 신분, 국민성",The sense of nationhood is not equal across territories.,nationhood,low,What does nationhood mean?,"국민임, 국민의 신분, 국민성",etymology,374,DAY 12,3,"상태, 상황(state, condition), 기간(period)",nation + hood(접사) → 국민인 상태,국민으로서의 의식이 영토의 전역에 걸쳐 똑같지 않다.,
1,12,-ship,"상태, 상황(state, condition), 능력(skill), 신분(position)",membership,"회원 (자격, 지위, 신분)",Membership is limited to bank shareholders.,membership,low,What does membership mean?,"회원 (자격, 지위, 신분)",etymology,375,DAY 12,4,"상태, 상황(state, condition), 능력(skill), 신분(position)",member + ship(접사) → 구성원의 신분,회원 자격은 은행 주주에 한한다.,
1,12,-ship,"상태, 상황(state, condition), 능력(skill), 신분(position)",friendship,"교우 관계, 우정, 친선",Friendship is the most voluntary type of personal relationship.,friendship,low,What does friendship mean?,"교우 관계, 우정, 친선",etymology,376,DAY 12,4,"상태, 상황(state, condition), 능력(skill), 신분(position)",friend + ship(접사) → 친구인 상태,교우 관계는 사적인 관계에서 가장 자발적인 유형이다.,
1,12,-ship,"상태, 상황(state, condition), 능력(skill), 신분(position)",authorship,"원작자(임), 저술업",There have been doubts raised about his authorship.,authorship,low,What does authorship mean?,"원작자(임), 저술업",etymology,377,DAY 12,4,"상태, 상황(state, condition), 능력(skill), 신분(position)",author + ship(접사) → 작가[저작자]의 직분[역할],그가 원작자인지에 대한 의구심이 제기되어 왔다.,
1,12,-ship,"상태, 상황(state, condition), 능력(skill), 신분(position)",citizenship,"시민권, 시민의 신분[자질]",Dual citizenship is becoming more and more tolerated.,citizenship,low,What does citizenship mean?,"시민권, 시민의 신분[자질]",etymology,378,DAY 12,4,"상태, 상황(state, condition), 능력(skill), 신분(position)","citizen + ship(접사) → 시민의 신분[권리, 특권, 책임감]",이중 시민권은 점점 더 용인되고 있다.,
1,12,-ship,"상태, 상황(state, condition), 능력(skill), 신분(position)",editorship,"편집장의 지위[직무], 편집, 편집상의 솜씨",I abandoned my newspaper editorship and became a doctor.,editorship,low,What does editorship mean?,"편집장의 지위[직무], 편집, 편집상의 솜씨",etymology,379,DAY 12,4,"상태, 상황(state, condition), 능력(skill), 신분(position)","editor + ship(접사) → 편집장의 지위, 편집 능력",나는 신문 편집장의 지위를 버리고 의사가 되었다.,
1,12,-ship,"상태, 상황(state, condition), 능력(skill), 신분(position)",clerkship,"서기[사무원, 점원]의 직[신분], 목사의 직[신분]",He accepted a clerkship offer.,clerkship,low,What does clerkship mean?,"서기[사무원, 점원]의 직[신분], 목사의 직[신분]",etymology,380,DAY 12,4,"상태, 상황(state, condition), 능력(skill), 신분(position)","clerk + ship(접사) → 서기의 지위, 목사의 지위",그는 서기직 제안을 수락했다.,
1,12,-ship,"상태, 상황(state, condition), 능력(skill), 신분(position)",censorship,"검열 (제도), 검열관의 직무[직권, 임기]",The content of school textbooks must pass government censorship.,censorship,low,What does censorship mean?,"검열 (제도), 검열관의 직무[직권, 임기]",etymology,381,DAY 12,4,"상태, 상황(state, condition), 능력(skill), 신분(position)",censor(검열하다) + ship(접사) → 검열 행위,학교 교과서의 내용은 정부의 검열을 통과해야 한다.,
1,12,-ship,"상태, 상황(state, condition), 능력(skill), 신분(position)",hardship,"어려움, 곤란, 고난",He traveled through the jungle and faced hardship.,hardship,low,What does hardship mean?,"어려움, 곤란, 고난",etymology,382,DAY 12,4,"상태, 상황(state, condition), 능력(skill), 신분(position)",hard + ship(접사) → 어려움이 있는 상태,그는 정글을 여행했고 어려움에 봉착했다.,
1,12,-dom,"상태, 상황(state, condition), 영역(realm)",boredom,"지루함, 따분함, 권태",Boredom is one of the main reasons people abandon exercise.,boredom,low,What does boredom mean?,"지루함, 따분함, 권태",etymology,383,DAY 12,5,"상태, 상황(state, condition), 영역(realm)",bore(지루하게 만들다) + dom(접사) → 지루한 상태,지루함은 사람들이 운동을 포기하는 주요 이유들 중 하나이다.,
1,12,-dom,"상태, 상황(state, condition), 영역(realm)",freedom,"자유(로운 상태), 해방, 면제",Underlying any individual freedom or right is the ability to control.,freedom,low,What does freedom mean?,"자유(로운 상태), 해방, 면제",etymology,384,DAY 12,5,"상태, 상황(state, condition), 영역(realm)",free + dom(접사) → 자유로운 상태,모든 개인의 자유나 권리의 기저를 이루는 것은 통제 능력이다.,
1,12,-dom,"상태, 상황(state, condition), 영역(realm)",kingdom,"왕국, 왕의 통치, (동식물 분류상의) 계(界)",The northern kingdom was destroyed.,kingdom,low,What does kingdom mean?,"왕국, 왕의 통치, (동식물 분류상의) 계(界)",etymology,385,DAY 12,5,"상태, 상황(state, condition), 영역(realm)",king + dom(접사) → 왕의 영역,그 북부 왕국은 파괴되었다.,
1,12,-dom,"상태, 상황(state, condition), 영역(realm)",wisdom,"지혜, 슬기, 현명함",My mother offered me her wisdom about life.,wisdom,low,What does wisdom mean?,"지혜, 슬기, 현명함",etymology,386,DAY 12,5,"상태, 상황(state, condition), 영역(realm)",wis(= learned) + dom(접사) → 학식이 있는 상태,엄마는 내게 삶에 대한 자신의 지혜를 주었다.,
1,12,-dom,"상태, 상황(state, condition), 영역(realm)",stardom,"스타덤, 스타계, 주역의 지위[신분]",O’Farrell’s path to stardom had not come easily.,stardom,low,What does stardom mean?,"스타덤, 스타계, 주역의 지위[신분]",etymology,387,DAY 12,5,"상태, 상황(state, condition), 영역(realm)","star + dom(접사) → 주연인 상태, 주연의 영역",O’Farrell이 스타덤에 이르는 길은 쉽게 오지 않았었다.,
1,12,-er/-or,행위자(a person who does an action),employer,고용주,It is the employer’s responsibility to improve workplace safety.,employer|employment|employee,mid,What does employer mean?,고용주,etymology,388,DAY 12,1,행위자(a person who does an action),employ(고용하다) + er(접사) → 고용하는 사람,작업장의 안전을 향상시키는 것은 고용주의 책임이다.,
1,12,-er/-or,행위자(a person who does an action),entertainer,"연예인, 엔터테이너",She is one of the world’s highest paid entertainers.,entertainer|entertainment,mid,What does entertainer mean?,"연예인, 엔터테이너",etymology,389,DAY 12,1,행위자(a person who does an action),entertain(즐겁게 해주다) + er(접사) → 즐겁게 해주는 사람,그녀는 세계에서 가장 많은 보수를 받는 연예인 중 한 사람이다.,
1,12,-er/-or,행위자(a person who does an action),director,"감독, 지도자, 관리자, (회사의) 임원",He started acting on cue from the director.,director|direction,mid,What does director mean?,"감독, 지도자, 관리자, (회사의) 임원",etymology,390,DAY 12,1,행위자(a person who does an action),direct(지시하다) + or(접사) → 지시를 내리는 사람,그는 감독으로부터 신호를 받고 연기를 시작했다.,
1,12,-er/-or,행위자(a person who does an action),editor,"편집자, 편집장, 논설위원",He sent his new story to the editor.,editor|editorial,mid,What does editor mean?,"편집자, 편집장, 논설위원",etymology,391,DAY 12,1,행위자(a person who does an action),edit(편집하다) + or(접사) → 편집을 담당하는 사람,그는 자신의 새로운 이야기를 편집자에게 보냈다.,
1,12,-er/-or,행위자(a person who does an action),vendor,"상인, 행상인, 노점상","Outside the theater, there was a row of flower vendors.",vendor,mid,What does vendor mean?,"상인, 행상인, 노점상",etymology,392,DAY 12,1,행위자(a person who does an action),vend(팔다) + or(접사) → 물건을 파는 사람,극장 밖에 한 줄로 늘어선 꽃 판매 상인들이 있었다.,
1,12,-er/-or,행위자(a person who does an action),inspector,"조사자, 검열관",An inspector will check the safety of the building tomorrow.,inspector|inspection,mid,What does inspector mean?,"조사자, 검열관",etymology,393,DAY 12,1,행위자(a person who does an action),inspect(조사하다) + or(접사) → 조사하는 사람,조사자가 내일 건물의 안전을 점검할 것이다.,
1,12,-er/-or,행위자(a person who does an action),investigator,"수사관, 조사관",A team of special investigators went to the scene of the crime.,investigator|investigation,mid,What does investigator mean?,"수사관, 조사관",etymology,394,DAY 12,1,행위자(a person who does an action),"investigate(수사하다, 조사하다) + or(접사) → 수사나 조사를 하는 사람",한 팀의 특별 수사관들이 범죄 현장에 갔다.,
1,12,-er/-or,행위자(a person who does an action),supervisor,"감독관, 관리자",The supervisor is in control of this factory.,supervisor|supervision,mid,What does supervisor mean?,"감독관, 관리자",etymology,395,DAY 12,1,행위자(a person who does an action),supervise(감독하다) + or(접사) → 감독하는 사람,그 관리자가 이 공장을 관리한다.,
1,12,-er/-or,행위자(a person who does an action),prosecutor,"검사, 기소자, 실행자",The prosecutor will prove that Mr. Brown is guilty.,prosecutor|prosecution,mid,What does prosecutor mean?,"검사, 기소자, 실행자",etymology,396,DAY 12,1,행위자(a person who does an action),prosecute(기소하다) + or(접사) → 기소하는 사람,그 검사는 Brown 씨가 유죄임을 입증할 것이다.,
1,13,-ee,행위를 당하는 사람(a person who is affected by an action),interviewee,면접을[인터뷰를] 받는 사람,He asked the interviewee very difficult questions.,interviewee|interviewer,mid,What does interviewee mean?,면접을[인터뷰를] 받는 사람,etymology,397,DAY 13,2,행위를 당하는 사람(a person who is affected by an action),interview(면접하다) + ee(접사) → 면접을 받는 사람,그는 면접을 받는 사람에게 아주 어려운 질문을 했다.,
1,13,-ee,행위를 당하는 사람(a person who is affected by an action),absentee,"부재자, 결석자, 불참자",There are two sick absentees in my class today.,absentee|absence,mid,What does absentee mean?,"부재자, 결석자, 불참자",etymology,398,DAY 13,2,행위를 당하는 사람(a person who is affected by an action),absent(부재의) + ee(접사) → 부재 중인 사람,오늘 나의 학급에는 두 명의 병결자가 있다.,
1,13,-ist,행위자(a person who does an action),dentist,치과의사,The dentist pulled out the boy’s tooth.,dentist|dental|dentistry,mid,What does dentist mean?,치과의사,etymology,399,DAY 13,3,행위자(a person who does an action),dent(= tooth) + ist(접사) → 치아를 치료하는 사람,치과의사는 소년의 치아를 뽑았다.,
1,13,-ist,행위자(a person who does an action),chemist,"화학자, 약사",My dream is to be a chemist who will win a Nobel Prize.,chemist|chemistry|chemical,mid,What does chemist mean?,"화학자, 약사",etymology,400,DAY 13,3,행위자(a person who does an action),chem(= alchemy: 연금술) + ist(접사) → 연금술을 하는 사람 → 화학 약품을 다루는 사람,나의 꿈은 노벨상을 타는 화학자가 되는 것이다.,
1,13,-ist,행위자(a person who does an action),physicist,물리학자,Stephen Hawking is a famous English physicist.,physicist|physician,mid,What does physicist mean?,물리학자,etymology,401,DAY 13,3,행위자(a person who does an action),physics(물리학) + ist(접사) → 물리학을 연구하는 사람,Stephen Hawking은 유명한 영국의 물리학자이다.,
1,13,-ist,행위자(a person who does an action),biologist,생물학자,Most biologists believe in evolution.,biologist|biology|biological,mid,What does biologist mean?,생물학자,etymology,402,DAY 13,3,행위자(a person who does an action),biology(생물학) + ist(접사) → 생물학을 연구하는 사람,대부분의 생물학자들은 진화를 믿는다.,
1,13,-ist,행위자(a person who does an action),economist,경제학자,Economists are worried about rapid inflation.,economist|economics|economic|economical,mid,What does economist mean?,경제학자,etymology,403,DAY 13,3,행위자(a person who does an action),economy(경제) + ist(접사) → 경제를 연구하는 사람,경제학자들은 급격한 인플레이션을 걱정하고 있다.,
1,13,-ist,행위자(a person who does an action),psychologist,심리학자,Psychologists work in various areas.,psychologist|psychological|psychoanalysis,mid,What does psychologist mean?,심리학자,etymology,404,DAY 13,3,행위자(a person who does an action),psychology(심리학) + ist(접사) → 심리학을 연구하는 사람,심리학자들은 다양한 분야에서 일한다.,
1,13,-ist,행위자(a person who does an action),journalist,"신문[잡지] 기자, 언론인",He worked as a journalist at the New York Times .,journalist|journalism,mid,What does journalist mean?,"신문[잡지] 기자, 언론인",etymology,405,DAY 13,3,행위자(a person who does an action),"→ 신문, 잡지 등을 만드는 일에 종사하는 사람",그는 ‘New York Times’의 기자로 일했다.,
1,13,-ant,행위자(a person who does an action),attendant,"안내원, 종업원 a. 참석한",The attendant showed them to their seats.,attendant|attention|attendance,mid,What does attendant mean?,"안내원, 종업원 a. 참석한",etymology,406,DAY 13,4,행위자(a person who does an action),"attend(= pay attention) + ant(접사) → 주의, 관심을 가져주는 사람",그 안내원은 그들을 자리로 안내했다.,
1,13,-ant,행위자(a person who does an action),servant,"하인, 종업원",He was a servant true to his master.,servant|server,mid,What does servant mean?,"하인, 종업원",etymology,407,DAY 13,4,행위자(a person who does an action),serve(시중을 들다) + ant(접사) → 시중을 드는 사람,그는 주인에게 충실한 하인이었다.,
1,13,-ant,행위자(a person who does an action),participant,참가자,She was an active participant in the project.,participant|participation,mid,What does participant mean?,참가자,etymology,408,DAY 13,4,행위자(a person who does an action),participate(참석하다) + ant(접사) → 행사[일]에 참가한 사람,그녀는 그 프로젝트에 적극적인 참여자였다.,
1,13,-ant,행위자(a person who does an action),accountant,회계사,Could you recommend me a good accountant?,accountant,mid,What does accountant mean?,회계사,etymology,409,DAY 13,4,행위자(a person who does an action),account(계산) + ant(접사) → 계산을 하는 사람,괜찮은 회계사를 소개해주시겠어요?,
1,13,-ary,행위자(a person who does an action),secretary,"비서, 서기, 장관",She is the new secretary to the president.,secretary,mid,What does secretary mean?,"비서, 서기, 장관",etymology,410,DAY 13,5,행위자(a person who does an action),secret(비밀) + ary(접사) → 비밀을 취급하는 사람,그녀는 사장의 새로운 비서이다.,
1,13,-ary,행위자(a person who does an action),missionary,선교사,He went to India as a missionary.,missionary,mid,What does missionary mean?,선교사,etymology,411,DAY 13,5,행위자(a person who does an action),→ 종교 전파의 임무를 수행하기 위해 돌아다니는 사람,그는 선교사로 인도에 갔다.,
1,13,-ive,행위자(a person who does an action),detective,"탐정, 수사관 a. 탐정의",She hired a private detective to find her missing child.,detective|detection|detector,mid,What does detective mean?,"탐정, 수사관 a. 탐정의",etymology,412,DAY 13,5,행위자(a person who does an action),detect(발견하다) + ive(접사) → 사건의 원인을 찾아내는 사람,그녀는 자신의 실종된 아이를 찾기 위해 사설탐정을 고용했다.,
1,13,-ive,행위자(a person who does an action),representative,"대표자, (판매) 대리인, 대표하는 것 a. 대표적인, 전형적인",She was the Queen’s representative at the ceremony.,representative|representation,high,What does representative mean?,"대표자, (판매) 대리인, 대표하는 것 a. 대표적인, 전형적인",etymology,413,DAY 13,5,행위자(a person who does an action),represent(대표하다) + ive(접사) → 대표하는 사람,그녀는 그 의식에서 여왕의 대리인이었다.,
1,13,-able/-ible,할 수 있는(capable),available,"이용할 수 있는, 유효한",The ground is available on weekdays.,available|availability,mid,What does available mean?,"이용할 수 있는, 유효한",etymology,414,DAY 13,1,할 수 있는(capable),a(= ab: to) + vail(= worth) + able(접사) → 가치가 있는,그 운동장은 주중에 이용할 수 있다.,
1,13,-able/-ible,할 수 있는(capable),believable,믿을[신용할] 만한,His description of the crime was believable.,believable|unbelievable,mid,What does believable mean?,믿을[신용할] 만한,etymology,415,DAY 13,1,할 수 있는(capable),be(동사를 만드는 표현) + liev(e)(= leven: love) + able(접사) → 좋아할 수 있는,그 범죄에 대한 그의 묘사는 믿을 만했다.,
1,13,-able/-ible,할 수 있는(capable),desirable,"바람직한, 호감이 가는",It is desirable to keep silent in public places.,desirable,mid,What does desirable mean?,"바람직한, 호감이 가는",etymology,416,DAY 13,1,할 수 있는(capable),desire + able(접사) → 바랄 수 있는,공공장소에서 조용히 하는 것이 바람직하다.,
1,13,-able/-ible,할 수 있는(capable),durable,"내구성이 강한, 오래 견디는","The roofs are durable, so they last for a long time.",durable|durability,mid,What does durable mean?,"내구성이 강한, 오래 견디는",etymology,417,DAY 13,1,할 수 있는(capable),dur(e)(= last) + able(접사) → 오래 갈 수 있는,그 지붕들은 내구성이 있어서 오래 간다.,
1,13,-able/-ible,할 수 있는(capable),enjoyable,"즐거운, 재미있는",Thank you for the most enjoyable evening.,enjoyable,mid,What does enjoyable mean?,"즐거운, 재미있는",etymology,418,DAY 13,1,할 수 있는(capable),en(=make) + joy + able(접사) → 즐거움을 줄 수 있는,정말 즐거운 저녁에 대해 감사드립니다.,
1,13,-able/-ible,할 수 있는(capable),memorable,"기억에 남을, 중대한",She started her memorable Nobel Prize speech.,memorable,mid,What does memorable mean?,"기억에 남을, 중대한",etymology,419,DAY 13,1,할 수 있는(capable),memor(= mindful) + able(접사) → 염두에 둘 수 있는,그녀는 기억에 남을 노벨상 연설을 시작했다.,
1,13,-able/-ible,할 수 있는(capable),honorable,"훌륭한, 명예로운, 존경할 만한",Many view farming as an honorable profession.,honorable,mid,What does honorable mean?,"훌륭한, 명예로운, 존경할 만한",etymology,420,DAY 13,1,할 수 있는(capable),honor + able(접사) → 명예로운,많은 사람들이 농업을 훌륭한 직업으로 본다.,
1,13,-able/-ible,할 수 있는(capable),notable,"주목할 만한, 유명한",There is one notable actor among many outstanding ones.,notable,mid,What does notable mean?,"주목할 만한, 유명한",etymology,421,DAY 13,1,할 수 있는(capable),not(e) + able(접사) → 주목할 수 있는,많은 뛰어난 배우들 가운데 한 명의 주목할 만한 배우가 있다.,
1,13,-able/-ible,할 수 있는(capable),reliable,신뢰할 만한,I found him to be a smart and reliable worker.,reliable|reliability,mid,What does reliable mean?,신뢰할 만한,etymology,422,DAY 13,1,할 수 있는(capable),reli(= rely) + able(접사) → 신뢰할 수 있는,나는 그가 똑똑하고 신뢰할 만한 직원이라는 것을 알았다.,
1,13,-able/-ible,할 수 있는(capable),remarkable,"주목할 만한, 놀라운",Parrots have remarkable singing skills.,remarkable,mid,What does remarkable mean?,"주목할 만한, 놀라운",etymology,423,DAY 13,1,할 수 있는(capable),re(= again) + mark + able(접사) → 다시 표시할 수 있는,앵무새들은 주목할 만한 노래 기술을 갖고 있다.,
1,13,-able/-ible,할 수 있는(capable),flexible,"구부리기 쉬운, 융통성이 있는",Rubber and plastic are flexible materials.,flexible|flexibility,mid,What does flexible mean?,"구부리기 쉬운, 융통성이 있는",etymology,424,DAY 13,1,할 수 있는(capable),flex(= bend) + ible(접사) → 구부릴 수 있는,고무와 플라스틱은 구부리기 쉬운 물질이다.,
1,13,-able/-ible,할 수 있는(capable),intelligible,"이해할 수 있는, 알기 쉬운, 명료한",His French was strongly accented but intelligible.,intelligible,mid,What does intelligible mean?,"이해할 수 있는, 알기 쉬운, 명료한",etymology,425,DAY 13,1,할 수 있는(capable),intel(= inter) + lig(= leg: pick up) + ible(접사) → 이해할 수 있는,그의 프랑스어는 억양이 강했지만 이해할 수 있었다,
1,13,-able/-ible,할 수 있는(capable),negligible,"무시해도 좋은, 하찮은",The pay that the soldiers received was negligible.,negligible|negligence,mid,What does negligible mean?,"무시해도 좋은, 하찮은",etymology,426,DAY 13,1,할 수 있는(capable),neg(= not) + lig(= leg: pick up) + ible(접사) → 선택하지 않아도 되는,병사들이 받은 봉급은 무시할 만한[하찮은] 정도였다.,
1,13,-able/-ible,할 수 있는(capable),sensible,"분별 있는, 현명한",He may look like a fool in the eyes of sensible people.,sensible,mid,What does sensible mean?,"분별 있는, 현명한",etymology,427,DAY 13,1,할 수 있는(capable),sens(e) + ible(접사) → 분별할 수 있는,그는 분별 있는 사람들의 눈에는 바보처럼 보일 수 있다.,
1,13,-ic,"연관시키는(relating to), 특성을 가진(characterized by)",graphic,"그림의, 사실적인",Send a graphic file (JPG) of the current view.,graphic,mid,What does graphic mean?,"그림의, 사실적인",etymology,428,DAY 13,2,"연관시키는(relating to), 특성을 가진(characterized by)",graph(=write)+ ic(접사) → 쓰인 것의,현재 보는 것의 그림 파일(JPG)을 보내세요.,
1,13,-ic,"연관시키는(relating to), 특성을 가진(characterized by)",economic,경제의,Raising taxes slows down economic growth.,economic|economical,mid,What does economic mean?,경제의,etymology,429,DAY 13,2,"연관시키는(relating to), 특성을 가진(characterized by)",econom(y) + ic(접사) → 경제의,세금을 올리는 것은 경제 성장을 늦춘다.,
1,13,-ic,"연관시키는(relating to), 특성을 가진(characterized by)",ironic,"아이러니의, 반어의, 비꼬는",It’s ironic that the painter is blind.,ironic,mid,What does ironic mean?,"아이러니의, 반어의, 비꼬는",etymology,430,DAY 13,2,"연관시키는(relating to), 특성을 가진(characterized by)",iron(y) + ic(접사) → 아이러니의,그 화가가 볼 수 없다는 점이 아이러니이다.,
1,13,-ic,"연관시키는(relating to), 특성을 가진(characterized by)",romantic,"낭만적인, 사랑에 잘 빠지는",,romantic,mid,What does romantic mean?,"낭만적인, 사랑에 잘 빠지는",etymology,431,DAY 13,2,"연관시키는(relating to), 특성을 가진(characterized by)","romant(= romaunt: 낭만적인, 사랑에 잘 빠지는) + ic(접사) → 낭만적인, 사랑에 잘 빠지는",They enjoyed a romantic dinner. 그들은 낭만적인 저녁 식사를 즐겼다.,
1,13,-ous,"성질을 가진(possessing), 가득한(full of)",furious,"몹시 화가 난, 맹렬한",The doctor was furious at the accusation.,furious,mid,What does furious mean?,"몹시 화가 난, 맹렬한",etymology,432,DAY 13,3,"성질을 가진(possessing), 가득한(full of)",furi(= furia: rage 분노) + ous(접사) → 분노를 가진,그 박사는 그 고발에 대해 몹시 화가 났다.,
1,13,-ous,"성질을 가진(possessing), 가득한(full of)",glorious,"영광스러운, 빛나는",It was a glorious page in English history.,glorious,mid,What does glorious mean?,"영광스러운, 빛나는",etymology,433,DAY 13,3,"성질을 가진(possessing), 가득한(full of)",glori(= gloria: fame) + ous(접사) → 유명한,그것은 영국 역사상 영광스러운 한 페이지였다.,
1,13,-ous,"성질을 가진(possessing), 가득한(full of)",envious,"부러워하는, 질투심이 나는",He was envious of his friend’s toy gun.,envious,mid,What does envious mean?,"부러워하는, 질투심이 나는",etymology,434,DAY 13,3,"성질을 가진(possessing), 가득한(full of)",envi(= invidia: eye maliciously 심술궂게 보다) + ous(접사) → 미운 마음이 있는,그는 친구의 장난감 총이 부러웠다.,
1,13,-ous,"성질을 가진(possessing), 가득한(full of)",industrious,"근면한, 성실한",She is an industrious researcher.,industrious,mid,What does industrious mean?,"근면한, 성실한",etymology,435,DAY 13,3,"성질을 가진(possessing), 가득한(full of)",industri(= industria: diligence) + ous(접사) → 부지런한,그녀는 근면한 연구자이다,
1,13,-ous,"성질을 가진(possessing), 가득한(full of)",simultaneous,동시의,I don’t want to deal with the two simultaneous accidents.,simultaneous|simultaneously,mid,What does simultaneous mean?,동시의,etymology,436,DAY 13,3,"성질을 가진(possessing), 가득한(full of)",simultane(= simultim: at the same time) + ous(접사) → 동시의,나는 동시에 일어난 그 두 사고를 다루고 싶지 않다.,
1,13,-ous,"성질을 가진(possessing), 가득한(full of)",spontaneous,"자발적인, 즉흥적인",The charity thanked us for our spontaneous offer.,spontaneous|spontaneously,mid,What does spontaneous mean?,"자발적인, 즉흥적인",etymology,437,DAY 13,3,"성질을 가진(possessing), 가득한(full of)",spont(=willingly) + an(접사) + (e)ous(접사) → 자발적인,그 자선 단체는 우리의 자발적인 제안에 감사했다.,
1,14,-ive,"성질을 가진(quality of), 성향이 있는(inclined to)",defensive,"방어하는, 방어의",He became defensive and tried to protect himself.,defensive,mid,What does defensive mean?,"방어하는, 방어의",etymology,438,DAY 14,4,"성질을 가진(quality of), 성향이 있는(inclined to)",de(= away) + fens(= fendere: strike) + ive(접사) → (상대의 검을) 쳐서 멀리 보내는,그는 방어적이 되었고 자신을 보호하려 했다.,
1,14,-ive,"성질을 가진(quality of), 성향이 있는(inclined to)",effective,"효과적인, 효력이 있는",The new vaccines are much more effective.,effective|effectively,mid,What does effective mean?,"효과적인, 효력이 있는",etymology,439,DAY 14,4,"성질을 가진(quality of), 성향이 있는(inclined to)",effect + ive(접사) → 효과적인,그 새로운 백신이 훨씬 더 효과적이다.,
1,14,-ive,"성질을 가진(quality of), 성향이 있는(inclined to)",festive,"축제의, 명절 기분의, 즐거운",The town has a festive holiday atmosphere.,festive,mid,What does festive mean?,"축제의, 명절 기분의, 즐거운",etymology,440,DAY 14,4,"성질을 가진(quality of), 성향이 있는(inclined to)",fest(= festival) + ive(접사) → 축제와 같은,그 마을은 명절의 축제 분위기이다.,
1,14,-ive,"성질을 가진(quality of), 성향이 있는(inclined to)",negative,"부정의, 부정적인, 음성의",One negative element of the program is its high cost.,negative|negatively,mid,What does negative mean?,"부정의, 부정적인, 음성의",etymology,441,DAY 14,4,"성질을 가진(quality of), 성향이 있는(inclined to)",negat(= negate: deny) + ive(접사) → 부정적으로 말하는,그 프로그램의 한 가지 부정적인 요소는 그것의 높은 비용이다.,
1,14,-ive,"성질을 가진(quality of), 성향이 있는(inclined to)",objective,객관적인 n. 목표,Debates help us remain objective.,objective|objectively,mid,What does objective mean?,객관적인 n. 목표,etymology,442,DAY 14,4,"성질을 가진(quality of), 성향이 있는(inclined to)",ob(= against) + ject(= jet: throw) + ive(접사) → 반대하여 던지는,토론은 우리가 계속 객관적이 되도록 돕는다.,
1,14,-ive,"성질을 가진(quality of), 성향이 있는(inclined to)",positive,"긍정적인, (검사 결과가) 양성 (반응)의",He is such a positive person that everybody loves him.,positive|positively,mid,What does positive mean?,"긍정적인, (검사 결과가) 양성 (반응)의",etymology,443,DAY 14,4,"성질을 가진(quality of), 성향이 있는(inclined to)","posit(= placed, put) + ive(접사) → 자리가 정해진",그는 너무나 긍정적인 사람이어서 모두가 그를 좋아한다.,
1,14,-ive,"성질을 가진(quality of), 성향이 있는(inclined to)",persuasive,"설득력이 있는, 설득을 잘하는",The salesman had a very persuasive way of talking.,persuasive|persuade|persuasion,mid,What does persuasive mean?,"설득력이 있는, 설득을 잘하는",etymology,444,DAY 14,4,"성질을 가진(quality of), 성향이 있는(inclined to)",per(= thoroughly) + suas(= suadere: urge) + ive(접사) → 완전히 설득하는,그 판매원은 매우 설득력이 있게 말하는 방식을 갖고 있었다.,
1,14,-ary/-sory/-tory,"~의(of), 연관이 있는(relating to)",complimentary,"칭찬하는, 무료의",Ms. Stevens was very complimentary about your work.,complimentary|compliment,high,What does complimentary mean?,"칭찬하는, 무료의",etymology,445,DAY 14,1,"~의(of), 연관이 있는(relating to)",compli(= complere: complete) + ment(접사) + ary(접사) → 완성한 것과 연관이 있는,Stevens 선생님께서 네 작품을 무척 칭찬하셨어.,
1,14,-ary/-sory/-tory,"~의(of), 연관이 있는(relating to)",elementary,"기본적인, 초보의",I’m only familiar with the subject at an elementary level.,elementary|element,mid,What does elementary mean?,"기본적인, 초보의",etymology,446,DAY 14,1,"~의(of), 연관이 있는(relating to)",element(= elementum: first principle) + ary(접사) → 첫째 원리의,나는 기본적인 수준으로 그 주제에 친숙할 뿐이다.,
1,14,-ary/-sory/-tory,"~의(of), 연관이 있는(relating to)",literary,"문학의, 문학적인",The Egyptian literary works were usually written on papyrus.,literary|literature,mid,What does literary mean?,"문학의, 문학적인",etymology,447,DAY 14,1,"~의(of), 연관이 있는(relating to)",liter(= letter) + ary(접사) → 글자의 → 글자로 표현한,이집트 문학 작품들은 대개 파피루스 위에 쓰였다.,
1,14,-ary/-sory/-tory,"~의(of), 연관이 있는(relating to)",solitary,"혼자의, 혼자 하는, 단 하나의",A solitary police officer stood at the gate.,solitary|solitude,mid,What does solitary mean?,"혼자의, 혼자 하는, 단 하나의",etymology,448,DAY 14,1,"~의(of), 연관이 있는(relating to)",sol(= sole: 단 하나의) + it(y)(접사) + ary(접사) → 혼자의,경찰관 한 명이 혼자 정문에 서 있었다.,
1,14,-ary/-sory/-tory,"~의(of), 연관이 있는(relating to)",imaginary,"상상의, 가공의",Cartoons show imaginary things we cannot meet in reality.,imaginary|imagine|imagination,mid,What does imaginary mean?,"상상의, 가공의",etymology,449,DAY 14,1,"~의(of), 연관이 있는(relating to)",imagin(= image) + ary(접사) → 마음속에 떠오르는 영상과 연관된,만화는 우리가 현실에서 만날 수 없는 상상의 것들을 보여 준다.,
1,14,-ary/-sory/-tory,"~의(of), 연관이 있는(relating to)",stationary,"움직이지 않는, 정지된",The bus collided with a stationary vehicle.,stationary|station,mid,What does stationary mean?,"움직이지 않는, 정지된",etymology,450,DAY 14,1,"~의(of), 연관이 있는(relating to)",stat(= stand) + ion(접사) + ary(접사) → 서 있는 것과 연관 있는,그 버스가 정지해 있는 차량과 충돌했다.,
1,14,-ary/-sory/-tory,"~의(of), 연관이 있는(relating to)",compulsory,"강제적인, 의무적인, 필수의",Attendance at lectures is compulsory.,compulsory|compel|compulsion,mid,What does compulsory mean?,"강제적인, 의무적인, 필수의",etymology,451,DAY 14,1,"~의(of), 연관이 있는(relating to)",com(= together) + pul(= pellere: drive) + sory(접사) → 함께 몰고 가는,강의 출석은 의무적이다.,
1,14,-ary/-sory/-tory,"~의(of), 연관이 있는(relating to)",explanatory,"설명하기 위한, 이유를 밝히는",There are explanatory notes at the end of each chapter.,explanatory,mid,What does explanatory mean?,"설명하기 위한, 이유를 밝히는",etymology,452,DAY 14,1,"~의(of), 연관이 있는(relating to)",ex(= out) + plana(= planus: flat) + tory(접사) → 밖을 반반하게 하는 것과 연관 있는 → 설명을 통해 반반해진,각 장의 끝부분에 설명하기 위한 주석이 있다.,
1,14,-ary/-sory/-tory,"~의(of), 연관이 있는(relating to)",satisfactory,"만족할 만한, 훌륭한, 충분한",His progress this semester has been satisfactory.,satisfactory|satisfy|satisfaction,mid,What does satisfactory mean?,"만족할 만한, 훌륭한, 충분한",etymology,453,DAY 14,1,"~의(of), 연관이 있는(relating to)",satisfac(= do enough) + tory(접사) → 충분히 행한 → 만족한,이번 학기 그의 발전은 만족할 만했다.,all|reasonable
1,14,-ate/-ite,특징을 가진(quality of),affectionate,"다정한, 애정 어린",His father was very affectionate towards his children.,affectionate|affection,mid,What does affectionate mean?,"다정한, 애정 어린",etymology,454,DAY 14,2,특징을 가진(quality of),af(= ad: to) + fect(= facere: do) + ion(접사) + ate(접사) → 해줄 마음이 있는,그의 아버지는 자녀들에게 매우 다정했다.,
1,14,-ate/-ite,특징을 가진(quality of),desolate,"황량한, 적막한, 고독한",There was a desolate plain ahead of us.,desolate|desolation,mid,What does desolate mean?,"황량한, 적막한, 고독한",etymology,455,DAY 14,2,특징을 가진(quality of),de(= completely) + sol(= solare: make lonely) + ate(접사) → 매우 외롭게 만드는 특징을 가진,우리 앞에는 황량한 벌판이 펼쳐져 있었다.,
1,14,-ate/-ite,특징을 가진(quality of),definite,"분명한, 뚜렷한, 확실한",It’s impossible for me to give you a definite answer.,definite,mid,What does definite mean?,"분명한, 뚜렷한, 확실한",etymology,456,DAY 14,2,특징을 가진(quality of),de(= completely) + fin(= finire: limit) + ite(접사) → 확실하게 제한하는,내가 당신에게 분명한 대답을 주는 것은 불가능하다.,
1,14,-ate/-ite,특징을 가진(quality of),favorite,"가장 좋아하는 n. 좋아하는 사람, 좋아하는 것",Stephen King is one of my favorite writers.,favorite|favor,mid,What does favorite mean?,"가장 좋아하는 n. 좋아하는 사람, 좋아하는 것",etymology,457,DAY 14,2,특징을 가진(quality of),favor(= goodwill) + ite(접사) → 선의의 특징을 가진,Stephen King은 내가 가장 좋아하는 작가들 중 한 명이다.,
1,14,-ant/-ent,성향이 있는(inclined to),relevant,"연관된, 적절한, 유의미한",All evidence relevant to this case must be given to the police.,relevant|relevance,mid,What does relevant mean?,"연관된, 적절한, 유의미한",etymology,458,DAY 14,3,성향이 있는(inclined to),relev(= relevare: lighten) + ant(접사) → 가볍게 만드는 성향이 있는 → 연관이 있는,이 사건과 연관된 모든 증거가 경찰에 제출되어야 한다.,
1,14,-ant/-ent,성향이 있는(inclined to),brilliant,"훌륭한, 뛰어난, 아주 밝은, 눈부신",A brilliant young engineer invented the device.,brilliant|brilliance,mid,What does brilliant mean?,"훌륭한, 뛰어난, 아주 밝은, 눈부신",etymology,459,DAY 14,3,성향이 있는(inclined to),brilli(= brillare: glitter 반짝이다) + ant(접사) → 반짝이는 성향이 있는,한 뛰어난 젊은 공학자가 그 장치를 발명했다.,bright|vivid|vibrant
1,14,-ant/-ent,성향이 있는(inclined to),buoyant,"부력이 있는, 자신감에 차 있는, 경기가 좋은",Salt water is more buoyant than fresh water.,buoyant|buoyancy,mid,What does buoyant mean?,"부력이 있는, 자신감에 차 있는, 경기가 좋은",etymology,460,DAY 14,3,성향이 있는(inclined to),buoy(= lift) + ant(접사) → 위로 올라가는 성향이 있는,바닷물은 민물보다 부력이 더 크다.,
1,14,-ant/-ent,성향이 있는(inclined to),vibrant,"떨리는, 진동하는, 활기찬",,vibrant|vibrate|vibration,mid,What does vibrant mean?,"떨리는, 진동하는, 활기찬",etymology,461,DAY 14,3,성향이 있는(inclined to),vibr(= vibrare: shake) + ant(접사) → 흔들리는 성향이 있는,His vibrant voice is fantastic. 그의 떨리는 목소리는 환상적이다.,
1,14,-ant/-ent,성향이 있는(inclined to),absorbent,"잘 빨아들이는, 흡수력 있는",These paper towels are very absorbent.,absorbent|absorb|absorption,mid,What does absorbent mean?,"잘 빨아들이는, 흡수력 있는",etymology,462,DAY 14,3,성향이 있는(inclined to),ab(= from) + sorb(= sorbere: suck in) + ent(접사) → 빨아들이는 성향이 있는,이 종이 수건들은 흡수력이 매우 좋다.,
1,14,-ful,"가득한, 풍부한(full of)",delightful,"기분 좋은, 마음에 드는",There is a delightful little garden behind the house.,delightful|delight,mid,What does delightful mean?,"기분 좋은, 마음에 드는",etymology,463,DAY 14,4,"가득한, 풍부한(full of)",delight(= delite: pleasure) + ful(접사) → 즐거움이 풍부한,그 집 뒤에 마음에 드는 작은 정원이 있다.,
1,14,-ful,"가득한, 풍부한(full of)",grateful,"고마워하는, 감사하는",I’m grateful for very simple things.,grateful,mid,What does grateful mean?,"고마워하는, 감사하는",etymology,464,DAY 14,4,"가득한, 풍부한(full of)",grate(= gratus: gratitude 감사) + ful(접사) → 감사로 가득한,나는 매우 소박한 것들에 감사한다.,
1,14,-ful,"가득한, 풍부한(full of)",harmful,해로운,Smoking is harmful to your health.,harmful|harm,mid,What does harmful mean?,해로운,etymology,465,DAY 14,4,"가득한, 풍부한(full of)","harm(= hurt, evil) + ful(접사) → 고통과 악으로 가득한",흡연은 건강에 해롭다.,
1,14,-ful,"가득한, 풍부한(full of)",respectful,"존중하는, 경의를 표하는",We should be respectful of other people’s points of view.,respectful|respect,mid,What does respectful mean?,"존중하는, 경의를 표하는",etymology,466,DAY 14,4,"가득한, 풍부한(full of)",re(= back) + spect(= specere: look at) + ful(접사) → 뒤를 보게 되는,우리는 다른 사람들의 관점을 존중해야 한다.,
1,14,-ful,"가득한, 풍부한(full of)",skillful,"능숙한, 숙련된, 솜씨 있는",She was a skillful and experienced negotiator.,skillful|skill,mid,What does skillful mean?,"능숙한, 숙련된, 솜씨 있는",etymology,467,DAY 14,4,"가득한, 풍부한(full of)",skill(= skil: distinction 뛰어남) + ful(접사) → 뛰어남으로 가득한,그녀는 능숙하고 경험 있는 협상가였다.,
1,14,-al,관계가 있는(relating to),literal,"문자 그대로의, 직역의",A literal meaning of the name Tapies is ‘walls.’,literal|literalness,mid,What does literal mean?,"문자 그대로의, 직역의",etymology,468,DAY 14,1,관계가 있는(relating to),liter(= letter) + al(접사) → 문자와 관계가 있는,Tapies라는 이름의 문자 그대로의 의미는 ‘벽’이다.,
1,14,-al,관계가 있는(relating to),formal,"격식을 차린, 공식적인",I don’t think the shoes will match formal wear.,formal|formalize,mid,What does formal mean?,"격식을 차린, 공식적인",etymology,469,DAY 14,1,관계가 있는(relating to),"form(격식, 형식) + al(접사) → 격식과 관계가 있는",나는 그 신발이 정장에 어울리지 않을 거라고 생각한다.,
1,14,-al,관계가 있는(relating to),historical,"역사의, 역사상의",The man writes historical novels.,historical|historic,mid,What does historical mean?,"역사의, 역사상의",etymology,470,DAY 14,1,관계가 있는(relating to),histor(= history: 역사) + ic(접사) + al(접사) → 역사와 관계가 있는,그 남자는 역사 소설을 쓴다.,
1,14,-al,관계가 있는(relating to),biological,생물학의,Puberty is a time of rapid biological change.,biological,mid,What does biological mean?,생물학의,etymology,471,DAY 14,1,관계가 있는(relating to),biolog(= biology: 생물학) + ic(접사) + al(접사) → 생물학과 관계가 있는,사춘기는 급격한 생물학적 변화가 일어나는 시기이다.,
1,14,-al,관계가 있는(relating to),chemical,"화학적인, 화학의",They succeeded in developing a new chemical product.,chemical,mid,What does chemical mean?,"화학적인, 화학의",etymology,472,DAY 14,1,관계가 있는(relating to),chem(= alchemy: 연금술) + ic(접사) + al(접사) → 화학과 관계가 있는,그들은 새 화학제품을 개발하는 데 성공했다.,
1,14,-al,관계가 있는(relating to),medical,"의학의, 의료의",My father worked hard for the development of medical science.,medical|medicine,mid,What does medical mean?,"의학의, 의료의",etymology,473,DAY 14,1,관계가 있는(relating to),medic(=medicus: 의사) + al(접사) → 의사와 관계가 있는,나의 아버지는 의학 발전을 위해 열심히 일하셨다.,
1,14,-al,관계가 있는(relating to),national,"국가의, 국립의",They are very important national heritage.,national|nationalize,mid,What does national mean?,"국가의, 국립의",etymology,474,DAY 14,1,관계가 있는(relating to),nation + al(접사) → 국가와 관계가 있는,그것들은 매우 중요한 국가 유산이다.,
1,14,-ish,특징이 있는(characteristic),childish,"유치한, 어린애 같은",You’d better not be so childish.,childish|childishness,mid,What does childish mean?,"유치한, 어린애 같은",etymology,475,DAY 14,2,특징이 있는(characteristic),child + ish(접사) → 어린이의 특징을 가진,너는 그렇게 유치하게 굴지 않는 게 좋을 거야.,childish|childlike
1,14,-ish,특징이 있는(characteristic),foolish,"어리석은, 멍청한",You were foolish to believe what she told you.,foolish|foolishness,mid,What does foolish mean?,"어리석은, 멍청한",etymology,476,DAY 14,2,특징이 있는(characteristic),fool + ish(접사) → 바보의 특징을 가진,그녀가 네게 한 말을 믿다니 너는 어리석었어.,
1,14,-ish,특징이 있는(characteristic),selfish,이기적인,It was selfish of her to make you do it all.,selfish|selfishness,mid,What does selfish mean?,이기적인,etymology,477,DAY 14,2,특징이 있는(characteristic),self + ish(접사) → 자기 자신만 생각하는 특징이 있는,그녀가 그 모든 일을 네가 하도록 시킨 것은 이기적이었어.,
1,14,-ish,특징이 있는(characteristic),reddish,불그스름한,Cathy had her hair dyed reddish.,reddish|reddishness,mid,What does reddish mean?,불그스름한,etymology,478,DAY 14,2,특징이 있는(characteristic),redd(= red) + ish(접사) → 빨간색의 특징을 지닌,Cathy는 자신의 머리를 불그스름하게 염색했다.,
1,15,-less,없는(without),countless,"셀 수 없이 많은, 무수한",Countless people are suffering from the disease.,countless|countlessly,mid,What does countless mean?,"셀 수 없이 많은, 무수한",etymology,479,DAY 15,3,없는(without),count + less(접사) → 셀 수 없는,셀 수 없이 많은 사람들이 그 병을 앓고 있다.,
1,15,-less,없는(without),valueless,"가치가 없는, 무가치한","If the results are biased, the study is valueless.",valueless|valuelessness,mid,What does valueless mean?,"가치가 없는, 무가치한",etymology,480,DAY 15,3,없는(without),value + less(접사) → 가치가 없는,그 결과가 편향된 것이라면 그 연구는 가치가 없다.,
1,15,-less,없는(without),careless,부주의한,It was careless of me to leave the computer on.,careless|carelessness,high,What does careless mean?,부주의한,etymology,481,DAY 15,3,없는(without),care + less(접사) → 주의가 없는,컴퓨터를 켜 놓다니 내가 부주의했어.,
1,15,-less,없는(without),painless,"아프지 않은, 고통 없는",The treatment will be painless if you don’t move.,painless,mid,What does painless mean?,"아프지 않은, 고통 없는",etymology,482,DAY 15,3,없는(without),pain + less(접사) → 고통이 없는,"네가 움직이지만 않는다면, 그 치료는 아프지 않을 거야.",
1,15,-less,없는(without),useless,쓸모없는,It is useless to regret at this point.,useless|uselessly,mid,What does useless mean?,쓸모없는,etymology,483,DAY 15,3,없는(without),use + less(접사) → 사용할 수 없는,이제 와서 후회하는 것은 아무 쓸모없다.,
1,15,-y,"관계가 있는(relating to), 마다(every)",timely,시기적절한,It was timely advice to us all.,timely|timeliness,mid,What does timely mean?,시기적절한,etymology,484,DAY 15,4,"관계가 있는(relating to), 마다(every)",time + ly(접사) → 시간과 관계가 있는,그것은 우리 모두에게 시기적절한 조언이었다.,
1,15,-y,"관계가 있는(relating to), 마다(every)",costly,비용이 많이 드는,Buying a new car may be too costly.,costly,mid,What does costly mean?,비용이 많이 드는,etymology,485,DAY 15,4,"관계가 있는(relating to), 마다(every)",cost + ly(접사) → 비용과 관계가 있는,새 자동차를 사는 것은 비용이 너무 많이 들지도 모른다.,
1,15,-y,"관계가 있는(relating to), 마다(every)",leisurely,"여유로운, 한가한",I want to enjoy a leisurely life after retirement.,leisurely|leisureliness,mid,What does leisurely mean?,"여유로운, 한가한",etymology,486,DAY 15,4,"관계가 있는(relating to), 마다(every)",leisure + ly(접사) → 여가와 관계가 있는,나는 은퇴 후에 여유로운 삶을 즐기고 싶다.,
1,15,-y,"관계가 있는(relating to), 마다(every)",monthly,"월간의, 매월의",My boss told me to take care of the monthly report.,monthly,mid,What does monthly mean?,"월간의, 매월의",etymology,487,DAY 15,4,"관계가 있는(relating to), 마다(every)",month + ly(접사) → 한 달마다의,나의 사장님이 내게 월간 보고서를 처리하라고 말씀하셨다.,
1,15,-y,"관계가 있는(relating to), 마다(every)",yearly,"1년의, 매년의",The facility is checked on a yearly basis.,yearly,mid,What does yearly mean?,"1년의, 매년의",etymology,488,DAY 15,4,"관계가 있는(relating to), 마다(every)",year(년) + ly(접사) → 일 년마다의,그 시설은 1년 단위로 점검된다.,
1,15,-y,"관계가 있는(relating to), 특징이 있는(characteristic)",noisy,"시끄러운, 소음이 있는",My car becomes very noisy when it runs fast.,noisy|noisiness,mid,What does noisy mean?,"시끄러운, 소음이 있는",etymology,489,DAY 15,5,"관계가 있는(relating to), 특징이 있는(characteristic)",nois(= noise) + y(접사) → 소음의 특징이 있는,내 차는 빨리 달릴 때 아주 시끄러운 소리가 난다.,
1,15,-y,"관계가 있는(relating to), 특징이 있는(characteristic)",dusty,먼지투성이의,The old house was dusty.,dusty,mid,What does dusty mean?,먼지투성이의,etymology,490,DAY 15,5,"관계가 있는(relating to), 특징이 있는(characteristic)",dust(먼지) + y(접사) → 먼지와 관계가 있는,그 오래된 집은 먼지투성이였다.,
1,15,-y,"관계가 있는(relating to), 특징이 있는(characteristic)",healthy,"건강한, 건강에 좋은",A healthy diet is important for children.,healthy,mid,What does healthy mean?,"건강한, 건강에 좋은",etymology,491,DAY 15,5,"관계가 있는(relating to), 특징이 있는(characteristic)",health + y(접사) → 건강과 관계가 있는,건강에 좋은 식사는 아이들에게 중요하다,
1,15,-y,"관계가 있는(relating to), 특징이 있는(characteristic)",worthy,"가치가 있는, 자격이 있는",The finding is worthy of notice.,worthy|worthiness,mid,What does worthy mean?,"가치가 있는, 자격이 있는",etymology,492,DAY 15,5,"관계가 있는(relating to), 특징이 있는(characteristic)",worth + y(접사) → 가치와 관계가 있는,그 연구 결과는 주목할 만한 가치가 있다.,
1,15,-ize,"~이 되게 하다(cause to be), ~이 되다(become), ~한 행위를 나타내다",apologize,"사과하다, 변명하다, 변호하다",Mary admitted the mistake and apologized.,apologize|apology,mid,What does apologize mean?,"사과하다, 변명하다, 변호하다",etymology,493,DAY 15,1,"~이 되게 하다(cause to be), ~이 되다(become), ~한 행위를 나타내다","apo(= from, off) + log(= logos: speech) + ize(접사) → 변호하는 말을 하다",Mary는 실수를 인정하고 사과했다.,
1,15,-ize,"~이 되게 하다(cause to be), ~이 되다(become), ~한 행위를 나타내다",moralize,"훈계하다, 설교하다",His father moralized him and accused him of being lazy.,moralize|moral|morality,mid,What does moralize mean?,"훈계하다, 설교하다",etymology,494,DAY 15,1,"~이 되게 하다(cause to be), ~이 되다(become), ~한 행위를 나타내다",→ 사회에서 적절한 행동을 취하게 하다,그의 아버지는 그를 훈계했고 그가 게으른 것을 비난했다.,
1,15,-ize,"~이 되게 하다(cause to be), ~이 되다(become), ~한 행위를 나타내다",characterize,"특성을 기술하다, 성격을 묘사하다, ~에 특성을 부여하다","Scientists characterize the humanities as uncertain, vague and irrelevant.",characterize|characterization,mid,What does characterize mean?,"특성을 기술하다, 성격을 묘사하다, ~에 특성을 부여하다",etymology,495,DAY 15,1,"~이 되게 하다(cause to be), ~이 되다(become), ~한 행위를 나타내다",character(특성) + ize(접사) → 특성을 나타내다,과학자들은 인문학을 불확실하고 모호하고 엉뚱하다고 기술한다.,
1,15,-ize,"~이 되게 하다(cause to be), ~이 되다(become), ~한 행위를 나타내다",summarize,요약하다,Try to summarize the following passage in a few words.,summarize|summary,mid,What does summarize mean?,요약하다,etymology,496,DAY 15,1,"~이 되게 하다(cause to be), ~이 되다(become), ~한 행위를 나타내다",summar(= summarius: 요약한) + ize(접사) → 요약하다,다음 구절을 몇 단어로 요약해 보시오.,
1,15,-ize,"~이 되게 하다(cause to be), ~이 되다(become), ~한 행위를 나타내다",civilize,"문명화하다, 세련되게 하다",They hoped to civilize the Native Americans.,civilize|civilization,mid,What does civilize mean?,"문명화하다, 세련되게 하다",etymology,497,DAY 15,1,"~이 되게 하다(cause to be), ~이 되다(become), ~한 행위를 나타내다",civil(시민의) + ize(접사) → 시민답게 하다,그들은 아메리카 원주민들을 문명화하기를 희망했다.,
1,15,-ize,"~이 되게 하다(cause to be), ~이 되다(become), ~한 행위를 나타내다",symbolize,"상징하다, 나타내다","Stone symbolizes strength, unity and eternity.",symbolize|symbolization,mid,What does symbolize mean?,"상징하다, 나타내다",etymology,498,DAY 15,1,"~이 되게 하다(cause to be), ~이 되다(become), ~한 행위를 나타내다",symbol(기호) + ize(접사) → 기호화하다,"돌은 힘, 통일성, 그리고 영원을 상징한다.",
1,15,-ize,"~이 되게 하다(cause to be), ~이 되다(become), ~한 행위를 나타내다",emphasize,"강조하다, 역설하다",She emphasized the importance of sharing ideas with others.,emphasize|emphasis,mid,What does emphasize mean?,"강조하다, 역설하다",etymology,499,DAY 15,1,"~이 되게 하다(cause to be), ~이 되다(become), ~한 행위를 나타내다",em(= en: in) + phas(= phainein: show) + ize(접사) → ~을 나타내 보이다 → 강조하다,그녀는 다른 사람들과 생각을 공유하는 것의 중요성을 강조했다.,
1,15,-ize,"~이 되게 하다(cause to be), ~이 되다(become), ~한 행위를 나타내다",memorize,"암기하다, 기억하다, 추도하다",He memorized details from the map.,memorize|memory|memorization,mid,What does memorize mean?,"암기하다, 기억하다, 추도하다",etymology,500,DAY 15,1,"~이 되게 하다(cause to be), ~이 되다(become), ~한 행위를 나타내다","memor(=memoria: 기억, 추억, 추모) + ize(접사) → 기억하다",그는 지도에 나온 세부 사항을 암기했다.,
1,15,-ize,"~이 되게 하다(cause to be), ~이 되다(become), ~한 행위를 나타내다",sympathize,"공감하다, 동정하다, 찬성하다",Creatures sometimes sympathize with each other’s distress.,sympathize|sympathy|sympathetic,mid,What does sympathize mean?,"공감하다, 동정하다, 찬성하다",etymology,501,DAY 15,1,"~이 되게 하다(cause to be), ~이 되다(become), ~한 행위를 나타내다",sym(= syn: together) + path(= pathos: feeling) + ize(접사) → 함께 느끼다,생명체는 때때로 서로의 고통을 공감한다.,
1,15,-ize,"~이 되게 하다(cause to be), ~이 되다(become), ~한 행위를 나타내다",maximize,"극대화하다, 최대한 활용하다",The objective of a business is to maximize profits.,maximize|maximization|maximum,mid,What does maximize mean?,"극대화하다, 최대한 활용하다",etymology,502,DAY 15,1,"~이 되게 하다(cause to be), ~이 되다(become), ~한 행위를 나타내다",maxim(=maximus: greatest) + ize(접사) → 극대화하다,사업의 목적은 이윤을 극대화하는 것이다.,
1,15,-ate,~이 되게 하다(cause to be),originate,"시작되다, 유래하다, 일으키다",The fire originated in the four-story Brown Building.,originate|origination,mid,What does originate mean?,"시작되다, 유래하다, 일으키다",etymology,503,DAY 15,2,~이 되게 하다(cause to be),"origin(기원) + ate(접사) → 기원하다, 생겨나다",화재는 4층짜리 Brown Building에서 시작되었다.,
1,15,-ate,~이 되게 하다(cause to be),motivate,"자극하다, 동기를 부여하다",He was motivated by a desire to hold on to his power.,motivate|motivation,mid,What does motivate mean?,"자극하다, 동기를 부여하다",etymology,504,DAY 15,2,~이 되게 하다(cause to be),motiv(=motive: 동기) + ate(접사) → 의지나 동기를 부여하여 특정한 방식으로 행동하게 하다,그는 자신의 권력을 고수하고자 하는 욕망에 자극받았다.,
1,15,-ate,~이 되게 하다(cause to be),domesticate,"길들이다, 사육하다",Never try to capture and domesticate a wild animal!,domesticate|domestication|domestic,mid,What does domesticate mean?,"길들이다, 사육하다",etymology,505,DAY 15,2,~이 되게 하다(cause to be),"domestic(집안의, 가정 내의) + ate(접사) → 집에 있게 하다",절대로 야생동물을 포획해서 길들이려고 하지 마라!,
1,15,-ate,~이 되게 하다(cause to be),evaporate,"증발하다, 증발시키다, 건조시키다",Hot water evaporates faster than cool water.,evaporate|evaporation,mid,What does evaporate mean?,"증발하다, 증발시키다, 건조시키다",etymology,506,DAY 15,2,~이 되게 하다(cause to be),e(= ex: out) + vapor(= steam) + ate(접사) → 증기를 빠져나가게 하다,뜨거운 물이 차가운 물보다 더 빠르게 증발한다.,
1,15,-fy/-ify,"~하게 하다(make), ~이 되게 하다(cause to be),",classify,"분류[구분]하다, 등급을 매기다",Wines can be classified according to their sugar content.,classify|classification,mid,What does classify mean?,"분류[구분]하다, 등급을 매기다",etymology,507,DAY 15,3,"~하게 하다(make), ~이 되게 하다(cause to be),","classi(= classis: 계급, 등급) + fy(접사) → 구분하게 하다",와인은 당도에 따라 분류될 수 있다.,
1,15,-fy/-ify,"~하게 하다(make), ~이 되게 하다(cause to be),",simplify,"간소화하다, 평이하게 하다",They have done everything they can to simplify the procedure.,simplify|simplification,mid,What does simplify mean?,"간소화하다, 평이하게 하다",etymology,508,DAY 15,3,"~하게 하다(make), ~이 되게 하다(cause to be),",simpli(= simple) + fy(접사) → 간단하게 하다,그들은 절차를 간소화하기 위해 자신들이 할 수 있는 모든 것을 해왔다.,
1,15,-fy/-ify,"~하게 하다(make), ~이 되게 하다(cause to be),",amplify,"증폭시키다, 확대하다",Small bones inside each ear amplify sound vibrations up to 15 times.,amplify|ample|amplification,mid,What does amplify mean?,"증폭시키다, 확대하다",etymology,509,DAY 15,3,"~하게 하다(make), ~이 되게 하다(cause to be),","ampl(= amplus: wide, large) + ify(접사) → 넓히다",각각의 내이에 있는 작은 뼈는 소리 진동을 15배까지 증폭시킨다.,
1,15,-fy/-ify,"~하게 하다(make), ~이 되게 하다(cause to be),",diversify,"다양화하다, ~에 변화를 주다",We will diversify products to attract more business.,diversify|diverse|diversification,mid,What does diversify mean?,"다양화하다, ~에 변화를 주다",etymology,510,DAY 15,3,"~하게 하다(make), ~이 되게 하다(cause to be),",divers(= diversus: 다른 방향으로 전환한) + ify(접사) → 다른 방향으로 전환하게 하다,우리는 더 많은 사업체를 끌어들이기 위해 제품을 다양화할 것이다.,
1,15,-fy/-ify,"~하게 하다(make), ~이 되게 하다(cause to be),",intensify,"강화하다, 증대하다, 심화하다",We will intensify efforts to fight corruption.,intensify|intensification|intense|intensely,mid,What does intensify mean?,"강화하다, 증대하다, 심화하다",etymology,511,DAY 15,3,"~하게 하다(make), ~이 되게 하다(cause to be),",intens(= intensus: stretched) + ify(접사) → (관심이나 신경 등이) 뻗어 있게 하다,우리는 부패와 싸우기 위한 노력을 강화할 것이다.,
1,15,-fy/-ify,"~하게 하다(make), ~이 되게 하다(cause to be),",specify,"(구체적으로) 명시하다, 상술하다",Lawmakers often do not specify the meaning of words and,specify|specific|specification,mid,What does specify mean?,"(구체적으로) 명시하다, 상술하다",etymology,512,DAY 15,3,"~하게 하다(make), ~이 되게 하다(cause to be),","speci(= species: kind, sort) + fy(접사) → 일일이 종류를 들어 말하다",phrases. 입법자들은 흔히 단어와 구의 의미를 명시하지 않는다.,
1,15,-fy/-ify,"~하게 하다(make), ~이 되게 하다(cause to be),",identify,"확인하다, 알아보다, 동일시하다",He may be able to identify handwriting by correspondence.,identify|identity|identification,mid,What does identify mean?,"확인하다, 알아보다, 동일시하다",etymology,513,DAY 15,3,"~하게 하다(make), ~이 되게 하다(cause to be),",identi(= identitatem: sameness) + fy(접사) → 동일한 것으로 여기다,그는 서신으로 필적을 확인할 수 있을지도 모른다.,
1,15,-fy/-ify,"~하게 하다(make), ~이 되게 하다(cause to be),",clarify,"명확하게 하다, 분명히 말하다",Questions help clarify the situation.,clarify|clarification,mid,What does clarify mean?,"명확하게 하다, 분명히 말하다",etymology,514,DAY 15,3,"~하게 하다(make), ~이 되게 하다(cause to be),",clar(= clarus: clear) + ify(접사) → 명확하게 하다,질문은 상황을 명확하게 하는 데 도움이 된다.,
1,15,-en,"~이 되게 하다(cause to be), ~이 되다(become),",loosen,"풀다, 느슨하게 하다, 완화하다",He pulled off his boots and loosened his belt.,loosen,mid,What does loosen mean?,"풀다, 느슨하게 하다, 완화하다",etymology,515,DAY 15,4,"~이 되게 하다(cause to be), ~이 되다(become),","loos(= loosen: 느슨한, 구속 받지 않는) + en(접사) → 느슨하게 하다",그는 부츠를 벗고 벨트를 풀었다.,
1,15,-en,"~이 되게 하다(cause to be), ~이 되다(become),",weaken,"약화시키다, 묽게 하다, 약해지다",Suspicion weakens confidence.,weaken,mid,What does weaken mean?,"약화시키다, 묽게 하다, 약해지다",etymology,516,DAY 15,4,"~이 되게 하다(cause to be), ~이 되다(become),","weak(약한, 부드러운) + en(접사) → 약해지게 하다",의심은 자신감을 약화시킨다.,
1,15,-en,"~이 되게 하다(cause to be), ~이 되다(become),",broaden,"넓히다, 넓어지다",This experience helped broaden her view of the world.,broaden,mid,What does broaden mean?,"넓히다, 넓어지다",etymology,517,DAY 15,4,"~이 되게 하다(cause to be), ~이 되다(become),",broad(넓은) + en(접사) → 넓히다,이 경험은 그녀의 세계관을 넓히는 데 도움이 되었다.,
1,15,-en,"~이 되게 하다(cause to be), ~이 되다(become),",worsen,"악화시키다, 악화되다",Cold weather worsens his condition.,worsen,mid,What does worsen mean?,"악화시키다, 악화되다",etymology,518,DAY 15,4,"~이 되게 하다(cause to be), ~이 되다(become),",wors(= worse: 더 나쁜) + en(접사) → 더 나쁘게 만들다,추운 날씨가 그의 상태를 악화시킨다.,
1,15,-en,"~이 되게 하다(cause to be), ~이 되다(become),",strengthen,"강화하다, 강력해지다",He must diversify his attack and strengthen his defense.,strengthen,mid,What does strengthen mean?,"강화하다, 강력해지다",etymology,519,DAY 15,4,"~이 되게 하다(cause to be), ~이 되다(become),","strength(체력, 힘) + en(접사) → 힘을 만들다",그는 공격을 다양화하고 수비를 강화해야 한다.,
1,15,-en,"~이 되게 하다(cause to be), ~이 되다(become),",heighten,"강화하다, 높이다, 고조시키다",Darkness heightens the effect of fear.,heighten,mid,What does heighten mean?,"강화하다, 높이다, 고조시키다",etymology,520,DAY 15,4,"~이 되게 하다(cause to be), ~이 되다(become),","height(가장 높은 곳, 정점) + en(접사) → 높이다",어둠은 두려움의 영향을 강화한다.,
2,16,abil,"적성(aptitude), 능숙한(handy)",capability,"능력, 역량",This work is beyond my capability.,capability|capable,mid,What does capability mean?,"능력, 역량",etymology,521,DAY 16,1,"적성(aptitude), 능숙한(handy)",cap(= hold) + abil(= aptitude) + ity(접사) → 감당하기에 적합한 것,이 일은 내 능력을 넘어 선다(내가 감당하기 어렵다).,
2,16,abil,"적성(aptitude), 능숙한(handy)",availability,"이용 가능성, 효용, 유효성",Hotel room availability and rates change daily.,availability|avail|available,mid,What does availability mean?,"이용 가능성, 효용, 유효성",etymology,522,DAY 16,1,"적성(aptitude), 능숙한(handy)",a(= ad: to) + vail(= worth) + abil(= aptitude) + ity(접사) → ~쪽으로 가치 있게 사용할 수 있음,호텔 객실 이용 가능 여부와 요금은 매일 바뀐다.,
2,16,abil,"적성(aptitude), 능숙한(handy)",disability,"장애, 무능력",He tried to overcome his physical disability.,disability|disable|disabled,mid,What does disability mean?,"장애, 무능력",etymology,523,DAY 16,1,"적성(aptitude), 능숙한(handy)",dis(= not) + abil(= aptitude) + ity(접사) → ~을 하는 데 적합한 능력이 결여된 것,그는 자신의 신체적 장애를 극복하려고 애썼다.,
2,16,act/ag,"움직이다, 행하다(move, do, act), 촉구하다(drive, urge)",active,"활동적인, 적극적인, 활발한",Cats tend to be more active at night.,active|activity|activist,mid,What does active mean?,"활동적인, 적극적인, 활발한",etymology,524,DAY 16,2,"움직이다, 행하다(move, do, act), 촉구하다(drive, urge)",act(= do) + ive(접사) → 열심히 하는,고양이는 밤에 더 활동적인 경향이 있다.,
2,16,act/ag,"움직이다, 행하다(move, do, act), 촉구하다(drive, urge)",actual,"실제의, 사실상의",The novel is based on actual events.,actual|actuality,mid,What does actual mean?,"실제의, 사실상의",etymology,525,DAY 16,2,"움직이다, 행하다(move, do, act), 촉구하다(drive, urge)",actu(= act: do) + al(접사) → 실제로 하는,그 소설은 실제 사건을 토대로 한다.,
2,16,act/ag,"움직이다, 행하다(move, do, act), 촉구하다(drive, urge)",react,반응하다,He reacted to the news by getting angry.,react|reaction|reactive,mid,What does react mean?,반응하다,etymology,526,DAY 16,2,"움직이다, 행하다(move, do, act), 촉구하다(drive, urge)",re(= back) + act(= do) → 어떤 행동을 되받아 행하다,그는 그 뉴스에 화를 내는 반응을 보였다.,
2,16,act/ag,"움직이다, 행하다(move, do, act), 촉구하다(drive, urge)",activate,"작동시키다, 활성화하다",Press the button to activate the machine.,activate|activation,mid,What does activate mean?,"작동시키다, 활성화하다",etymology,527,DAY 16,2,"움직이다, 행하다(move, do, act), 촉구하다(drive, urge)",act(= do) + iv(e)(접사) + ate(접사) → 활발하게 만들다,그 기계를 작동하려면 버튼을 누르세요.,
2,16,act/ag,"움직이다, 행하다(move, do, act), 촉구하다(drive, urge)",exact,"정확한, 정밀한, 꼼꼼한",The exact number of participants is 201.,exact|exactness|exactitude,mid,What does exact mean?,"정확한, 정밀한, 꼼꼼한",etymology,528,DAY 16,2,"움직이다, 행하다(move, do, act), 촉구하다(drive, urge)",ex(= out) + act(= drive) → 어떤 것의 상태나 모습을 있는 그대로 끄집어 낸,정확한 참석자의 수는 201명이다.,correct|accurate|precise
2,16,act/ag,"움직이다, 행하다(move, do, act), 촉구하다(drive, urge)",transaction,"거래, 매매, 처리",Most transactions are processed by computer.,transaction|transact,mid,What does transaction mean?,"거래, 매매, 처리",etymology,529,DAY 16,2,"움직이다, 행하다(move, do, act), 촉구하다(drive, urge)",trans(= through) + act(= drive) + ion(접사) → 서로에게 이득이 되는 것을 이끌어 내는 것,대부분의 거래는 컴퓨터로 처리된다.,
2,16,act/ag,"움직이다, 행하다(move, do, act), 촉구하다(drive, urge)",agent,"대리인, 중개인, (연예, 스포츠의) 에이전트, (첩보, 정보 분야의) 정부 직원",The travel agent helped us plan our vacation.,agent|agency,mid,What does agent mean?,"대리인, 중개인, (연예, 스포츠의) 에이전트, (첩보, 정보 분야의) 정부 직원",etymology,530,DAY 16,2,"움직이다, 행하다(move, do, act), 촉구하다(drive, urge)",ag(= do) + ent(접사) → 어떤 일을 대신 해주는 사람,그 여행사 직원은 우리가 휴가 계획을 세우는 데 도움을 주었다.,
2,16,act/ag,"움직이다, 행하다(move, do, act), 촉구하다(drive, urge)",agenda,"의제, 안건, 계획, 행동 강령",What’s on the agenda for today’s meeting?,agenda,mid,What does agenda mean?,"의제, 안건, 계획, 행동 강령",etymology,531,DAY 16,2,"움직이다, 행하다(move, do, act), 촉구하다(drive, urge)",라틴어 agendus(= do)에서 유래 → 해야 할 일,오늘 회의 안건이 무엇인가요?,
2,16,act/ag,"움직이다, 행하다(move, do, act), 촉구하다(drive, urge)",agony,심한 (정신적) 고통,He was sweating hard in agony.,agony,mid,What does agony mean?,심한 (정신적) 고통,etymology,532,DAY 16,2,"움직이다, 행하다(move, do, act), 촉구하다(drive, urge)",고대 프랑스어 agonie(=mental suffering)에서 유래 → 정신적 고통,그는 심한 고통으로 진땀을 흘리고 있었다.,
2,16,act/ag,"움직이다, 행하다(move, do, act), 촉구하다(drive, urge)",agitate,"(마음을) 동요시키다, 뒤흔들다, 주장하다, 휘젓다",The people were agitated over the news.,agitate|agitation,mid,What does agitate mean?,"(마음을) 동요시키다, 뒤흔들다, 주장하다, 휘젓다",etymology,533,DAY 16,2,"움직이다, 행하다(move, do, act), 촉구하다(drive, urge)",ag(= drive) + it(= go) + ate(접사) → ~하는 방향으로 가도록 몰아가다,사람들은 그 소식에 (마음이) 동요되었다.,
2,16,aer/aero,"공중, 대기(air, atmosphere)",aerial,"공중의, 대기의, 항공기에 의한",The aerial view of the city was fantastic.,aerial,mid,What does aerial mean?,"공중의, 대기의, 항공기에 의한",etymology,534,DAY 16,3,"공중, 대기(air, atmosphere)",aer(= air) + (i)al(접사) → 공중과 관련된,공중에서 본 그 도시의 광경은 환상적이었다.,
2,16,aer/aero,"공중, 대기(air, atmosphere)",aerospace,"항공 우주, 항공 산업 a. 항공 우주의",The airplane was designed using aerospace technology.,aerospace,high,What does aerospace mean?,"항공 우주, 항공 산업 a. 항공 우주의",etymology,535,DAY 16,3,"공중, 대기(air, atmosphere)","aero(= atmosphere) + space(= outer) → 대기권 밖의 공간, 공중에 있는 공간",그 비행기는 항공 우주 기술을 사용하여 설계되었다.,
2,16,aer/aero,"공중, 대기(air, atmosphere)",aerobic,"유산소의, 유산소 운동의",Jogging is a typical aerobic exercise.,aerobic|aerobics,mid,What does aerobic mean?,"유산소의, 유산소 운동의",etymology,536,DAY 16,3,"공중, 대기(air, atmosphere)",aero(= air) + bi(= bio: life) + ic(접사) → 생명을 유지하는 공기의,조깅은 대표적인 유산소 운동이다.,
2,16,aer/aero,"공중, 대기(air, atmosphere)",aerodynamic,공기[기체] 역학의,Engineers made efforts to make the design more aerodynamic.,aerodynamic|aerodynamics,mid,What does aerodynamic mean?,공기[기체] 역학의,etymology,537,DAY 16,3,"공중, 대기(air, atmosphere)",aero(= air) + dynam(= power) + ic(접사) → 공기와 관련된 힘의,공학자들은 그 디자인을 보다 더 공기 역학적으로 만들려고 노력했다.,
2,16,ali/alter,"다른, 또 다른(other, another)",alien,"외계의, 외국의, 이질적인 n. 외국인, 외계인",Do you believe in alien life?,alien|alienate,mid,What does alien mean?,"외계의, 외국의, 이질적인 n. 외국인, 외계인",etymology,538,DAY 16,4,"다른, 또 다른(other, another)","라틴어 alienus(= strange, foreign)에서 유래 → 이상하고 이국적인",외계 생명체가 존재한다고 믿습니까?,
2,16,ali/alter,"다른, 또 다른(other, another)",alibi,"현장 부재 증명(알리바이), 변명, 구실",He had a perfect alibi for the day of the robbery.,alibi,mid,What does alibi mean?,"현장 부재 증명(알리바이), 변명, 구실",etymology,539,DAY 16,4,"다른, 또 다른(other, another)",ali(= another) + bi(= location) → (어떤 사건이 있었을 때) 다른 장소에 있었다는 사실,그는 강도 사건이 있었던 날에 완벽한 알리바이가 있었다.,
2,16,ali/alter,"다른, 또 다른(other, another)",alter,"변하다, 달라지다, 바꾸다, 고치다",His hometown has altered beyond recognition.,alter|alteration,mid,What does alter mean?,"변하다, 달라지다, 바꾸다, 고치다",etymology,540,DAY 16,4,"다른, 또 다른(other, another)",alter(= other) → 다른 것[상태]으로 만들다,그의 고향은 알아보지 못할 정도로 변했다.,
2,16,ali/alter,"다른, 또 다른(other, another)",alternate,"(두 가지 중 하나씩) 번갈아 나오다 a. 번갈아 하는, 하나 거르는",The poem alternates between fear and hope.,alternate,mid,What does alternate mean?,"(두 가지 중 하나씩) 번갈아 나오다 a. 번갈아 하는, 하나 거르는",etymology,541,DAY 16,4,"다른, 또 다른(other, another)",alter(n)(= other) + ate(접사) → 하나 다음에 다른 것,그 시에는 두려움과 희망이 번갈아 나온다.,
2,16,ali/alter,"다른, 또 다른(other, another)",alternative,"대체물, 대안 a. 대안의, 대체 가능한",Solar energy is a good alternative to fossil fuels.,alternative,mid,What does alternative mean?,"대체물, 대안 a. 대안의, 대체 가능한",etymology,542,DAY 16,4,"다른, 또 다른(other, another)",alternat(e) + ive(접사) → 어떤 것을 대신할 수 있는 것,태양 에너지는 화석 연료의 좋은 대체물이다.,
2,16,anima,"생명, 숨결(life, breath)",animate,"생기를 불어넣다, 만화 영화를 만들다 a. 살아 있는, 생물인",A smile animated her face.,animate|animation,mid,What does animate mean?,"생기를 불어넣다, 만화 영화를 만들다 a. 살아 있는, 생물인",etymology,543,DAY 16,5,"생명, 숨결(life, breath)",anima(= life) + ate(접사) → 생명을 불어넣다,미소가 그녀의 얼굴에 생기를 불어넣었다.,
2,16,anima,"생명, 숨결(life, breath)",animism,애니미즘(자연계의 모든 것에 영적 혹은 생명적인 것이 있다는 사상),Animism is the belief that everything around has a spirit.,animism,mid,What does animism mean?,애니미즘(자연계의 모든 것에 영적 혹은 생명적인 것이 있다는 사상),etymology,544,DAY 16,5,"생명, 숨결(life, breath)",anim(= anima: life) + ism(접사) → 모든 것에 있는 생명,애니미즘은 주위의 모든 것이 영혼을 가지고 있다는 믿음이다.,
2,16,ann/annu/enn,1년의(yearly),annual,"1년의, 1년마다의, 1년생 식물의 n. 연보, 연감, 1년생 식물",The club charges $100 for an annual membership.,annual|annually,mid,What does annual mean?,"1년의, 1년마다의, 1년생 식물의 n. 연보, 연감, 1년생 식물",etymology,545,DAY 16,1,1년의(yearly),annu(= yearly) + al(접사) → 1년의,그 클럽은 연회비로 100달러를 부과한다.,
2,16,ann/annu/enn,1년의(yearly),annals,"연대기, 연보",Pele was the greatest player in the annals of football.,annals,mid,What does annals mean?,"연대기, 연보",etymology,546,DAY 16,1,1년의(yearly),ann(= yearly) + als(접사) → 1년마다 나오는 것,Pele는 축구 연대기에서 가장 위대한 선수였다.,
2,16,ann/annu/enn,1년의(yearly),anniversary,"(해마다의) 기념일, 기념제",The year marks the 50th anniversary of the great victory.,anniversary,mid,What does anniversary mean?,"(해마다의) 기념일, 기념제",etymology,547,DAY 16,1,1년의(yearly),ann(i)(= yearly) + vers(= turn) + ary(접사) → 해마다 돌아오는 것,그 해는 그 위대한 승리의 50번째 기념일을 나타낸다.,
2,16,ann/annu/enn,1년의(yearly),perennial,"(아주 오랫동안) 지속되는, 여러 해 계속하는 n. 다년생 식물",Lack of resources has been a perennial problem.,perennial,mid,What does perennial mean?,"(아주 오랫동안) 지속되는, 여러 해 계속하는 n. 다년생 식물",etymology,548,DAY 16,1,1년의(yearly),per(= through) + enn(i)(= yearly) + al(접사) → 여러 해 동안 나오는,자원 부족이 지속되는 문제가 되어왔다.,
2,16,anx/ang,"걱정스러운(worried), 고뇌에 지친(distressed)",anxious,"걱정스러운, 불안한, 열망하는",He felt so anxious he couldn’t sleep at all.,anxious|anxiously,mid,What does anxious mean?,"걱정스러운, 불안한, 열망하는",etymology,549,DAY 16,2,"걱정스러운(worried), 고뇌에 지친(distressed)","라틴어 anxius(=worried, distressed)에서 유래 → 걱정스러운",그는 너무나 걱정이 되어서 전혀 잠을 잘 수 없었다.,
2,16,anx/ang,"걱정스러운(worried), 고뇌에 지친(distressed)",anxiety,"걱정, 근심, 불안",Sarah hid her anxiety with a forced smile.,anxiety,mid,What does anxiety mean?,"걱정, 근심, 불안",etymology,550,DAY 16,2,"걱정스러운(worried), 고뇌에 지친(distressed)","라틴어 anxietatem(= anguish, anxiety)에서 유래 → 고통, 불안",Sarah는 억지로 미소를 지어 걱정을 숨겼다.,
2,16,anx/ang,"걱정스러운(worried), 고뇌에 지친(distressed)",anguish,"고통, 괴로움, 고민, 번민",His heart was torn with anguish.,anguish,mid,What does anguish mean?,"고통, 괴로움, 고민, 번민",etymology,551,DAY 16,2,"걱정스러운(worried), 고뇌에 지친(distressed)",라틴어 angustia(= tight place)에서 유래 → 숨이 막히는 느낌,그의 심장은 고통으로 찢어지는 것 같았다.,
2,17,apt/ept,"적절한, 들어맞는(fit)",apt,"적절한, 하기 쉬운",This black dress appears to be apt for the party.,apt,mid,What does apt mean?,"적절한, 하기 쉬운",etymology,552,DAY 17,3,"적절한, 들어맞는(fit)",apt(= fit) → 잘 맞는,이 검은 드레스가 파티에 적절한 것 같아요.,
2,17,apt/ept,"적절한, 들어맞는(fit)",aptitude,"소질, 적성",He has an aptitude for language by nature.,aptitude,mid,What does aptitude mean?,"소질, 적성",etymology,553,DAY 17,3,"적절한, 들어맞는(fit)",apti(= fit) + tude(접사) → 잘 맞는 상태,그는 선천적으로 언어에 소질이 있다.,
2,17,apt/ept,"적절한, 들어맞는(fit)",adapt,"적응시키다, 조절하다, 개작[각색]하다",The climbers tried to adapt to the thin mountain air.,adapt|adaptation,mid,What does adapt mean?,"적응시키다, 조절하다, 개작[각색]하다",etymology,554,DAY 17,3,"적절한, 들어맞는(fit)",ad(= to) + apt(= fit) → 맞게 하다,그 등반가들은 희박한 산의 공기에 적응하려고 애썼다.,
2,17,apt/ept,"적절한, 들어맞는(fit)",attitude,"태도, 마음가짐",I didn’t like the server’s attitude.,attitude,mid,What does attitude mean?,"태도, 마음가짐",etymology,555,DAY 17,3,"적절한, 들어맞는(fit)",라틴어 aptitudinem(= aptitude)에서 유래 → 맞는 상태,나는 그 종업원의 태도가 마음에 들지 않았다.,
2,17,apt/ept,"적절한, 들어맞는(fit)",inept,"서투른, 부적당한",I seem to be inept at everything except writing.,inept,mid,What does inept mean?,"서투른, 부적당한",etymology,556,DAY 17,3,"적절한, 들어맞는(fit)",in(= not) + ept(= fit) → 부적당한,나는 글쓰기를 제외한 모든 것에 서투른 것 같다.,
2,17,aqua,물(water),aquaculture,"양식업, 수경 재배",Aquaculture may cause many environmental problems.,aquaculture,mid,What does aquaculture mean?,"양식업, 수경 재배",etymology,557,DAY 17,4,물(water),aqua(= water) + culture(= act of growing) → 물에서 키우기,양식업은 많은 환경 문제들을 유발할 수 있다.,
2,17,aqua,물(water),aquatic,"수생(水生)의, 물의",Baby green turtles eat worms and aquatic insects.,aquatic,mid,What does aquatic mean?,"수생(水生)의, 물의",etymology,558,DAY 17,4,물(water),aqu(a)(= water) + atic(접사) → 물의,아기 바다거북은 벌레들과 수생 곤충들을 먹는다.,
2,17,aqua,물(water),aquarist,"어류 사육가, 수족관 관리자",The earliest known aquarists were the Sumerians.,aquarist,mid,What does aquarist mean?,"어류 사육가, 수족관 관리자",etymology,559,DAY 17,4,물(water),aquar(= aquarium: a place with water) + ist(접사) → 물을 다루는 사람,최초로 알려진 어류 사육가는 수메르인들이었다.,
2,17,aqua,물(water),aquarium,수족관,The aquarium had many big tanks with lots of fish.,aquarium,mid,What does aquarium mean?,수족관,etymology,560,DAY 17,4,물(water),aqu(a)(= water) + arium(= place) → 물이 있는 장소,그 수족관에는 많은 물고기가 있는 큰 탱크가 많이 있었다.,
2,17,arc,활(bow),arch,"아치, 발바닥의 오목한 부분",A rainbow is an arch of seven different colors.,arch,mid,What does arch mean?,"아치, 발바닥의 오목한 부분",etymology,561,DAY 17,5,활(bow),arch(= arc: bow) → 활 모양의 것,무지개는 각기 다른 일곱 색의 아치이다.,
2,17,arc,활(bow),archery,"궁술, 궁도","In archery, I learn to hit the bull’s-eye.",archery|archer,mid,What does archery mean?,"궁술, 궁도",etymology,562,DAY 17,5,활(bow),arch(= arc: bow) + ery(접사) → 활로 하는 것,"궁술에서, 나는 과녁의 한가운데를 명중하는 법을 배운다.",
2,17,ard,태우다(burn),ardent,"열렬한, 불타는",He received ardent support from the voters.,ardent|ardently,mid,What does ardent mean?,"열렬한, 불타는",etymology,563,DAY 17,6,태우다(burn),ard(= burn) + ent(접사) → 불타는,그는 유권자들로부터 열렬한 지지를 받았다.,
2,17,ard,태우다(burn),ardor,"열정, 열의",He shows great ardor for dancing.,ardor,mid,What does ardor mean?,"열정, 열의",etymology,564,DAY 17,6,태우다(burn),ard(= burn) + or(접사) → 불타는 마음,그는 춤에 굉장한 열의를 보인다.,
2,17,ard,태우다(burn),arson,방화,Reporters said the fire was caused by arson.,arson,mid,What does arson mean?,방화,etymology,565,DAY 17,6,태우다(burn),ars(= ard: burn) + (i)on(접사) → 불태우는 행위,기자들은 그 화재가 방화에 의해 발생했다고 말했다.,
2,17,arm,"무기(weapon), 장비(gear)",army,"군대, 무리",An army of ants was moving toward the river.,army,mid,What does army mean?,"군대, 무리",etymology,566,DAY 17,7,"무기(weapon), 장비(gear)",중세 라틴어 armata(= armed force)에서 유래 → 무장한 군대,The army moves on command. 군대는 명령에 따라 움직인다.,
2,17,arm,"무기(weapon), 장비(gear)",disarm,"무장 해제하다, 무기를 거두다",A smile has a magical power to disarm people.,disarm,mid,What does disarm mean?,"무장 해제하다, 무기를 거두다",etymology,567,DAY 17,7,"무기(weapon), 장비(gear)","dis(= away) + arm(= arma: arms, gear) → 무기를 멀어지게 하다",미소는 사람들을 무장 해제하는 마법적인 힘을 가진다.,
2,17,arm,"무기(weapon), 장비(gear)",armor,갑옷,Knights used to wear armor in battle.,armor,mid,What does armor mean?,갑옷,etymology,568,DAY 17,7,"무기(weapon), 장비(gear)","고대 프랑스어 armeure(= arms, gear)에서 유래 → 무기",기사들은 전투에서 갑옷을 착용하곤 했다.,
2,17,arm,"무기(weapon), 장비(gear)",unarmed,"무기를 가지지 않은, 무장하지 않은",The police found that the man was unarmed.,unarmed,mid,What does unarmed mean?,"무기를 가지지 않은, 무장하지 않은",etymology,569,DAY 17,7,"무기(weapon), 장비(gear)","un(= not) + arm(= arms, gear) + ed(접사) → 무기가 없는",경찰은 그 남자가 무기를 가지지 않은 것을 알아챘다.,
2,17,arm,"무기(weapon), 장비(gear)",armistice,"휴전, (일시적인) 정전",The war ended when the armistice was signed.,armistice,mid,What does armistice mean?,"휴전, (일시적인) 정전",etymology,570,DAY 17,7,"무기(weapon), 장비(gear)","arm(i)(= arms, gear) + stice(= stitium: a stopping) → 무기를 멈춤",휴전 협정이 조인되자 전쟁은 끝났다.,
2,17,art,"솜씨(craft), 기술(skill)",artful,"기교 있는, 교묘한",The script is an artful adaptation of a novel by Rosa Guy.,artful|art,mid,What does artful mean?,"기교 있는, 교묘한",etymology,571,DAY 17,1,"솜씨(craft), 기술(skill)",art(= craft) + ful(= full of) → 솜씨 가득한,그 대본은 Rosa Guy 소설의 교묘한 각색이다.,
2,17,art,"솜씨(craft), 기술(skill)",artwork,"삽화, 예술품",A local painter was selling her artwork on the street.,artwork,mid,What does artwork mean?,"삽화, 예술품",etymology,572,DAY 17,1,"솜씨(craft), 기술(skill)",art(= skill) + work(= something done) → 기술을 살려 만든 것,현지 화가 한 명이 길에서 자신의 예술품을 팔고 있었다.,
2,17,art,"솜씨(craft), 기술(skill)",artifact,"인공물, 공예품, 유물",Ancient cave paintings serve as historic artifacts.,artifact,mid,What does artifact mean?,"인공물, 공예품, 유물",etymology,573,DAY 17,1,"솜씨(craft), 기술(skill)",art(i)(= craft) + fact(= factum: thing made) → 솜씨를 부려 만든 것,고대 동굴 벽화들은 역사적인 유물로서의 역할을 한다.,
2,17,art,"솜씨(craft), 기술(skill)",artificial,"인공의, 인위적인, 모조의, 가짜의",Can an artificial language have any vitality?,artificial,mid,What does artificial mean?,"인공의, 인위적인, 모조의, 가짜의",etymology,574,DAY 17,1,"솜씨(craft), 기술(skill)",art(i)(= craft) + fic(=make) + ial(접사) → 사람의 솜씨로 만든,인공 언어가 어떤 생명력을 가질 수 있는가?,synthetic|false|man-made|fake
2,17,art,"솜씨(craft), 기술(skill)",artist,"예술가, 화가",Here the artist is drawing with a fine grease pencil.,artist,mid,What does artist mean?,"예술가, 화가",etymology,575,DAY 17,1,"솜씨(craft), 기술(skill)","art(= craft) + ist(접사) → 솜씨를 가진 사람, 예술 하는 사람",여기 그 화가가 좋은 유성 연필로 그림을 그리고 있다.,
2,17,art,"솜씨(craft), 기술(skill)",artisan,"장인, 기능 보유자",The artisan built a splendid chair with only three legs.,artisan,mid,What does artisan mean?,"장인, 기능 보유자",etymology,576,DAY 17,1,"솜씨(craft), 기술(skill)",artis(= artitus: trained in arts and craft) + an(= ian) → 기술 훈련을 받은 사람,그 장인은 다리가 세 개만 달린 훌륭한 의자를 만들었다.,
2,17,aster/astro,별(star),asteroid,소행성,"On September 8, a huge asteroid passed close to Earth.",asteroid,mid,What does asteroid mean?,소행성,etymology,577,DAY 17,2,별(star),aster(= star) + oid(= resembling) → 별을 닮은 것,"9월 8일에, 거대 소행성이 지구 가까이에서 지나갔다.",
2,17,aster/astro,별(star),disaster,"재앙, 참사, 재난",The oil spill was a disaster for Alaskan sea animals.,disaster|disastrous,mid,What does disaster mean?,"재앙, 참사, 재난",etymology,578,DAY 17,2,별(star),dis(= apart) + aster(= star) → 별과 떨어져 있음 → 불길함 → 재앙,그 기름 유출은 알래스카의 바다 동물들에게 재앙이었다.,
2,17,aster/astro,별(star),astronaut,우주 비행사,An astronaut is a person who travels and works in a spacecraft.,astronaut,mid,What does astronaut mean?,우주 비행사,etymology,579,DAY 17,2,별(star),astro(= star) + naut(= sailor) → 별을 항해하는 선원,우주비행사는 우주선에서 비행하면서 일하는 사람이다.,
2,17,aster/astro,별(star),astronomy,천문학,Copernicus first studied astronomy in university.,astronomy|astronomer,mid,What does astronomy mean?,천문학,etymology,580,DAY 17,2,별(star),"astro(= star) + nomy(= arrangement: 배치, 배열) → 별의 배치를 연구하는 학문",코페르니쿠스는 대학에서 천문학을 처음 공부했다.,
2,17,aster/astro,별(star),astrology,"점성학, 점성술",Astrology is the study of the influence of the stars on human affairs.,astrology|astrologist,mid,What does astrology mean?,"점성학, 점성술",etymology,581,DAY 17,2,별(star),"astro(= star) + logy(= science, study) → 별을 연구하는 학문",점성학은 인간사에 관한 별들의 영향에 관한 연구이다.,
2,17,audi/audio,"듣다(hear, listen)",audible,"잘 들리는, 들을 수 있는","When ‘On’ is selected, the computer voice is audible.",audible,mid,What does audible mean?,"잘 들리는, 들을 수 있는",etymology,582,DAY 17,3,"듣다(hear, listen)",audi(= hear) + ble(접사) → 들을 수 있는,‘켜기’를 선택하면 컴퓨터 생성음을 들을 수 있다.,
2,17,audi/audio,"듣다(hear, listen)",audience,"청중, 관객",The audience began clapping and cheering.,audience,mid,What does audience mean?,"청중, 관객",etymology,583,DAY 17,3,"듣다(hear, listen)",audi(= listen) + ence(접사) → 듣는 사람,청중들이 박수와 환호를 시작했다.,have|attract
2,17,audi/audio,"듣다(hear, listen)",audition,"(가수, 배우 등의) 오디션 v. 오디션을 보다, 오디션을 실시하다",Her audition went well and she’s hopeful about getting the part.,audition,mid,What does audition mean?,"(가수, 배우 등의) 오디션 v. 오디션을 보다, 오디션을 실시하다",etymology,584,DAY 17,3,"듣다(hear, listen)",audi(= listen) + t(= tus: 접사) + ion(접사) → 들어보는 것,오디션이 잘 되어서 그녀는 그 역을 맡게 될 것으로 기대하고 있다.,
2,17,audi/audio,"듣다(hear, listen)",auditorium,"강당, 객석",We gathered in an auditorium and watched a videotape.,auditorium,mid,What does auditorium mean?,"강당, 객석",etymology,585,DAY 17,3,"듣다(hear, listen)",audi(= listen) + torium(= place) → 들어보는 곳,우리는 강당에 모여 비디오를 시청했다.,
2,17,audi/audio,"듣다(hear, listen)",audio,"음향의, 녹음의 n. 음성, 음향",Audio equipment is always a good investment.,audio,mid,What does audio mean?,"음향의, 녹음의 n. 음성, 음향",etymology,586,DAY 17,3,"듣다(hear, listen)",라틴어 audire(= hear)에서 유래 → 듣는 것(과 관련된),음향 장비는 언제나 훌륭한 투자이다.,
2,17,audi/audio,"듣다(hear, listen)",audiogram,청력도,An audiogram is a standard way of representing a person’s hearing loss.,audiogram,mid,What does audiogram mean?,청력도,etymology,587,DAY 17,3,"듣다(hear, listen)",audio(= hear) + gram(= drawing) → 듣는 것에 관한 그림,청력도는 사람의 난청을 표시하는 표준적인 방법이다.,
2,18,auto,"자아, 자신(self)",autocrat,"독재자, 전제 군주","He was a democrat, not an autocrat.",autocrat|autocratic|autocracy,high,What does autocrat mean?,"독재자, 전제 군주",etymology,588,DAY 18,4,"자아, 자신(self)",auto(= self) + crat(= krat: power) → 자신이 권력을 가진 사람,"그는 독재자가 아니라 민주주의자였다,",
2,18,auto,"자아, 자신(self)",autofocus,자동 초점,The camera is preset to autofocus.,autofocus,mid,What does autofocus mean?,자동 초점,etymology,589,DAY 18,4,"자아, 자신(self)",auto(= self) + focus(= fireplace) → 벽난로의 불길을 스스로 조정하는 것,그 카메라는 자동 초점으로 사전 설정되어 있다.,
2,18,auto,"자아, 자신(self)",autograph,(유명인의) 사인 v. (유명인이) 사인을 해주다,Could I have your autograph?,autograph,mid,What does autograph mean?,(유명인의) 사인 v. (유명인이) 사인을 해주다,etymology,590,DAY 18,4,"자아, 자신(self)",auto(= self) + graph(=write) → 자신이 스스로 쓴 것[쓰다],사인해 주시겠어요?,
2,18,auto,"자아, 자신(self)",automatic,"자동의, 무의식적인",Taxpayers who do not send their forms face an automatic penalty.,automatic,mid,What does automatic mean?,"자동의, 무의식적인",etymology,591,DAY 18,4,"자아, 자신(self)",auto(= self) + mat(os)(= thinking) + ic(접사) → 스스로 생각하는,양식을 (작성하여) 보내지 않는 과세 대상자들은 자동으로 벌금이 부과된다.,
2,18,auto,"자아, 자신(self)",automation,"자동화, 자동 제어",Automation has revolutionized the industrial world.,automation|automate,mid,What does automation mean?,"자동화, 자동 제어",etymology,592,DAY 18,4,"자아, 자신(self)",auto(= self) + mat(os)(= thinking) + ion(접사) → 스스로 생각해서 한 행위,자동화는 산업계에 혁명을 불러왔다.,
2,18,auto,"자아, 자신(self)",automotive,자동차의,The nation’s automotive industry kicked off in the 1950s.,automotive,mid,What does automotive mean?,자동차의,etymology,593,DAY 18,4,"자아, 자신(self)",auto(= self) + motive(=motivus: moving) → 스스로 움직이는,그 나라의 자동차 산업은 1950년대에 시작됐다.,
2,18,auto,"자아, 자신(self)",autopilot,자동 조종 장치,The autopilot can land the plane in conditions where the pilot can’t.,autopilot,mid,What does autopilot mean?,자동 조종 장치,etymology,594,DAY 18,4,"자아, 자신(self)",auto(= self) + pilot(= pillote: rudder 방향타) → 스스로 방향타를 조종하는 것,자동 조종 장치는 조종사가 할 수 없는 상황에서 비행기를 착륙시킬 수 있다.,
2,18,bat,"치다, 때리다(beat)",batter,"때리다, 두드리다, 구타하다",Alex battered at the door with his feet.,batter,mid,What does batter mean?,"때리다, 두드리다, 구타하다",etymology,595,DAY 18,1,"치다, 때리다(beat)",라틴어 battuere(= beat)에서 유래,Alex는 발로 문을 두드렸다.,hit|attack
2,18,bat,"치다, 때리다(beat)",battle,", 전투, 싸움",He died in the naval battle.,battle,mid,What does battle mean?,", 전투, 싸움",etymology,596,DAY 18,1,"치다, 때리다(beat)",라틴어 battuere(= beat)에서 유래,그는 그 해전에서 죽었다.,
2,18,bat,"치다, 때리다(beat)",combat,"전투, 싸움 v. 싸우다",The combat turned into a new phase.,combat,mid,What does combat mean?,"전투, 싸움 v. 싸우다",etymology,597,DAY 18,1,"치다, 때리다(beat)",com(= together) + bat(= beat) → 서로 때리는 것,그 전투는 새로운 국면으로 접어들었다.,
2,18,bat,"치다, 때리다(beat)",debate,"l 논의하다, 논쟁하다 n. 논의, 논쟁",Politicians will debate the bill this week.,debate|debatement,mid,What does debate mean?,"l 논의하다, 논쟁하다 n. 논의, 논쟁",etymology,598,DAY 18,1,"치다, 때리다(beat)",de(completely) + bat(e)(= beat) → 매우 때리다,정치인들은 그 법안을 이번 주에 논의할 것이다.,
2,18,bat,"치다, 때리다(beat)",rebate,환불,We are allowed a rebate of $50.,rebate|rebateable,mid,What does rebate mean?,환불,etymology,599,DAY 18,1,"치다, 때리다(beat)",re(= again) + bate(= beat) → 다시 때림[받음],우리는 50달러를 환불 받게 된다.,
2,18,bene,"좋은, 선한(good)",benefit,"혜택, 이득",I had a benefit from the new tax policy.,benefit,mid,What does benefit mean?,"혜택, 이득",etymology,600,DAY 18,2,"좋은, 선한(good)",bene(= good) + fit(= facere: do) → 좋은 행동,나는 새 조세 정책으로 혜택을 얻었다.,advantage|profit|interest
2,18,bene,"좋은, 선한(good)",beneficial,"유익한, 이로운",Good food is beneficial to your health.,beneficial,mid,What does beneficial mean?,"유익한, 이로운",etymology,601,DAY 18,2,"좋은, 선한(good)",bene(= good) + fici(=making) + al(접사) → 이로움을 만드는,좋은 음식은 당신의 건강에 이롭다.,
2,18,bene,"좋은, 선한(good)",beneficent,"인정이 많은, 자비로운",Kevin is a beneficent person to people in need.,beneficent|beneficence,mid,What does beneficent mean?,"인정이 많은, 자비로운",etymology,602,DAY 18,2,"좋은, 선한(good)",bene(= good) + fic(=making) + ent(접사) → 이로움을 만드는 성질의,Kevin은 어려운 사람들에게 인정이 많은 사람이다.,
2,18,bi/bin,"두 개(two), 두 번(twice)",bilingual,2개 국어를 구사할 수 있는,Anna is bilingual in Japanese and French.,bilingual|bilingualism,mid,What does bilingual mean?,2개 국어를 구사할 수 있는,etymology,603,DAY 18,3,"두 개(two), 두 번(twice)",bi(= two) + lingu(= lingua: tongue) + al(접사) → 두 개의 언어를 가진,Anna는 일본어와 프랑스어 2개 국어를 구사한다.,
2,18,bi/bin,"두 개(two), 두 번(twice)",bilateral,"양측의, 쌍방의",Two countries will hold bilateral talks.,bilateral,mid,What does bilateral mean?,"양측의, 쌍방의",etymology,604,DAY 18,3,"두 개(two), 두 번(twice)",bi(= two) + later(= side) + al(접사) → 두 개의 측면이 있는,두 나라는 양자회담을 가질 것이다.,
2,18,bi/bin,"두 개(two), 두 번(twice)",bimonthly,"격월의, 두 달에 한 번씩의",His company publishes a bimonthly magazine.,bimonthly,mid,What does bimonthly mean?,"격월의, 두 달에 한 번씩의",etymology,605,DAY 18,3,"두 개(two), 두 번(twice)",bi(= two) + month(월) + ly(접사) → 2개월마다의,그의 회사는 격월 잡지를 출간한다.,
2,18,bi/bin,"두 개(two), 두 번(twice)",biannual,연 2회의,They need to have a biannual examination.,biannual,mid,What does biannual mean?,연 2회의,etymology,606,DAY 18,3,"두 개(two), 두 번(twice)",bi(= two) + annu(= annus: year) + al(접사) → 일 년에 두 번의,그들은 연 2회의 검진을 받아야 해요.,
2,18,bi/bin,"두 개(two), 두 번(twice)",biennial,"2년마다의, 격년의",The city hosts a biennial art exhibition.,biennial,mid,What does biennial mean?,"2년마다의, 격년의",etymology,607,DAY 18,3,"두 개(two), 두 번(twice)",bi(= two) + enni(= annus: year) + al(접사) → 2년마다의,그 도시는 2년마다 열리는 미술 전시회를 주최한다.,
2,18,bi/bin,"두 개(two), 두 번(twice)",bicentennial,"200년의, 200년마다의",My school had a bicentennial celebration yesterday.,bicentennial,mid,What does bicentennial mean?,"200년의, 200년마다의",etymology,608,DAY 18,3,"두 개(two), 두 번(twice)",bi(= two) + cent(= hundred) + enni(= annus: year) + al(접사) → 백년이 두 번인,우리 학교는 어제 200주년 기념행사를 했다.,
2,18,bi/bin,"두 개(two), 두 번(twice)",bipolar,"양극을 지닌, 양 극단의","Everything in nature is bipolar, a positive pole and a negative one.",bipolar,mid,What does bipolar mean?,"양극을 지닌, 양 극단의",etymology,609,DAY 18,3,"두 개(two), 두 번(twice)",bi(= two) + pol(= pole: 극) + ar(접사) → 극이 두 개인,자연에 있는 모든 것은 양극과 음극의 양극을 지니고 있다.,
2,18,bi/bin,"두 개(two), 두 번(twice)",binary,"이진법의, 두 부분으로 이뤄진",Calculating using only 1s and 0s is called the binary system.,binary,mid,What does binary mean?,"이진법의, 두 부분으로 이뤄진",etymology,610,DAY 18,3,"두 개(two), 두 번(twice)",bin(= two) + ary(접사) → 두 개로 이루어진,1과 0만을 사용해서 계산하는 것이 이진법이라고 불린다.,
2,18,bio,"인생, 생물(life, living matter)",biology,생물학,He majored in biology in college.,biology|biological,mid,What does biology mean?,생물학,etymology,611,DAY 18,4,"인생, 생물(life, living matter)","bio(= life) + logy(= science, study) → 생명과 관련된 학문",그는 대학에서 생물학을 전공했다.,
2,18,bio,"인생, 생물(life, living matter)",biography,전기,I read a biography about Einstein last summer.,biography,mid,What does biography mean?,전기,etymology,612,DAY 18,4,"인생, 생물(life, living matter)",bio(= life) + graph(=written) + y(접사) → 인생과 관련하여 쓰여진 것,지난여름에 나는 아인슈타인에 관한 전기를 읽었다.,
2,18,bio,"인생, 생물(life, living matter)",biodiversity,"생물의 다양성, 종의 다양성",We must try to conserve biodiversity together.,biodiversity,mid,What does biodiversity mean?,"생물의 다양성, 종의 다양성",etymology,613,DAY 18,4,"인생, 생물(life, living matter)",bio(= life) + divers(= diverse: 다양한) + ity(접사) → 생명의 다양한 성질,우리는 생물의 다양성을 보존하기 위해 함께 노력해야 한다.,
2,18,bio,"인생, 생물(life, living matter)",biotechnology,생명공학,The country leads the world in the field of biotechnology.,biotechnology,high,What does biotechnology mean?,생명공학,etymology,614,DAY 18,4,"인생, 생물(life, living matter)","bio(= life) + techno(= skill) + logy(= science, study) → 생명과 관련된 기술의 연구",그 나라는 생명공학 분야에서 세계를 이끈다.,
2,18,bio,"인생, 생물(life, living matter)",biosphere,생물권(생물이 살 수 있는 지구 표면과 대기권),The biosphere seems to be recovering from the damage.,biosphere,mid,What does biosphere mean?,생물권(생물이 살 수 있는 지구 표면과 대기권),etymology,615,DAY 18,4,"인생, 생물(life, living matter)",bio(= life) + sphere(= place) → 생명이 존재하는 장소,생물권은 그 손상에서 회복되고 있는 것 같다.,
2,18,bio,"인생, 생물(life, living matter)",biochemistry,생화학,We took a biochemistry course last semester.,biochemistry,mid,What does biochemistry mean?,생화학,etymology,616,DAY 18,4,"인생, 생물(life, living matter)",bio(= life) + chemist(= chymist: alchemist 연금술사) + ry(접사) → 생명학과 연금술사의 학문,우리는 지난 학기에 생화학 강좌를 들었다.,
2,18,bio,"인생, 생물(life, living matter)",autobiography,자서전,The famous scholar wrote his autobiography.,autobiography,high,What does autobiography mean?,자서전,etymology,617,DAY 18,4,"인생, 생물(life, living matter)",auto(= self) + bio(= life) + graph(=write) + y(접사) → 자기 스스로 인생과 관련하여 쓴 것,그 유명한 학자는 자서전을 썼다.,
2,18,bio,"인생, 생물(life, living matter)",antibiotic,항생제의 n. 항생제,The doctor gave me an antibiotic shot.,antibiotic,mid,What does antibiotic mean?,항생제의 n. 항생제,etymology,618,DAY 18,4,"인생, 생물(life, living matter)",anti(= against) + bio(= living matter) + tic(접사) → 살아 있는 것에 저항하는,그 의사는 나에게 항생제를 주사했다.,
2,18,bio,"인생, 생물(life, living matter)",microbiology,미생물학,The discovery will open a new era in microbiology.,microbiology,mid,What does microbiology mean?,미생물학,etymology,619,DAY 18,4,"인생, 생물(life, living matter)","micro(= very small) + bio(= life) + logy(= science, study) → 매우 작은 생물에 관한 학문",그 발견은 미생물학의 새 시대를 열어줄 것이다.,
2,19,camp,"야영지, 평야, 평원(field)",campaign,"선거 운동, 캠페인, 군사 행동 v. 캠페인을 벌이다",A political campaign needs several things to be successful.,campaign,mid,What does campaign mean?,"선거 운동, 캠페인, 군사 행동 v. 캠페인을 벌이다",etymology,620,DAY 19,1,"야영지, 평야, 평원(field)",라틴어 campus(= field)에서 유래 → 평원에서 진을 치는 모습,정치적인 선거 운동은 성공하기 위해 몇 가지가 필요하다.,
2,19,camp,"야영지, 평야, 평원(field)",campus,"교정, 구내",The basketball teams practiced on the campus.,campus,mid,What does campus mean?,"교정, 구내",etymology,621,DAY 19,1,"야영지, 평야, 평원(field)",라틴어 campus(= field)에서 유래 → 교정,농구팀은 교정에서 연습했다.,
2,19,camp,"야영지, 평야, 평원(field)",encamp,야영하다,He decided to encamp for the night.,encamp,mid,What does encamp mean?,야영하다,etymology,622,DAY 19,1,"야영지, 평야, 평원(field)",en(=make) + camp(= field: 야영지) → 야영지를 만들다,그는 하룻밤을 야영하기로 정했다.,
2,19,camp,"야영지, 평야, 평원(field)",campground,"야영지, 캠프장",Water is available in the campground.,campground,mid,What does campground mean?,"야영지, 캠프장",etymology,623,DAY 19,1,"야영지, 평야, 평원(field)","camp(= field: 야영지) + ground(장소, 지면, 땅) → 야영하는 장소",물은 야영지에서 이용 가능하다.,
2,19,candid,"흰색의(white), 진실한(sincere), 정직한(honest)",candid,"솔직한, 있는 그대로의, 공평한",He and I had candid talks and deepened our mutual understanding.,candid,mid,What does candid mean?,"솔직한, 있는 그대로의, 공평한",etymology,624,DAY 19,2,"흰색의(white), 진실한(sincere), 정직한(honest)","라틴어 candidum(=white, sincere, honest)에서 유래 → 진실한, 정직한",그와 나는 솔직한 이야기를 나눴고 우리의 상호 간의 이해는 깊어졌다.,
2,19,candid,"흰색의(white), 진실한(sincere), 정직한(honest)",candidate,"지원자, 후보자",Candidates should be between 27 and 35 years of age.,candidate,mid,What does candidate mean?,"지원자, 후보자",etymology,625,DAY 19,2,"흰색의(white), 진실한(sincere), 정직한(honest)","candid(=white, sincere, honest) + ate(접사) → 고대 로마 시대에 순백의 옷을 걸치고 공직자가 되기를 열망하는 사람 → 후보",지원자들은 나이가 27세에서 35세 사이여야 한다.,
2,19,ceipt/ceit/cip,"취하다, 붙잡다, 갖고 있다(take, hold)",capital,"대문자의, 자본의, 사형의 n. 수도, 대문자, 자본",Please write down these words with a capital letter.,capital,mid,What does capital mean?,"대문자의, 자본의, 사형의 n. 수도, 대문자, 자본",etymology,626,DAY 19,3,"취하다, 붙잡다, 갖고 있다(take, hold)","cap(it)(= head) + al(접사) → 머리의, 주요한",이 단어들을 대문자로 적으세요.,
2,19,ceipt/ceit/cip,"취하다, 붙잡다, 갖고 있다(take, hold)",caption,"캡션(사진, 삽화 등에 붙인 설명), 표제, 자막 / v. ~에 캡션[표제, 자막, 설명]을 붙이다",He explained the captions under the photographs.,caption,mid,What does caption mean?,"캡션(사진, 삽화 등에 붙인 설명), 표제, 자막 / v. ~에 캡션[표제, 자막, 설명]을 붙이다",etymology,627,DAY 19,3,"취하다, 붙잡다, 갖고 있다(take, hold)","cap(t)(= take) + ion(접사) → (문두, 앞부분에) 붙여 놓은 것",그는 사진 아래에 있는 캡션을 설명해주었다.,
2,19,ceipt/ceit/cip,"취하다, 붙잡다, 갖고 있다(take, hold)",capable,"유능한, ~할 수 있는",,capable|capability,mid,What does capable mean?,"유능한, ~할 수 있는",etymology,628,DAY 19,3,"취하다, 붙잡다, 갖고 있다(take, hold)",cap(= hold) + able(접사) → 담을 수 있는 → 감당할 수 있는,Julia is a very capable lawyer. Julia는 매우 유능한 변호사이다.,
2,19,ceipt/ceit/cip,"취하다, 붙잡다, 갖고 있다(take, hold)",captivate,"~의 마음을 사로잡다, 매혹하다",We were captivated by the beautiful landscape.,captivate,mid,What does captivate mean?,"~의 마음을 사로잡다, 매혹하다",etymology,629,DAY 19,3,"취하다, 붙잡다, 갖고 있다(take, hold)",cap(t)(= take) + iv(접사) + ate(접사) → 매력으로 마음을 사로잡다,우리는 아름다운 풍경에 사로잡혔다.,
2,19,ceipt/ceit/cip,"취하다, 붙잡다, 갖고 있다(take, hold)",capture,"포획(물), 약탈 v. 포획하다, 점유하다, 사로잡다",The practice of fisheries is used for the live capture ofdolphins.,capture,mid,What does capture mean?,"포획(물), 약탈 v. 포획하다, 점유하다, 사로잡다",etymology,630,DAY 19,3,"취하다, 붙잡다, 갖고 있다(take, hold)",cap(t)(= take) + ure(접사) → 잡는 행위,그 어업 관행은 돌고래의 생포를 위해 사용된다.,
2,19,ceipt/ceit/cip,"취하다, 붙잡다, 갖고 있다(take, hold)",deception,"속임(수), 기만, 사기","Your deceptions may deceive you, but they cannot deceive me.",deception|deceive,mid,What does deception mean?,"속임(수), 기만, 사기",etymology,631,DAY 19,3,"취하다, 붙잡다, 갖고 있다(take, hold)",de(= from) + cept(= take) + ion(접사) → ~에게서 가져가는 것 → 속임(수),"당신의 속임수들은 당신을 속일 수는 있지만, 그것들이 나를 속일 수는 없다.",
2,19,ceipt/ceit/cip,"취하다, 붙잡다, 갖고 있다(take, hold)",susceptible,"~의 영향을 받기 쉬운, 감염되기 쉬운, 민감한",Judgmental systems are susceptible to personal biases and emotions.,susceptible,mid,What does susceptible mean?,"~의 영향을 받기 쉬운, 감염되기 쉬운, 민감한",etymology,632,DAY 19,3,"취하다, 붙잡다, 갖고 있다(take, hold)",sus(= up from under) + cept(= take) + ible(접사) → 밑에서부터 잡을 수 있는[아래부터 작용을 받을 수 있는],판단 체계는 개인적인 편견과 감정에 영향을 받기 쉽다.,
2,19,ceipt/ceit/cip,"취하다, 붙잡다, 갖고 있다(take, hold)",perceptual,"지각(력)의, 지각이 있는",Preschool children have well-developed perceptual skills.,perceptual,mid,What does perceptual mean?,"지각(력)의, 지각이 있는",etymology,633,DAY 19,3,"취하다, 붙잡다, 갖고 있다(take, hold)",per(= thoroughly) + cept(= take) + ual(접사) → 철저히 파악하는,미취학 아동들은 충분히 발달된 지각력을 가지고 있다.,
2,19,ceipt/ceit/cip,"취하다, 붙잡다, 갖고 있다(take, hold)",conceive,"생각해 내다, 상상하다",They conceived a plan to withdraw the troops.,conceive|conception,mid,What does conceive mean?,"생각해 내다, 상상하다",etymology,634,DAY 19,3,"취하다, 붙잡다, 갖고 있다(take, hold)",con(= com: intensive) + ceiv(e)(= take) → (마음속에서 강하게) 품다,그들은 군대를 철수할 계획을 생각해 냈다.,
2,19,ceipt/ceit/cip,"취하다, 붙잡다, 갖고 있다(take, hold)",receive,"받다, 수령하다, 수신하다",She received an award for her work on charity.,receive|reception,mid,What does receive mean?,"받다, 수령하다, 수신하다",etymology,635,DAY 19,3,"취하다, 붙잡다, 갖고 있다(take, hold)",re(= back) + ceiv(e)(= take) → 가져오다,그녀는 자선 단체에서의 활동에 대해 상을 받았다.,
2,19,ceipt/ceit/cip,"취하다, 붙잡다, 갖고 있다(take, hold)",perceive,"인지[지각]하다, 알아차리다","The moment she perceived him, her cheeks turned pale.",perceive|perception,mid,What does perceive mean?,"인지[지각]하다, 알아차리다",etymology,636,DAY 19,3,"취하다, 붙잡다, 갖고 있다(take, hold)",per(= thoroughly) + ceiv(e)(= take) → 철저히 파악하다,"그녀가 그를 인지한 순간, 그녀의 뺨은 창백해졌다.",
2,19,ceipt/ceit/cip,"취하다, 붙잡다, 갖고 있다(take, hold)",achieve,"달성하다, 성취하다, 성공하다",I will persist until I achieve good results.,achieve|achievement,mid,What does achieve mean?,"달성하다, 성취하다, 성공하다",etymology,637,DAY 19,3,"취하다, 붙잡다, 갖고 있다(take, hold)",라틴어 ad caput(= come to a head)에서 유래 → 머리까지 도달하다,나는 좋은 결과를 달성할 때까지 계속할 것이다.,
2,19,ceipt/ceit/cip,"취하다, 붙잡다, 갖고 있다(take, hold)",receipt,"영수증, 수령(한 물건)",People can steal your credit card receipts from the garbage.,receipt,mid,What does receipt mean?,"영수증, 수령(한 물건)",etymology,638,DAY 19,3,"취하다, 붙잡다, 갖고 있다(take, hold)",re(= back) + ceipt(= take) → 가져온 것,사람들이 쓰레기에서 여러분의 신용카드 영수증을 훔쳐갈 수 있다.,
2,19,ceipt/ceit/cip,"취하다, 붙잡다, 갖고 있다(take, hold)",deceit,"기만, 사기, 속임(수)",We are sick and tired of corruption and deceit.,deceit,mid,What does deceit mean?,"기만, 사기, 속임(수)",etymology,639,DAY 19,3,"취하다, 붙잡다, 갖고 있다(take, hold)",de(= from) + ceit(= take) → ~에게서 가져가는 것 → 속임(수),우리는 부패와 기만에 진저리가 난다.,
2,19,ceipt/ceit/cip,"취하다, 붙잡다, 갖고 있다(take, hold)",conceit,"자만심, 자부심, (기발한) 착상",We often forget our own shortcomings and become full of conceit.,conceit,mid,What does conceit mean?,"자만심, 자부심, (기발한) 착상",etymology,640,DAY 19,3,"취하다, 붙잡다, 갖고 있다(take, hold)",con(= com: intensive) + ceit(= take) → 원하는 생각을 마음속으로 완전히 가져가는 것,우리는 흔히 자신의 결점을 잊고 자만심으로 가득 차게 된다.,
2,19,ceipt/ceit/cip,"취하다, 붙잡다, 갖고 있다(take, hold)",discipline,"규율, 훈육, 학과목 v. 훈련하다, 훈육하다",He needs discipline in order to become a better disciple.,discipline,mid,What does discipline mean?,"규율, 훈육, 학과목 v. 훈련하다, 훈육하다",etymology,641,DAY 19,3,"취하다, 붙잡다, 갖고 있다(take, hold)",dis(= apart) + cip(l)(= take) + ine(접사) → 따로 취해지는 것,그는 더 나은 제자가 되기 위해서 규율이 필요하다.,
2,19,ceipt/ceit/cip,"취하다, 붙잡다, 갖고 있다(take, hold)",anticipate,"고대하다, 예상하다, 예측하다",I anticipated a visit from my girlfriend.,anticipate,mid,What does anticipate mean?,"고대하다, 예상하다, 예측하다",etymology,642,DAY 19,3,"취하다, 붙잡다, 갖고 있다(take, hold)",anti(= ante: before) + cip(= take) + ate(접사) → 미리 잡아내다[파악하다],나는 여자 친구의 방문을 고대했다.,
2,19,ceipt/ceit/cip,"취하다, 붙잡다, 갖고 있다(take, hold)",recipe,"조리법, 처방전, 방법, 비결",The instructions below give a recipe for cheesecake.,recipe,mid,What does recipe mean?,"조리법, 처방전, 방법, 비결",etymology,643,DAY 19,3,"취하다, 붙잡다, 갖고 있다(take, hold)","라틴어 recipe(= take)에서 유래 → 약을 받음, 처방전",아래의 설명은 치즈케이크를 위한 조리법을 제공한다.,
2,19,ceipt/ceit/cip,"취하다, 붙잡다, 갖고 있다(take, hold)",recipient,"수령인, 용기","She is the oldest recipient of the award, winning in 1980 at age 44.",recipient,mid,What does recipient mean?,"수령인, 용기",etymology,644,DAY 19,3,"취하다, 붙잡다, 갖고 있다(take, hold)",re(= back) + cip(i)(= take) + ent(접사) → ~을 가져온 사람,"그녀는 44세로 1980년에 우승한, 나이가 가장 많은 수상자이다.",
2,19,ceipt/ceit/cip,"취하다, 붙잡다, 갖고 있다(take, hold)",participate,"참여[참가]하다, 관여하다",Americans can participate in politics in at least six ways.,participate|participation|participant,mid,What does participate mean?,"참여[참가]하다, 관여하다",etymology,645,DAY 19,3,"취하다, 붙잡다, 갖고 있다(take, hold)",parti(= part) + cip(= take) + ate(접사) → ~의 부분을 차지하다 → 참가하다,미국인들은 최소한 여섯 가지 방식으로 정치에 참여할 수 있다.,take|play|be
2,19,capit/capt,"머리, 우두머리(head)",capita,머리 (caput의 복수형),The income per capita is getting higher each year.,capita|capital,mid,What does capita mean?,머리 (caput의 복수형),etymology,646,DAY 19,1,"머리, 우두머리(head)",capit(a)(= head) → 머리,1인당 소득이 매년 증가하고 있다.,
2,19,capit/capt,"머리, 우두머리(head)",capitalize,"~을 활용하다, 대문자로 쓰다, 자본화하다",Switzerland capitalizes on its natural beauty to attract tourists.,capitalize|capitalism|capitalist,mid,What does capitalize mean?,"~을 활용하다, 대문자로 쓰다, 자본화하다",etymology,647,DAY 19,1,"머리, 우두머리(head)",capit(= head) + al(접사) + ize(접사) → 머리를[자본을] 이용하다,스위스는 관광객을 끌어들이기 위해 자연의 아름다움을 활용한다.,
2,19,capit/capt,"머리, 우두머리(head)",captain,"(항공기) 기장, 선장, (스포츠) 주장",The captain and crew welcomed us aboard.,captain,mid,What does captain mean?,"(항공기) 기장, 선장, (스포츠) 주장",etymology,648,DAY 19,1,"머리, 우두머리(head)",고대 프랑스어 captitaine(= one who stands at the head of others)에서 유래 → 다른 사람의 머리 위에 서 있는 사람,기장과 승무원은 우리가 탑승한 것을 환영했다.,
2,19,car/char,"마차, 탈것(carriage, wagon, vehicle), 짐(load)",carpenter,목수,I saw the carpenter nailing something to the wall.,carpenter,mid,What does carpenter mean?,목수,etymology,649,DAY 19,2,"마차, 탈것(carriage, wagon, vehicle), 짐(load)",car(pent)(= carriage) + er(접사) → 나무로 마차를 만드는 목공일을 하는 사람,나는 그 목수가 뭔가를 벽에 박고 있는 것을 보았다.,
2,19,car/char,"마차, 탈것(carriage, wagon, vehicle), 짐(load)",career,"직업, 경력",He hopes to have a career in medicine.,career,mid,What does career mean?,"직업, 경력",etymology,650,DAY 19,2,"마차, 탈것(carriage, wagon, vehicle), 짐(load)",라틴어 carrus(= track for wheeled vehicle)에서 유래 → 바퀴 달린 탈것이 다니는 길 → 인생 여정,그는 의료 분야의 직업[경력]을 갖기를 희망한다.,occupation|profession
2,19,car/char,"마차, 탈것(carriage, wagon, vehicle), 짐(load)",carriage,"운반, 수송, (열차의) 객차, 마차",The canal was built for the carriage of coal.,carriage|carry,mid,What does carriage mean?,"운반, 수송, (열차의) 객차, 마차",etymology,651,DAY 19,2,"마차, 탈것(carriage, wagon, vehicle), 짐(load)",car(ry)(= carriage)+ age(접사) → 마차로 운반하는 것,그 운하는 석탄을 수송하기 위해 만들어졌다.,
2,19,car/char,"마차, 탈것(carriage, wagon, vehicle), 짐(load)",carrier,"항공사, 운송 회사, 수송선, (병원균의) 보균자",The airline is the largest carrier in our country.,carrier,mid,What does carrier mean?,"항공사, 운송 회사, 수송선, (병원균의) 보균자",etymology,652,DAY 19,2,"마차, 탈것(carriage, wagon, vehicle), 짐(load)",car(ry)(= carriage) + er(접사) → 운반을 하는 사람[것],그 항공사는 우리나라에서 제일 크다.,
2,19,car/char,"마차, 탈것(carriage, wagon, vehicle), 짐(load)",charge,"요금, 책임, 고소, 충전 v. 요금을 청구하다, 고소하다, 충전하다",He is in charge of hiring new employees.,charge,mid,What does charge mean?,"요금, 책임, 고소, 충전 v. 요금을 청구하다, 고소하다, 충전하다",etymology,653,DAY 19,2,"마차, 탈것(carriage, wagon, vehicle), 짐(load)","고대 프랑스어 charge(= a load, a weight)에서 유래 → 짐, 무게",그는 새로운 직원을 고용하는 책임을 맡고 있다.,rate|fare|fee|cost
2,19,car/char,"마차, 탈것(carriage, wagon, vehicle), 짐(load)",discharge,"내보내다, 석방하다, 방출하다, 해임하다 n. 석방, 방출, 해임",He was discharged from the hospital earlier than expected.,discharge,mid,What does discharge mean?,"내보내다, 석방하다, 방출하다, 해임하다 n. 석방, 방출, 해임",etymology,654,DAY 19,2,"마차, 탈것(carriage, wagon, vehicle), 짐(load)",dis(= not) + charge(= load) → 짐을 내리다,그는 병원에서 예상보다 더 일찍 퇴원했다.,
2,19,car/char,"마차, 탈것(carriage, wagon, vehicle), 짐(load)",recharge,재충전하다[되다] n. 재충전,It takes about half an hour for the battery to recharge.,recharge,mid,What does recharge mean?,재충전하다[되다] n. 재충전,etymology,655,DAY 19,2,"마차, 탈것(carriage, wagon, vehicle), 짐(load)","re(= again, back) + charge(충전하다) → 다시 충전하다",배터리가 재충전되는 데는 약 30분이 걸린다.,
2,19,car/char,"마차, 탈것(carriage, wagon, vehicle), 짐(load)",overcharge,"많이 청구하다, 너무 많이 싣다[충전하다]",The taxi driver tried to overcharge her.,overcharge,mid,What does overcharge mean?,"많이 청구하다, 너무 많이 싣다[충전하다]",etymology,656,DAY 19,2,"마차, 탈것(carriage, wagon, vehicle), 짐(load)",over(= too much) + charge(요금을 부과하다) → 과도하게 요금을 부과하다,택시 기사는 그녀에게 바가지를 씌우려 했다.,
2,20,cas/cid/cay,"떨어지다, 가라앉다(fall, sink)",casual,"느긋한, 무심한, 평상시의",Sarah has a casual attitude to life.,casual|casually,mid,What does casual mean?,"느긋한, 무심한, 평상시의",etymology,657,DAY 20,3,"떨어지다, 가라앉다(fall, sink)",cas(u)(= fall) + al(접사) → 떨어지는 것을 개의치 않는,Sarah는 삶에 대한 느긋한 태도를 갖고 있다.,
2,20,cas/cid/cay,"떨어지다, 가라앉다(fall, sink)",occasion,"특정한 경우[행사], 특별한 일",She often made a cake for special occasions.,occasion|occasional|occasionally,mid,What does occasion mean?,"특정한 경우[행사], 특별한 일",etymology,658,DAY 20,3,"떨어지다, 가라앉다(fall, sink)",oc(= ob: down) + cas(= fall) + ion(접사) → 갑자기 어떤 일이 떨어지는 것,특별한 때를 위해서 그녀는 자주 케이크를 만들었다.,
2,20,cas/cid/cay,"떨어지다, 가라앉다(fall, sink)",accident,"우연, 사고",The accident was caused by her careless driving.,accident|accidental,mid,What does accident mean?,"우연, 사고",etymology,659,DAY 20,3,"떨어지다, 가라앉다(fall, sink)",ac(= ad: to) + cid(= fall) + ent(접사) → 우연히 떨어지는[닥치는] 안 좋은 일,I met him quite by accident. 나는 아주 우연히 그를 만났다.,
2,20,cas/cid/cay,"떨어지다, 가라앉다(fall, sink)",incident,"(특이하거나 불쾌한) 일, (폭력적이거나 위험한) 사건",He reported the incident to the police.,incident|incidental,mid,What does incident mean?,"(특이하거나 불쾌한) 일, (폭력적이거나 위험한) 사건",etymology,660,DAY 20,3,"떨어지다, 가라앉다(fall, sink)",in(= on) + cid(= fall) + ent(접사) → ~에게 떨어지거나 닥치는 일,그는 그 사건을 경찰에 신고했다.,
2,20,cas/cid/cay,"떨어지다, 가라앉다(fall, sink)",coincidence,"우연의 일치, 동시 발생",What a coincidence! I’m going there too.,coincidence|coincidental,mid,What does coincidence mean?,"우연의 일치, 동시 발생",etymology,661,DAY 20,3,"떨어지다, 가라앉다(fall, sink)",co(= together) + in(= on) + cid(= fall) + ence(접사) → 동시에 떨어진 일,정말 우연의 일치네! 나도 거기에 갈 거야.,
2,20,cas/cid/cay,"떨어지다, 가라앉다(fall, sink)",decay,"썩다, 부패하다, 쇠퇴하다 n. 부패, 쇠퇴",Too many sweets will make your teeth decay.,decay|decadent|decadence,mid,What does decay mean?,"썩다, 부패하다, 쇠퇴하다 n. 부패, 쇠퇴",etymology,662,DAY 20,3,"떨어지다, 가라앉다(fall, sink)",de(= down) + cay(= fall) → 썩어서 내려앉다,단 것을 너무 많이 먹으면 너의 치아를 썩게 할 거야.,
2,20,cast,던지다(throw),cast,"던지다, 드리우다, 배역을 정하다 n. 출연진[배우]들, 깁스, 주형(거푸집)",The fisherman cast a net into the water.,cast,mid,What does cast mean?,"던지다, 드리우다, 배역을 정하다 n. 출연진[배우]들, 깁스, 주형(거푸집)",etymology,663,DAY 20,4,던지다(throw),cast(= throw) → 던지다,그 어부는 그물을 물속으로 던졌다.,
2,20,cast,던지다(throw),broadcast,"방송하다, 방영하다, 널리 알리다 n. 방송, 방영(물)",The final game was broadcast all over the world.,broadcast|broadcaster,mid,What does broadcast mean?,"방송하다, 방영하다, 널리 알리다 n. 방송, 방영(물)",etymology,664,DAY 20,4,던지다(throw),broad(= extended) + cast(= throw) → 널리 어떤 사실을 퍼뜨리다,그 결승전은 전 세계에 방영되었다.,
2,20,cast,던지다(throw),forecast,"예측, 예보 v. 예측하다, 예보하다",What’s the weather forecast tomorrow?,forecast|forecaster,mid,What does forecast mean?,"예측, 예보 v. 예측하다, 예보하다",etymology,665,DAY 20,4,던지다(throw),fore(= before) + cast(= throw) → (어떤 일이 일어날 것이라는 생각을) 미리 던지다,내일의 일기 예보는 어떠한가요?,
2,20,cast,던지다(throw),castaway,"조난자, 버림받은 사람[것] a. 버려진, 표류한",They have found another missing castaway.,castaway,mid,What does castaway mean?,"조난자, 버림받은 사람[것] a. 버려진, 표류한",etymology,666,DAY 20,4,던지다(throw),cast(= throw) + away(= far) → (배가 난파되어) 먼 곳으로 던져진,그들은 또 다른 실종된 조난자를 찾았다.,
2,20,cast,던지다(throw),outcast,"추방된 사람, 따돌림 받는 사람, 부랑자 a. 쫓겨난, 버림받은, 집 없는",They were often treated as social outcasts.,outcast,mid,What does outcast mean?,"추방된 사람, 따돌림 받는 사람, 부랑자 a. 쫓겨난, 버림받은, 집 없는",etymology,667,DAY 20,4,던지다(throw),out + cast(= throw) → 밖으로 던져진,그들은 자주 사회적으로 추방된 사람처럼 대우 받았다.,
2,20,caus,"이유, 동기(reason, motive, case)",cause,"원인, 이유, (대의) 명분 v. 야기하다, 초래하다",The investigators have found the cause of the fire.,cause,mid,What does cause mean?,"원인, 이유, (대의) 명분 v. 야기하다, 초래하다",etymology,668,DAY 20,5,"이유, 동기(reason, motive, case)",cause(= caus: reason) → 이유,조사관들이 그 화재의 원인을 찾아냈다.,
2,20,caus,"이유, 동기(reason, motive, case)",causality,인과 관계,Direct causalities were not found.,causality|causal,mid,What does causality mean?,인과 관계,etymology,669,DAY 20,5,"이유, 동기(reason, motive, case)",caus(= reason) + al(접사) + ity(접사) → 원인이 만들어 내는 것과 관련됨,직접적인 인과 관계는 밝혀지지 않았다.,
2,20,caut,조심하는(guard against),caution,"조심, 신중 v. 주의를 주다",The chemicals should be treated with caution.,caution|cautious,high,What does caution mean?,"조심, 신중 v. 주의를 주다",etymology,670,DAY 20,1,조심하는(guard against),"caut(= guard against) + ion(접사) → 조심, 신중",그 화학약품들은 조심해서 다루어져야 한다.,
2,20,caut,조심하는(guard against),precaution,"예방책, 조심, 경계",This precaution will avoid potential issues.,precaution,mid,What does precaution mean?,"예방책, 조심, 경계",etymology,671,DAY 20,1,조심하는(guard against),pre(= before) + caut(= guard against) + ion(접사) → 미리 조심하기,이 예방책은 발생할 수 있는 문제를 피하게 해줄 것이다.\,
2,20,centr,중앙의(center),central,"중심의, 중앙의",The house has gas-fired central heating.,central|centralize,mid,What does central mean?,"중심의, 중앙의",etymology,672,DAY 20,2,중앙의(center),centr(= center) + al(접사) → 중심의,그 집에는 가스를 연료로 사용하는 중앙난방 시설이 있다.,
2,20,centr,중앙의(center),eccentric,"별난, 괴짜의",He had an eccentric habit of collecting socks.,eccentric,mid,What does eccentric mean?,"별난, 괴짜의",etymology,673,DAY 20,2,중앙의(center),ec(= ek: out) + centr(= center) + ic(접사) → 중심에서 벗어난,그는 양말을 모으는 별난 취미를 갖고 있었다.,
2,20,centr,중앙의(center),egocentric,"자기 중심적인, 이기적인",She broke my trust with her egocentric behavior.,egocentric,mid,What does egocentric mean?,"자기 중심적인, 이기적인",etymology,674,DAY 20,2,중앙의(center),ego(= self) + centr(= center) + ic(접사) → 자기 중심적인,그녀는 자기 중심적인 행동으로 내 신뢰를 잃었다.,
2,20,cept,잡다(take),accept,"받아들이다, 인정하다",She did not accept my present.,accept,mid,What does accept mean?,"받아들이다, 인정하다",etymology,675,DAY 20,3,잡다(take),ac(= ab: to) + cept(= take) → 받아들이다,그녀는 내 선물을 받아들이지 않았다.,
2,20,cept,잡다(take),concept,"개념, 생각",The concept of beauty changes according to the times.,concept,mid,What does concept mean?,"개념, 생각",etymology,676,DAY 20,3,잡다(take),con(= com: with) + cept(= take) → 갖고 있는 것,아름다움의 개념은 시대에 따라 변한다.,notion|theory
2,20,cept,잡다(take),exception,"예외, 제외",There is no law without exception.,exception|exceptional,mid,What does exception mean?,"예외, 제외",etymology,677,DAY 20,3,잡다(take),ex(= out) + cept(= take) + ion(접사) → 밖으로 돌린 것,예외가 없는 법은 없다.,
2,20,cept,잡다(take),intercept,"가로채다, 도중에서 빼앗다, 가로막다",He intercepted the letter before his parents found it.,intercept,mid,What does intercept mean?,"가로채다, 도중에서 빼앗다, 가로막다",etymology,678,DAY 20,3,잡다(take),inter(= between) + cept(= take) → 중간에서 가져가다,그는 부모님이 발견하기 전에 그 편지를 가로챘다.,
2,20,cept,잡다(take),reception,"환영, 받아들임, 접수처, 연회",Such books will meet with a favorable reception.,reception,mid,What does reception mean?,"환영, 받아들임, 접수처, 연회",etymology,679,DAY 20,3,잡다(take),recept(= recipere: receive) + ion(접사) → 받아들임,그런 책은 호의적으로 받아들여질 것이다.,
2,20,cert,"분명한(sure), 정해진(settled)",certain,"확신하는, 확실한, 어떤, 무슨",It is certain that they will arrive in time.,certain|certainly,mid,What does certain mean?,"확신하는, 확실한, 어떤, 무슨",etymology,680,DAY 20,4,"분명한(sure), 정해진(settled)",cert(= sure) + ain(= an: 접사) → 확실한,그들이 제시간에 도착하리라는 것은 확실하다.,
2,20,cert,"분명한(sure), 정해진(settled)",certificate,"증명서, 면허",I showed my birth certificate to apply for a passport.,certificate,mid,What does certificate mean?,"증명서, 면허",etymology,681,DAY 20,4,"분명한(sure), 정해진(settled)",라틴어 certificatum(= thing certified)에서 유래 → 분명하게 하는 것,나는 여권을 신청하기 위해 내 출생증명서를 보여 주었다.,
2,20,cert,"분명한(sure), 정해진(settled)",certify,"증명[보증]하다, 검정[허가]하다, 공인하다, 면허를 주다",I certify that this is a true copy.,certify,mid,What does certify mean?,"증명[보증]하다, 검정[허가]하다, 공인하다, 면허를 주다",etymology,682,DAY 20,4,"분명한(sure), 정해진(settled)",cert(i)(= sure) + fy(접사) → 분명하게 하다,본 서류가 진정한 사본임을 증명합니다.,
2,20,cert,"분명한(sure), 정해진(settled)",uncertain,"확신이 없는, 불명확한, 분명치 않은","He walked back and forth, uncertain what to do.",uncertain|uncertainty,mid,What does uncertain mean?,"확신이 없는, 불명확한, 분명치 않은",etymology,683,DAY 20,4,"분명한(sure), 정해진(settled)",un(= not) + cert(= sure) + ain(= an: 접사) → 확실하지 않은,그는 무엇을 할지 몰라서 이리저리 왔다 갔다 했다.,
2,21,cess/cede,"가다(go), 떠나다(leave off), 양도하다(yield)",ancestry,"가계, 혈통","I can trace my ancestry back over 1,000 years.",ancestry|ancestor,mid,What does ancestry mean?,"가계, 혈통",etymology,684,DAY 21,5,"가다(go), 떠나다(leave off), 양도하다(yield)",an(= ante: before) + ces(= cede: go) + try(접사) → 이전에 온 것,나는 우리 가계를 천 년도 넘게 거슬러 올라갈 수 있다.,
2,21,cess/cede,"가다(go), 떠나다(leave off), 양도하다(yield)",cease,"그만두다, 중지하다",The general ordered his men to cease fire.,cease,mid,What does cease mean?,"그만두다, 중지하다",etymology,685,DAY 21,5,"가다(go), 떠나다(leave off), 양도하다(yield)","라틴어 cessare(= leave off)에서 유래 → 멈추다, 포기하다",장군은 부하들에게 사격을 멈추라고 명령했다.,
2,21,cess/cede,"가다(go), 떠나다(leave off), 양도하다(yield)",concede,"인정하다, 양보하다",We must concede that this is true.,concede,mid,What does concede mean?,"인정하다, 양보하다",etymology,686,DAY 21,5,"가다(go), 떠나다(leave off), 양도하다(yield)",con(= thoroughly) + cede(= cedere: yield 양도하다) → 주어 버리다,우리는 이것이 사실이라고 인정해야 한다.,
2,21,cess/cede,"가다(go), 떠나다(leave off), 양도하다(yield)",deceased,"죽은, 고(故)",The body of the deceased was removed from his home.,deceased,mid,What does deceased mean?,"죽은, 고(故)",etymology,687,DAY 21,5,"가다(go), 떠나다(leave off), 양도하다(yield)",de(= away) + cease(= cede: go) + (e)d → 멀리 떠난,죽은 사람의 시신이 그의 집에서 옮겨졌다.,
2,21,cess/cede,"가다(go), 떠나다(leave off), 양도하다(yield)",exceed,"넘다, 초과하다, 초월하다",The ID cannot exceed nine characters.,exceed|excess|excessive,mid,What does exceed mean?,"넘다, 초과하다, 초월하다",etymology,688,DAY 21,5,"가다(go), 떠나다(leave off), 양도하다(yield)",ex(= out) + ceed(= cede: go) → 넘어가다,ID는 아홉 글자를 넘으면 안 된다.,
2,21,cess/cede,"가다(go), 떠나다(leave off), 양도하다(yield)",precede,"선행하다, 먼저 일어나다",A flash of lightning preceded the thunder.,precede,mid,What does precede mean?,"선행하다, 먼저 일어나다",etymology,689,DAY 21,5,"가다(go), 떠나다(leave off), 양도하다(yield)",pre(= before) + cede(= go) → 먼저 가다,번개가 천둥보다 먼저 쳤다.,
2,21,cess/cede,"가다(go), 떠나다(leave off), 양도하다(yield)",predecessor,전임자,Your predecessor put in a good word for you.,predecessor,mid,What does predecessor mean?,전임자,etymology,690,DAY 21,5,"가다(go), 떠나다(leave off), 양도하다(yield)",pre(= before) + de(= past) + cess(= cede: go) + or(접사) → 이전에 간 사람,당신의 전임자가 당신에 대해 좋은 말을 했다.,
2,21,cess/cede,"가다(go), 떠나다(leave off), 양도하다(yield)",procedure,"절차, 순서, 수술",Repeat the cleaning procedure again if required.,procedure,mid,What does procedure mean?,"절차, 순서, 수술",etymology,691,DAY 21,5,"가다(go), 떠나다(leave off), 양도하다(yield)",pro(= forward) + ced(= cede: go) + ure(접사) → 순서대로 진행되는 행동,필요하면 청소 절차를 되풀이하라.,
2,21,cess/cede,"가다(go), 떠나다(leave off), 양도하다(yield)",proceed,"나아가다, 전진하다",Let’s proceed to the next program.,proceed,mid,What does proceed mean?,"나아가다, 전진하다",etymology,692,DAY 21,5,"가다(go), 떠나다(leave off), 양도하다(yield)",pro(= forward) + ceed(= cede: go) → 앞으로 나아가다,다음 프로그램으로 나아갑시다.,
2,21,cess/cede,"가다(go), 떠나다(leave off), 양도하다(yield)",recede,"물러나다, 멀어져 가다","When the flood waters recede, we’ll go home.",recede,mid,What does recede mean?,"물러나다, 멀어져 가다",etymology,693,DAY 21,5,"가다(go), 떠나다(leave off), 양도하다(yield)",re(= back) + cede(= go) → 뒤로 돌아가다,홍수로 인한 물이 빠지면 우리는 집에 갈 것이다.,
2,21,cess/cede,"가다(go), 떠나다(leave off), 양도하다(yield)",succeed,"성공하다, 계승하다",Mary would succeed t o t he t hrone at the age of three months.,succeed|successful|successive,mid,What does succeed mean?,"성공하다, 계승하다",etymology,694,DAY 21,5,"가다(go), 떠나다(leave off), 양도하다(yield)",suc(= sub: next to) + ceed(= cede: go) → 다음에 가다,The plan will surely succeed. 그 계획은 분명히 성공할 것이다.,
2,21,cide/cise,"자르다(cut), 죽이다(kill)",pesticide,"살충제, 농약",This pesticide kills insects instantaneously.,pesticide,mid,What does pesticide mean?,"살충제, 농약",etymology,695,DAY 21,1,"자르다(cut), 죽이다(kill)",pest(i)(= 해충) + cide(= kill) → 해충을 죽이는 것,이 살충제는 곤충을 즉시 죽인다.,
2,21,cide/cise,"자르다(cut), 죽이다(kill)",suicide,"자살, 자살 행위",The police believe he committed suicide.,suicide|suicidal,mid,What does suicide mean?,"자살, 자살 행위",etymology,696,DAY 21,1,"자르다(cut), 죽이다(kill)",sui(= self) + cide(= kill) → 스스로를 죽이는 것,경찰은 그가 자살했다고 믿는다.,
2,21,cide/cise,"자르다(cut), 죽이다(kill)",decide,"결정하다, 결정을 내리다",I can’t decide what to eat.,decide|decision,mid,What does decide mean?,"결정하다, 결정을 내리다",etymology,697,DAY 21,1,"자르다(cut), 죽이다(kill)",de(= off) + cide(= cut) → (문제 등을) 잘라내 분리시키다 → 결정에 이르다,나는 무엇을 먹을 것인지 결정할 수가 없다.,make|resolve|determine
2,21,cide/cise,"자르다(cut), 죽이다(kill)",concise,"축약된, 간결한","Commander Hanks wasted no time in giving us concise, sensible instructions.",concise|conciseness,mid,What does concise mean?,"축약된, 간결한",etymology,698,DAY 21,1,"자르다(cut), 죽이다(kill)",con(= together) + cise(= cut) → 함께 잘라낸,Hanks 사령관은 즉각 간결하고 합리적인 지시를 우리에게 내렸다.,
2,21,cide/cise,"자르다(cut), 죽이다(kill)",precise,"정확한, 정밀한",Their calendars were more precise than the ones we use today.,precise|precision,mid,What does precise mean?,"정확한, 정밀한",etymology,699,DAY 21,1,"자르다(cut), 죽이다(kill)",pre(= before) + cise(= cut) → 미리 잘라낸 → 군더더기를 잘라낸,그들의 달력은 오늘날 우리가 쓰는 것들보다 더 정확했다.,
2,21,circ/circul/circum,"원(circle), 둘레(round)",circus,"곡예, 서커스","Yesterday, we took our children to the circus.",circus,mid,What does circus mean?,"곡예, 서커스",etymology,700,DAY 21,2,"원(circle), 둘레(round)","라틴어 circus(= ring, circular line)에서 유래 → 원으로 된 고리를 넘는 행위 → 곡예",어제 우리는 아이들을 서커스에 데리고 갔다.,
2,21,circ/circul/circum,"원(circle), 둘레(round)",circular,"원형의, 순환하는",The planets follow almost circular orbits around the sun.,circular,mid,What does circular mean?,"원형의, 순환하는",etymology,701,DAY 21,2,"원(circle), 둘레(round)",circul(= circle) + ar(접사) → 원 형태의,그 행성들은 태양을 돌아 거의 원형 궤도를 따른다.,
2,21,circ/circul/circum,"원(circle), 둘레(round)",circulate,"순환하다, 순환시키다, 유포하다","In a day, nearly 8 tons of blood is circulated throughout the body.",circulate|circulation,mid,What does circulate mean?,"순환하다, 순환시키다, 유포하다",etymology,702,DAY 21,2,"원(circle), 둘레(round)",circul(= circle) + ate(접사) → (원의 형태로) 돌게 하다,"하루에, 거의 8톤의 혈액이 몸 전체를 순환한다.",
2,21,circ/circul/circum,"원(circle), 둘레(round)",circuit,"순환(로), 순회 (노선), (전기) 회로",The earth takes 365 days to make a circuit of the sun.,circuit,mid,What does circuit mean?,"순환(로), 순회 (노선), (전기) 회로",etymology,703,DAY 21,2,"원(circle), 둘레(round)",circu(m)(= round) + i(= ire: go) + t(= tus: 접사) → 둘레를 돌아가다,지구가 태양을 한 바퀴 순환하는 데는 365일이 걸린다.,
2,21,circ/circul/circum,"원(circle), 둘레(round)",circumstance,"상황, 환경, 사정, 처지",The circumstances are to our disadvantage.,circumstance,mid,What does circumstance mean?,"상황, 환경, 사정, 처지",etymology,704,DAY 21,2,"원(circle), 둘레(round)",circum(= round) + sta(= stand) + (a)nce(접사) → 주변에 서 있는 것,상황이 우리에게 불리하다.,
2,21,cit,"불러내다(summon), 불러일으키다(arouse)",cite,"(이유, 예를) 들다, 끌어대다, 인용하다",Several factors have been cited as the cause of the political unrest.,cite|citation,mid,What does cite mean?,"(이유, 예를) 들다, 끌어대다, 인용하다",etymology,705,DAY 21,3,"불러내다(summon), 불러일으키다(arouse)",라틴어 citare(= summon)에서 유래 → 불러내다,정치 불안의 원인으로 여러 요인들이 제기되었다.,mention|refer
2,21,cit,"불러내다(summon), 불러일으키다(arouse)",excite,"흥분하게 만들다, (특정한 감정을) 불러일으키다",The news excited everybody.,excite|excitement,mid,What does excite mean?,"흥분하게 만들다, (특정한 감정을) 불러일으키다",etymology,706,DAY 21,3,"불러내다(summon), 불러일으키다(arouse)",ex(= out) + cit(e)(= arouse) → (감정을) 밖으로 불러일으키다,그 소식에 모두가 흥분했다.,
2,21,cit,"불러내다(summon), 불러일으키다(arouse)",incite,"선동하다, 조장하다, 일으키게 하다",There was no evidence that he had incited violence.,incite|incitement,mid,What does incite mean?,"선동하다, 조장하다, 일으키게 하다",etymology,707,DAY 21,3,"불러내다(summon), 불러일으키다(arouse)",in(= into) + cit(e)(= arouse) → (감정을) 안으로 불러일으키다,그가 폭력을 선동했다는 증거는 없었다.,
2,21,civ,시민(citizen),civic,시민의,It is your civic duty to vote in the local elections.,civic,mid,What does civic mean?,시민의,etymology,708,DAY 21,4,시민(citizen),civ(= citizen) + ic(접사) → 시민의,지방 선거에 투표하는 것은 시민의 의무이다.,
2,21,civ,시민(citizen),civil,"시민의, 민간의",The businesses are being undertaken by 13 civil groups.,civil,mid,What does civil mean?,"시민의, 민간의",etymology,709,DAY 21,4,시민(citizen),civ(= citizen) + il(접사) → 시민의,그 사업들은 13개 민간단체에 의해 시행되고 있다.,
2,21,civ,시민(citizen),civilian,민간인,"I am a civilian, and I will be treated as such.",civilian,mid,What does civilian mean?,민간인,etymology,710,DAY 21,4,시민(citizen),civil + ian(접사) → 시민의 신분을 가진 사람,나는 민간인이니 그런 대우를 받을 것이다.,
2,21,civ,시민(citizen),civilization,"문명, 문명 사회",The book explores the relationship between religion and civilization.,civilization|civilize,mid,What does civilization mean?,"문명, 문명 사회",etymology,711,DAY 21,4,시민(citizen),civil + iz(e)(접사) + ation(접사) → 시민화되는 것,그 책은 종교와 문명 사이의 관계를 탐구한다.,
2,21,claim,외치다(cry out),claim,"주장하다, 요구하다, 청구하다 n. 주장, 청구","He claims to have met the actress, but I don’t believe him.",claim,mid,What does claim mean?,"주장하다, 요구하다, 청구하다 n. 주장, 청구",etymology,712,DAY 21,5,외치다(cry out),clamare(= cry out)에서 유래 → 크게 외치다 → 주장하다,"그는 자신이 그 여배우를 만났다고 주장하지만, 나는 그를 믿지 않는다.",
2,21,claim,외치다(cry out),clamorous,"떠들썩한, 시끄러운, 시끄럽게 요구하는",He played despite the clamorous atmosphere.,clamorous|clamor,mid,What does clamorous mean?,"떠들썩한, 시끄러운, 시끄럽게 요구하는",etymology,713,DAY 21,5,외치다(cry out),clam(= cry out) + or(접사) + ous(접사) → 주장하는 상태의 → 떠들썩한,떠들썩한 분위기에도 불구하고 그는 연주했다.,
2,21,claim,외치다(cry out),exclaim,"소리치다, 큰 소리로 말하다",Amy exclaimed in horror when she saw me.,exclaim|exclamation,mid,What does exclaim mean?,"소리치다, 큰 소리로 말하다",etymology,714,DAY 21,5,외치다(cry out),ex(= out) + claim(= cry out) → 밖으로 외치다,나를 보자 Amy는 두려워하며 소리쳤다.,
2,21,claim,외치다(cry out),proclaim,"선언하다, 공표하다, 분명히 보여 주다",The president proclaimed the republic’s independence.,proclaim,mid,What does proclaim mean?,"선언하다, 공표하다, 분명히 보여 주다",etymology,715,DAY 21,5,외치다(cry out),pro(= forth) + claim(= cry out) → 앞을 향해 외치다,대통령은 공화국의 독립을 공표했다.,
2,21,claim,외치다(cry out),reclaim,"반환을 요구하다, 되찾다",I reclaimed my bag from the lost luggage office.,reclaim,mid,What does reclaim mean?,"반환을 요구하다, 되찾다",etymology,716,DAY 21,5,외치다(cry out),re(= against) + claim(= cry out) → ~에 대항하여 외치다 → 반환을 요구하다,나는 분실물 취급소에서 내 가방을 되찾았다.,
2,22,clin,"기울다(bend, lean)",decline,"내려가다, 감소하다",We hope that the price of the product will decline.,decline,mid,What does decline mean?,"내려가다, 감소하다",etymology,717,DAY 22,1,"기울다(bend, lean)",de(= from) + clin(e)(= clinare: bend) → ~로부터 기울다,우리는 그 제품의 가격이 내려가기를 바라고 있다.,
2,22,clin,"기울다(bend, lean)",incline,기울게 하다,Poverty inclines people towards crime.,incline|inclination,mid,What does incline mean?,기울게 하다,etymology,718,DAY 22,1,"기울다(bend, lean)",in(= into) + clin(e)(= clinare: bend) → 안으로 기울다,가난이 사람들을 범죄로 기울게 한다.,
2,22,clin,"기울다(bend, lean)",recline,뒤로 넘어가다,The seats in the car recline almost like beds.,recline,mid,What does recline mean?,뒤로 넘어가다,etymology,719,DAY 22,1,"기울다(bend, lean)",re(= back) + clin(e)(= clinare: bend) → 뒤로 기울다,그 차의 좌석들은 거의 침대처럼 뒤로 넘어간다.,
2,22,clin,"기울다(bend, lean)",climate,기후,A temperate climate is suitable for people to live in.,climate,mid,What does climate mean?,기후,etymology,720,DAY 22,1,"기울다(bend, lean)",그리스어 klinein(= lean)의 명사형 klima에서 유래,온화한 기후가 사람들이 살기에 적합하다.,
2,22,clin,"기울다(bend, lean)",climax,"최고조, 절정",The festival will come to a climax on Saturday.,climax,mid,What does climax mean?,"최고조, 절정",etymology,721,DAY 22,1,"기울다(bend, lean)",그리스어 klimax(= klinein: lean)에서 유래,축제는 토요일에 절정에 이를 것이다.,
2,22,clos/clud,"닫다(close, shut)",disclose,"밝히다, 폭로하다",The company didn’t disclose details of the agreement.,disclose|disclosure,mid,What does disclose mean?,"밝히다, 폭로하다",etymology,722,DAY 22,2,"닫다(close, shut)",dis(= not) + clos(e)(닫다) → 닫아두지 않다,그 회사는 합의에 관한 세부 사항을 밝히지 않았다.,
2,22,clos/clud,"닫다(close, shut)",enclose,둘러싸다,Small rocks enclose the flower garden.,enclose|enclosure,mid,What does enclose mean?,둘러싸다,etymology,723,DAY 22,2,"닫다(close, shut)",en(= in) + clos(e)(닫다) → 안에 닫아두다,작은 돌들이 그 꽃 정원을 둘러싸고 있다.,
2,22,clos/clud,"닫다(close, shut)",include,포함하다,The essay needs to include some examples.,include|inclusion|inclusive,mid,What does include mean?,포함하다,etymology,724,DAY 22,2,"닫다(close, shut)",in(= 안에) + clud(e)(= claudere: shut) → 안에 두고 닫다,그 에세이는 몇 가지 예를 포함할 필요가 있다.,
2,22,clos/clud,"닫다(close, shut)",conclude,결론을 내리다,The judge had to conclude the poor boy was guilty.,conclude|conclusion,mid,What does conclude mean?,결론을 내리다,etymology,725,DAY 22,2,"닫다(close, shut)",con(= together) + clud(e)(= claudere: shut) → 함께 닫아두다,판사는 그 가엾은 소년이 유죄라고 결론을 내려야 했다.,
2,22,clos/clud,"닫다(close, shut)",exclude,"배제하다, 제외하다",We should not exclude the possibility of an a ttack f rom them.,exclude|exclusion,mid,What does exclude mean?,"배제하다, 제외하다",etymology,726,DAY 22,2,"닫다(close, shut)",ex(= out) + clud(e)(= claudere: shut) → 밖에 두고 닫다,우리는 그들로부터 공격의 가능성을 배제해서는 안 된다.,
2,22,gno/quaint,알다(know),cognition,인식,Bias is the fundamental obstacle to all cognition.,cognition|cognitive,mid,What does cognition mean?,인식,etymology,727,DAY 22,3,알다(know),cognit(= cognoscere: know) + ion(접사) → 알고 있는 것,편견은 모든 인식의 근본적인 장애물이다.,
2,22,gno/quaint,알다(know),recognize,"알아보다, 인정하다",I couldn’t recognize her when we met on the street.,recognize,mid,What does recognize mean?,"알아보다, 인정하다",etymology,728,DAY 22,3,알다(know),re(= again) + cogniz(e)(= cognoscere: know) → 다시 알게 되다,길에서 우리가 만났을 때 나는 그녀를 알아보지 못했다,
2,22,gno/quaint,알다(know),diagnose,진단하다,The device is used to diagnose various diseases.,diagnose|diagnosis,mid,What does diagnose mean?,진단하다,etymology,729,DAY 22,3,알다(know),dia(= apart) + gno(se)(= gnosis: know) → 따로 떼어 알아내다,그 장비는 다양한 질병들을 진단하는 데 이용된다.,
2,22,gno/quaint,알다(know),ignore,무시하다,We cannot ignore his advice.,ignore|ignorance,mid,What does ignore mean?,무시하다,etymology,730,DAY 22,3,알다(know),라틴어 ignorare(= not to know)에서 유래,우리는 그의 충고를 무시할 수 없다.,
2,22,gno/quaint,알다(know),acquaint,숙지하게 하다,You first need to acquaint yourself with the operation system.,acquaint|acquaintance,mid,What does acquaint mean?,숙지하게 하다,etymology,731,DAY 22,3,알다(know),ac(= ad: to) + quaint(= know) → 잘 알다,당신은 업무 체계를 먼저 숙지할 필요가 있다.,
2,22,commun,"공통의, 함께(common)",communicate,의사소통하다,They make unique sounds to communicate with each other.,communicate|communication,mid,What does communicate mean?,의사소통하다,etymology,732,DAY 22,4,"공통의, 함께(common)",commun(= common) + icate(접사) → 함께 나누다,그들은 서로 의사소통하기 위해서 독특한 소리를 낸다.,
2,22,commun,"공통의, 함께(common)",community,공동체,Family is the smallest community in a nation.,community,mid,What does community mean?,공동체,etymology,733,DAY 22,4,"공통의, 함께(common)",commun(i)(= common) + ty(접사) → 공동으로 하는 것,가족은 한 국가의 가장 작은 공동체이다.,organization|association|institution
2,22,commun,"공통의, 함께(common)",communal,공동의,The dead were buried in large communal graves.,communal,mid,What does communal mean?,공동의,etymology,734,DAY 22,4,"공통의, 함께(common)",commun(= common) + al(접사) → 공동으로 하는,사망자들은 큰 공동묘지에 묻혔다,
2,22,commun,"공통의, 함께(common)",communism,공산주의,The movie shows the history of communism.,communism,high,What does communism mean?,공산주의,etymology,735,DAY 22,4,"공통의, 함께(common)",commun(= common) + ism(접사) → 공동체를 중시하는 사상,그 영화는 공산주의의 역사를 보여 준다.,
2,22,cord/cour,심장(heart),discord,"불화, 불일치",There is constant discord in the company.,discord,mid,What does discord mean?,"불화, 불일치",etymology,736,DAY 22,5,심장(heart),dis(= apart) + cord(= heart) → 마음이 떨어져 있음,그 회사에는 지속적인 불화가 있다.,
2,22,cord/cour,심장(heart),accord,"합의, 일치",They signed a peace accord last month.,accord|accordance,mid,What does accord mean?,"합의, 일치",etymology,737,DAY 22,5,심장(heart),ac(= ad: to) + cord(= heart) → 마음으로 향하는 상태,그들은 지난달에 평화 합의안에 서명했다.,
2,22,cord/cour,심장(heart),record,"기록하다, 녹음하다 n. 기록",I’ll record all my experiences during the trip.,record,mid,What does record mean?,"기록하다, 녹음하다 n. 기록",etymology,738,DAY 22,5,심장(heart),re(= again) + cord(= heart) → 마음에 다시 담다,나는 여행 중 나의 모든 경험을 기록할 것이다.,
2,22,cord/cour,심장(heart),core,중심부,Workers are the core of the economy.,core,mid,What does core mean?,중심부,etymology,739,DAY 22,5,심장(heart),cor(e)(= cor: heart) → 심장,근로자들은 경제의 핵심이다.,
2,22,cord/cour,심장(heart),courage,용기,Courage made him win the game.,courage|courageous,mid,What does courage mean?,용기,etymology,740,DAY 22,5,심장(heart),cour(= heart) + age(접사) → 마음에서 나오는 것,용기로 인해 그는 그 경기에서 이겼다.,
2,22,cord/cour,심장(heart),encourage,"격려하다, 용기를 북돋우다",My parents always encouraged me to try my best.,encourage|encouragement,mid,What does encourage mean?,"격려하다, 용기를 북돋우다",etymology,741,DAY 22,5,심장(heart),en(= cause) + courage(용기) → 용기를 내게 하다,우리 부모님께서는 내가 최선을 다하도록 항상 격려해주셨다.,
2,22,corp,"신체, 단체, 조직체(body)",corporate,"기업[회사]의, 법인체의, 공동의",Corporate success can result from looking after the social welfare of employees.,corporate|corporation|incorporate,mid,What does corporate mean?,"기업[회사]의, 법인체의, 공동의",etymology,742,DAY 22,1,"신체, 단체, 조직체(body)",라틴어 corporare(= form into a body)에서 유래 → 조직체로 된,기업의 성공은 직원들의 사회 복지를 돌보는 데서 비롯될 수 있다.,
2,22,corp,"신체, 단체, 조직체(body)",corpse,"시체, 송장",The police found no corpse.,corpse,mid,What does corpse mean?,"시체, 송장",etymology,743,DAY 22,1,"신체, 단체, 조직체(body)",라틴어 corpus(= body)에서 유래 → 시체,경찰은 어떤 시체도 찾지 못했다.,
2,22,corp,"신체, 단체, 조직체(body)",corps,"군단, 단, 부대, 단체",General Warren was one of the best corps commanders of the army.,corps,mid,What does corps mean?,"군단, 단, 부대, 단체",etymology,744,DAY 22,1,"신체, 단체, 조직체(body)","라틴어 corpus(= body)에서 유래 → 구성원들의 몸체 → 군단, 단체",Warren 장군은 군대의 가장 훌륭한 군단장 중 한 명이었다.,
2,22,cour,달리다(run),course,"강좌, 과정","If you pass the course, you will be very happy.",course,mid,What does course mean?,"강좌, 과정",etymology,745,DAY 22,2,달리다(run),cour(= currere: run) + se(접사) → 정해진 길을 따라 달리는 것,"그 강좌를 이수한다면, 여러분은 매우 행복할 것이다.",
2,22,cour,달리다(run),discourse,"이야기, 담론, 강연 v. 이야기하다, 강연하다",He held discourse with them for several hours.,discourse,mid,What does discourse mean?,"이야기, 담론, 강연 v. 이야기하다, 강연하다",etymology,746,DAY 22,2,달리다(run),dis(= apart) + cour(= currere: run) + se(접사) → 서로 멀리 떨어져 정해진 길을 따라 달리는 것 → 서로 담소를 나누는 것,그는 그들과 몇 시간 동안 이야기를 나누었다.,
2,22,cour,달리다(run),concourse,"중앙 광장, 집합",They gathered in the station’s concourse.,concourse,mid,What does concourse mean?,"중앙 광장, 집합",etymology,747,DAY 22,2,달리다(run),con(= com: together) + cour(= currere: run) + se(접사) → 정해진 길을 따라 달려서 모인 곳,그들은 역의 중앙 광장에 모였다.,
2,22,cour,달리다(run),courier,"배달[운반]원, 여행 안내인",A motorcycle courier arrived in a rush.,courier,mid,What does courier mean?,"배달[운반]원, 여행 안내인",etymology,748,DAY 22,2,달리다(run),라틴어 currere(= run)의 행위자를 의미하는 curritor(= runner)에서 유래 → 심부름꾼,한 오토바이 배달원이 황급히 도착했다.,
2,23,crac,"통치, 힘(rule, power)",aristocracy,"귀족 (계급), 상류 계급, 귀족 정치, 귀족 사회",She was a member of the aristocracy.,aristocracy|aristocrat|aristocratic,mid,What does aristocracy mean?,"귀족 (계급), 상류 계급, 귀족 정치, 귀족 사회",etymology,749,DAY 23,3,"통치, 힘(rule, power)","aristo(= aristos: best) + crac(= kratos: rule, power) + y(접사) → 가장 잘 교육받은 사람들에 의한 지배",그녀는 귀족 계급의 한 구성원이었다.,
2,23,crac,"통치, 힘(rule, power)",democracy,"민주주의, 민주주의 국가",It is impossible to fully realize democracy in practice.,democracy|democrat|democratic,high,What does democracy mean?,"민주주의, 민주주의 국가",etymology,750,DAY 23,3,"통치, 힘(rule, power)","demo(= demos: common people) + crac(= kratos: rule, power) + y(접사) → 민중에 의한 지배",실제로 완전히 민주주의를 실현하는 것은 불가능하다.,
2,23,crac,"통치, 힘(rule, power)",bureaucracy,"관료 정치, 관료 체제, 관료주의",All the magazines harshly criticized the bureaucracy.,bureaucracy|bureaucrat|bureaucratic,high,What does bureaucracy mean?,"관료 정치, 관료 체제, 관료주의",etymology,751,DAY 23,3,"통치, 힘(rule, power)","bureau(= desk, office) + crac(= kratos: rule, power) + y(접사) → 책상에서 일하는 사람들에 의한 지배",모든 잡지들은 혹독하게 관료 정치를 비판했다.,
2,23,crac,"통치, 힘(rule, power)",autocracy,"전제 군주국, 독재 국가, 전제[독재] 정치",Taiwan shifted from autocracy to democracy in 1996.,autocracy|autocrat|autocratic,high,What does autocracy mean?,"전제 군주국, 독재 국가, 전제[독재] 정치",etymology,752,DAY 23,3,"통치, 힘(rule, power)","auto(= autos: self) + crac(= kratos: rule, power) + y(접사) → 지배자 스스로의 의사에 의한 지배",대만은 1996년에 전제 군주국에서 민주주의 국가로 바뀌었다.,
2,23,creas,"자라나다, 생겨나다(grow)",increase,"증가하다, 인상되다 n. 증가, 인상",The level of violence has increased a lot compared to two years ago.,increase,mid,What does increase mean?,"증가하다, 인상되다 n. 증가, 인상",etymology,753,DAY 23,4,"자라나다, 생겨나다(grow)",in(= in) + creas(e)(= crescere: grow) → ~에서 자라나다[생겨나다],폭력 수준이 2년 전에 비해 상당히 많이 증가해왔다.,escalate|soar|skyrocket
2,23,creas,"자라나다, 생겨나다(grow)",decrease,"감소하다, 줄이다 n. 감소, 하락","In 1995, the unemployment rate decreased to 4.8 percent.",decrease,mid,What does decrease mean?,"감소하다, 줄이다 n. 감소, 하락",etymology,754,DAY 23,4,"자라나다, 생겨나다(grow)",de(= away from) + creas(e)(= crescere: grow) → 자라나는 것에서 멀어지다 → 줄어들다,1995년에 실업률은 4.8퍼센트로 감소했다.,
2,23,creat,"만들다, 생산하다(make, bring forth)",create,"창조하다, 창작하다",He created a completely new style of painting.,create|creation|creative,mid,What does create mean?,"창조하다, 창작하다",etymology,755,DAY 23,5,"만들다, 생산하다(make, bring forth)","라틴어 creare(=make, bring forth)에서 유래 → 만들어 내다",그는 완전히 새로운 화법을 만들어 냈다.,
2,23,creat,"만들다, 생산하다(make, bring forth)",creature,"생명체, 생물, 인간",Some people believe in creatures from outer space.,creature,mid,What does creature mean?,"생명체, 생물, 인간",etymology,756,DAY 23,5,"만들다, 생산하다(make, bring forth)","creat(= creare: make) + ure(접사) → 만들어진 것, 창조된 것",몇몇 사람들은 외계의 생명체를 믿는다.,
2,23,creat,"만들다, 생산하다(make, bring forth)",recreate,"다시 만들다, 기분 전환을 하다",The story was recreated as an opera in the eighteenth century.,recreate,mid,What does recreate mean?,"다시 만들다, 기분 전환을 하다",etymology,757,DAY 23,5,"만들다, 생산하다(make, bring forth)","re(= back, again) + creat(e)(= creare: make) → 다시 만들다",그 이야기는 18세기에 오페라로 다시 만들어졌다.,
2,23,creat,"만들다, 생산하다(make, bring forth)",recreation,"기분 전환, 휴양, 오락, 레크리에이션",People of all ages need recreation.,recreation|recreational,mid,What does recreation mean?,"기분 전환, 휴양, 오락, 레크리에이션",etymology,758,DAY 23,5,"만들다, 생산하다(make, bring forth)","re(= back, again) + creat(= creare: make) + ion(접사) → 다시 만든 것, 개조, 재창조",모든 연령의 사람들은 기분 전환이 필요하다.,
2,23,cred,"믿다, 믿고 맡기다(believe, entrust)",credit,"신용 대출[거래], 신용(도), 대학 이수 학점 v. 입금하다, 믿다",Many cars are bought on credit received from banks.,credit|creditor,mid,What does credit mean?,"신용 대출[거래], 신용(도), 대학 이수 학점 v. 입금하다, 믿다",etymology,759,DAY 23,6,"믿다, 믿고 맡기다(believe, entrust)","라틴어 credere(= believe, entrust)의 명사형 creditum(= loan)에서 유래 → 믿고 빌려줌",많은 자동차들은 은행에서 받은 신용 대출로 구입된다.,
2,23,cred,"믿다, 믿고 맡기다(believe, entrust)",discredit,"신빙성을 없애다, 신임[평판]을 떨어뜨리다, 의심하다 n. 불명예, 의혹",Claims in this book have been discredited by later research.,discredit,mid,What does discredit mean?,"신빙성을 없애다, 신임[평판]을 떨어뜨리다, 의심하다 n. 불명예, 의혹",etymology,760,DAY 23,6,"믿다, 믿고 맡기다(believe, entrust)",dis(= opposite of) + cred(it)(= credere: believe) → 믿지 않다,이 책에 있는 주장은 이후의 연구에 의해 신빙성이 없어졌다.,
2,23,cred,"믿다, 믿고 맡기다(believe, entrust)",credible,"믿을[신뢰할] 수 있는, 확실한",He gave a credible explanation for his absences.,credible|credibility,mid,What does credible mean?,"믿을[신뢰할] 수 있는, 확실한",etymology,761,DAY 23,6,"믿다, 믿고 맡기다(believe, entrust)",cred(= credere: believe) + ible(접사) → 믿을 수 있는,그는 자신의 부재에 대해 믿을 만한 설명을 해주었다.,
2,23,cred,"믿다, 믿고 맡기다(believe, entrust)",credulous,"잘 믿는[속는], (남의 말을) 쉽사리 곧이 듣는",,credulous|credulity|incredulous,mid,What does credulous mean?,"잘 믿는[속는], (남의 말을) 쉽사리 곧이 듣는",etymology,762,DAY 23,6,"믿다, 믿고 맡기다(believe, entrust)",cred(= credere: believe) + ulous(접사) → 잘 믿는 경향이 있는,Love is as credulous as a child. 사랑은 아이처럼 잘 믿는 것이다.,
2,23,cred,"믿다, 믿고 맡기다(believe, entrust)",incredible,"믿을 수 없는, 믿기 힘든, (믿기 어려울 만큼) 훌륭한",,incredible|incredibility,mid,What does incredible mean?,"믿을 수 없는, 믿기 힘든, (믿기 어려울 만큼) 훌륭한",etymology,763,DAY 23,6,"믿다, 믿고 맡기다(believe, entrust)","in(= not) + cred(= credere: believe) + ible(접사) → 믿을 수 없는, 믿어지지 않는",The crime rate is incredible. 범죄율이 믿을 수 없을 정도이다.,
2,23,cred,"믿다, 믿고 맡기다(believe, entrust)",creed,"신조, 신념, 교리",A creed is necessary to define the faith.,creed,mid,What does creed mean?,"신조, 신념, 교리",etymology,764,DAY 23,6,"믿다, 믿고 맡기다(believe, entrust)",라틴어 credo(= I believe)에서 유래 → 신념을 담은 진술,신조는 믿음을 규정하는 데 필요하다.,
2,23,cresc/cret,"일어나다, 자라나다(arise, grow)",crew,"승무원, 무리, 일당",The incompetence of the captain and crew can lead to a disastrous event.,crew,mid,What does crew mean?,"승무원, 무리, 일당",etymology,765,DAY 23,7,"일어나다, 자라나다(arise, grow)","라틴어 crescere(= arise, grow)에서 유래 → 함께 행동하는 사람들",기장과 승무원의 무능이 참사를 야기할 수 있다.,
2,23,cresc/cret,"일어나다, 자라나다(arise, grow)",concrete,"구체적인, 콘크리트로 된 n. 콘크리트",Few offered any concrete evidence to back up their claims.,concrete,mid,What does concrete mean?,"구체적인, 콘크리트로 된 n. 콘크리트",etymology,766,DAY 23,7,"일어나다, 자라나다(arise, grow)",con(= com: together) + cret(e)(= crescere: grow) → 결합체로 함께 자라나 단단한,자신들의 주장을 뒷받침할 구체적인 어떤 증거를 제시한 사람들이 거의 없었다.,
2,23,crimin,"범죄(crime), 구별하다(distinguish)",criminal,"범인, 범죄자 a. 범죄의, 형사상의",He was a violent and dangerous criminal.,criminal|crime,mid,What does criminal mean?,"범인, 범죄자 a. 범죄의, 형사상의",etymology,767,DAY 23,1,"범죄(crime), 구별하다(distinguish)",crimin(= crime) + al(접사) → 범죄를 저지른 사람,그는 난폭하고 위험한 범죄자였다.,
2,23,crimin,"범죄(crime), 구별하다(distinguish)",discriminate,"차별하다, 구별하다",It is illegal to discriminate on the basis of race.,discriminate|discrimination,mid,What does discriminate mean?,"차별하다, 구별하다",etymology,768,DAY 23,1,"범죄(crime), 구별하다(distinguish)",dis(= apart) + crimin(= distinguish) + ate(접사) → 따로 구별하다,인종을 근거로 차별하는 것은 불법이다.,
2,23,crit,"분리하다(separate), 판단하다(judge)",crisis,"위기, 최악의 고비",The country now faces the greatest economic crisis.,crisis,mid,What does crisis mean?,"위기, 최악의 고비",etymology,769,DAY 23,2,"분리하다(separate), 판단하다(judge)",cri(= crit: separate) + sis(접사) → 분리되어 갈라진 상태,그 나라는 지금 최대의 경제 위기에 직면해 있다.,disaster|catastrophe
2,23,crit,"분리하다(separate), 판단하다(judge)",criticize,"비판하다, 비난하다, 비평하다",The boss criticized him for his laziness.,criticize|critical,mid,What does criticize mean?,"비판하다, 비난하다, 비평하다",etymology,770,DAY 23,2,"분리하다(separate), 판단하다(judge)","crit(= separate, judge) + ic(접사) + ize(접사) → 좋은 점과 나쁜 점을 구분하여 판단하다",상사는 그의 게으름에 대해 비난했다.,
2,23,crit,"분리하다(separate), 판단하다(judge)",critic,"비평가, 평론가, 비판하는 사람",She is an influential film critic in Hollywood.,critic|criticism,mid,What does critic mean?,"비평가, 평론가, 비판하는 사람",etymology,771,DAY 23,2,"분리하다(separate), 판단하다(judge)","crit(= separate, judge) + ic(접사) → 옳고 그름을 구분하여 판단하는 사람",그녀는 할리우드에서 영향력 있는 영화 평론가이다.,
2,23,cult/colon,경작하다(cultivate),cultivate,"경작하다, 재배하다, 기르다, 함양하다",They worked hard to cultivate the wasteland.,cultivate|cultivation,mid,What does cultivate mean?,"경작하다, 재배하다, 기르다, 함양하다",etymology,772,DAY 23,3,경작하다(cultivate),cult(= cultivate) + ive(접사) + ate(접사) → 경작하다,그들은 황무지를 경작하려고 열심히 일했다.,
2,23,cult/colon,경작하다(cultivate),culture,"문화, 집단적 사고방식, 교양, 재배, 배양",Each country has its own customs and culture.,culture|cultural,mid,What does culture mean?,"문화, 집단적 사고방식, 교양, 재배, 배양",etymology,773,DAY 23,3,경작하다(cultivate),cult(= cultivate) + ure(접사) → 경작을 하면서 꽃피운 것,각 나라는 나름의 관습과 문화를 갖고 있다.,
2,23,cult/colon,경작하다(cultivate),agriculture,"농업, 농사, 농학",More than 50% of the land is used for agriculture.,agriculture|agricultural,mid,What does agriculture mean?,"농업, 농사, 농학",etymology,774,DAY 23,3,경작하다(cultivate),agri(= field) + cult(= cultivate) + ure(접사) → 들판을 경작하는 일,그 땅의 50퍼센트 이상이 농업용으로 사용된다.,
2,23,cult/colon,경작하다(cultivate),colony,"식민지, 집단, 군집",India was once a colony of England.,colony|colonial|colonize,mid,What does colony mean?,"식민지, 집단, 군집",etymology,775,DAY 23,3,경작하다(cultivate),colon(= cultivate) + y(접사) → 외부인의 정착에 의해 경작된 땅,인도는 한때 영국의 식민지였다.,
2,23,cur/curr,"달리다(run), 흐르다(flow)",occur,"일어나다, 발생하다, (생각 등이) 떠오르다",Such good things do not occur every day.,occur|occurrence,mid,What does occur mean?,"일어나다, 발생하다, (생각 등이) 떠오르다",etymology,776,DAY 23,4,"달리다(run), 흐르다(flow)",oc(= ob: to) + cur(= run) → ~로 달려가서 충돌하여 생기다,그렇게 좋은 일이 매일 일어나는 것은 아니다.,
2,23,cur/curr,"달리다(run), 흐르다(flow)",recur,"재발하다, 반복하다, 되돌아가다, 다시 떠오르다",There is little chance that the disease will recur.,recur|recurrence,mid,What does recur mean?,"재발하다, 반복하다, 되돌아가다, 다시 떠오르다",etymology,777,DAY 23,4,"달리다(run), 흐르다(flow)","re(= again, back) + cur(= run) → 생겨난 일을 다시 가서 하다",그 병이 재발할 가능성은 거의 없다.,
2,23,cur/curr,"달리다(run), 흐르다(flow)",concur,"동의하다, 동시에 발생하다",I don’t concur with his views on many issues.,concur|concurrence,mid,What does concur mean?,"동의하다, 동시에 발생하다",etymology,778,DAY 23,4,"달리다(run), 흐르다(flow)",con(= together) + cur(= run) → 동시에 한 곳으로 달리다,나는 여러 문제에 있어서 그의 견해에 동의하지 않는다.,
2,23,cur/curr,"달리다(run), 흐르다(flow)",current,"현재의, 지금의, 통용되는 n. 흐름, 해류, 기류, 전류",I want to know the current exchange rate.,current|currently,mid,What does current mean?,"현재의, 지금의, 통용되는 n. 흐름, 해류, 기류, 전류",etymology,779,DAY 23,4,"달리다(run), 흐르다(flow)",curr(= flow) + ent(접사) → 현재 흐르고 있는,저는 현재의 환율을 알고 싶습니다.,
2,23,cur/curr,"달리다(run), 흐르다(flow)",currency,"(유통되는) 통화, 화폐, 유통",The EU countries have adopted the Euro as their currency.,currency,mid,What does currency mean?,"(유통되는) 통화, 화폐, 유통",etymology,780,DAY 23,4,"달리다(run), 흐르다(flow)",curr(= flow) + ency(접사) → 현재 통용되고 있는 돈,EU 국가들은 자신들의 통화로 유로를 채택했다.,
2,23,cur/curr,"달리다(run), 흐르다(flow)",curriculum,"교과 과정, 커리큘럼",Music is an important part of the school’s curriculum.,curriculum,mid,What does curriculum mean?,"교과 과정, 커리큘럼",etymology,781,DAY 23,4,"달리다(run), 흐르다(flow)",curr(i)(= run) + culum(= c(u)le: 접사) → 달리기 과정 → 현재 가르치고 있는 과정,음악은 학교 교과 과정의 중요한 부분이다.,
2,23,cur/curr,"달리다(run), 흐르다(flow)",excursion,"(단체로 짧게 하는) 여행, 소풍",We went on an excursion to the East Coast.,excursion,mid,What does excursion mean?,"(단체로 짧게 하는) 여행, 소풍",etymology,782,DAY 23,4,"달리다(run), 흐르다(flow)",ex(= out) + cur(= run) + sion(접사) → 즐겁게 밖으로 달려 나가는 것,우리는 동부 해안으로 짧은 여행을 갔다.,
2,23,cur,"주의, 돌봄(care)",curious,"궁금한, 호기심이 많은",Cats are naturally curious.,curious|curiosity,mid,What does curious mean?,"궁금한, 호기심이 많은",etymology,783,DAY 23,5,"주의, 돌봄(care)",cur(i)(= care) + ous(접사) → 어떤 것에 관심이 끌리는,고양이들은 선천적으로 호기심이 많다.,
2,23,cur,"주의, 돌봄(care)",cure,"낫게 하다, 치유하다, 바로잡다 n. 치유(법), 해결책",A team of doctors cured her of a rare disease.,cure|curable,mid,What does cure mean?,"낫게 하다, 치유하다, 바로잡다 n. 치유(법), 해결책",etymology,784,DAY 23,5,"주의, 돌봄(care)",cur(e)(= care) → 관심을 갖고 보살피다,한 팀의 의사들이 그녀의 희귀병을 낫게 했다.,
2,23,cur,"주의, 돌봄(care)",curator,"(박물관, 미술관 등의) 전시 책임자, 큐레이터",Lily works at the museum as a curator.,curator,mid,What does curator mean?,"(박물관, 미술관 등의) 전시 책임자, 큐레이터",etymology,785,DAY 23,5,"주의, 돌봄(care)",cur(a)(= care) + tor(접사) → 전시된 것을 설명해주고 보살펴주는 사람,Lily는 미술관에서 큐레이터로 일한다.,
2,23,cur,"주의, 돌봄(care)",secure,"안전한, 튼튼한, 확실한 v. 안전하게 하다, 확고히 하다",The office isn’t very secure ─ we need some new locks.,secure|security,mid,What does secure mean?,"안전한, 튼튼한, 확실한 v. 안전하게 하다, 확고히 하다",etymology,786,DAY 23,5,"주의, 돌봄(care)",se(= apart) + cur(e)(= care) → 걱정이나 근심에서 멀리 떨어져 있는,사무실이 아주 안전하지는 않아서 우리는 몇 개의 새로운 자물쇠가 필요하다.,
2,23,cur,"주의, 돌봄(care)",manicure,"손톱 손질을 하다, 손 관리를 하다 n. 손톱 손질, 손 관리",She manicured her nails.,manicure,mid,What does manicure mean?,"손톱 손질을 하다, 손 관리를 하다 n. 손톱 손질, 손 관리",etymology,787,DAY 23,5,"주의, 돌봄(care)",mani(= hand) + cur(e)(= care) → 손과 손톱을 돌보는 것,그녀는 자신의 손톱 손질을 했다.,
2,24,cycl,"순환하다(circle), 바퀴(wheel)",cycle,"순환, 주기, 회전, 자전거 v. 순환하다, 자전거를 타다",Rain is an important part of the water cycle.,cycle|cyclical|cyclist,mid,What does cycle mean?,"순환, 주기, 회전, 자전거 v. 순환하다, 자전거를 타다",etymology,788,DAY 24,6,"순환하다(circle), 바퀴(wheel)","cycle(= cycl: circle, wheel) → 한 바퀴 도는 것",비는 물의 순환에서 중요한 한 부분이다.,
2,24,cycl,"순환하다(circle), 바퀴(wheel)",tricycle,"세발자전거, 삼륜 오토바이",He bought his niece a tricycle for her fourth birthday.,tricycle,mid,What does tricycle mean?,"세발자전거, 삼륜 오토바이",etymology,789,DAY 24,6,"순환하다(circle), 바퀴(wheel)",tri(= three) + cycle(= cycl: wheel) → 바퀴가 세 개 달린 자전거[오토바이],그는 조카의 네 번째 생일을 위해 조카에게 세발자전거를 사주었다.,
2,24,cycl,"순환하다(circle), 바퀴(wheel)",recycle,"재활용하다, 재생하다",They found ways to recycle plastic waste into fuel.,recycle|recycling,mid,What does recycle mean?,"재활용하다, 재생하다",etymology,790,DAY 24,6,"순환하다(circle), 바퀴(wheel)",re(= again) + cycle(= cycl: circle) → 폐품 등을 다시 순환시키다,그들은 플라스틱 폐기물을 연료로 재생하는 방법을 찾았다.,
2,24,cycl,"순환하다(circle), 바퀴(wheel)",motorcycle,오토바이,He is planning to travel around the world by motorcycle.,motorcycle,mid,What does motorcycle mean?,오토바이,etymology,791,DAY 24,6,"순환하다(circle), 바퀴(wheel)",motor(=mover) + cycle(= cycl: wheel) → 바퀴를 모터로 돌리며 가는 것,그는 오토바이로 세계 일주 여행을 할 계획을 세우고 있다.,
2,24,cycl,"순환하다(circle), 바퀴(wheel)",encyclopedia,백과사전,He is like a walking encyclopedia.,encyclopedia,mid,What does encyclopedia mean?,백과사전,etymology,792,DAY 24,6,"순환하다(circle), 바퀴(wheel)",en(= in) + cyclo(= cycl: circle) + pedia(= education) → 교육을 위한 모든 학문 분야를 담고 있는 것,그는 걸어 다니는 백과사전과 같다(백과사전처럼 아는 것이 많다).,
2,24,cycl,"순환하다(circle), 바퀴(wheel)",cyclone,"대형 회오리바람, 사이클론(인도양의 열대성 저기압)",A terrible cyclone tore up trees and houses.,cyclone|cyclonic,mid,What does cyclone mean?,"대형 회오리바람, 사이클론(인도양의 열대성 저기압)",etymology,793,DAY 24,6,"순환하다(circle), 바퀴(wheel)",그리스어 kyklon(=moving in a circle)에서 유래 → 휘감아 돌면서 움직이는 바람,엄청난 사이클론이 나무와 집들을 완전히 파괴했다.,
2,24,dens,빽빽한(thick),dense,"빽빽한, 밀집한",Polar bears have a dense coat of white fur.,dense|densely,mid,What does dense mean?,"빽빽한, 밀집한",etymology,794,DAY 24,1,빽빽한(thick),dens(e)(= densus: thick) → 빽빽한,북극곰은 흰 털이 빽빽한 털가죽을 갖고 있다.,
2,24,dens,빽빽한(thick),condense,"압축하다[되다], 응축하다[되다]",Would you condense this report into three pages?,condense|condensation,mid,What does condense mean?,"압축하다[되다], 응축하다[되다]",etymology,795,DAY 24,1,빽빽한(thick),con(= thoroughly) + dens(e)(= thick) → 완전히 빽빽하게 하다,이 보고서를 세 페이지로 압축해주시겠어요?,
2,24,dict/dicat,"가리키다(indicate, point), 말하다(say, speak), 선언하다(declare)",dedicate,"바치다, 전념하다",I dedicate this book to my beautiful daughter.,dedicate|dedication,mid,What does dedicate mean?,"바치다, 전념하다",etymology,796,DAY 24,2,"가리키다(indicate, point), 말하다(say, speak), 선언하다(declare)","de(= away, down) + dic(= decare: indicate) + ate(접사) → 바친다고 가리키다",나는 이 책을 아름다운 내 딸에게 바친다.,
2,24,dict/dicat,"가리키다(indicate, point), 말하다(say, speak), 선언하다(declare)",dictate,"받아쓰게 하다, 지시[명령]하다",You can even dictate an email to the app.,dictate|dictation,mid,What does dictate mean?,"받아쓰게 하다, 지시[명령]하다",etymology,797,DAY 24,2,"가리키다(indicate, point), 말하다(say, speak), 선언하다(declare)",라틴어 dictatus(= say repeatedly)에서 유래 → 반복하여 말하다,그 앱에게 이메일을 받아쓰게 할 수도 있다.,
2,24,dict/dicat,"가리키다(indicate, point), 말하다(say, speak), 선언하다(declare)",verdict,"평결, 판결",The criminal had to accept a guilty verdict.,verdict,mid,What does verdict mean?,"평결, 판결",etymology,798,DAY 24,2,"가리키다(indicate, point), 말하다(say, speak), 선언하다(declare)",ver(= true) + dict(= speak) → 사실을 말함,그 범죄자는 유죄 평결을 받아들여야 했다.,
2,24,dict/dicat,"가리키다(indicate, point), 말하다(say, speak), 선언하다(declare)",dictionary,사전,A dictionary is useful in studying language.,dictionary,mid,What does dictionary mean?,사전,etymology,799,DAY 24,2,"가리키다(indicate, point), 말하다(say, speak), 선언하다(declare)",dict(= say) + ion(접사) + ary(접사) → 말을 저장해두는 장소나 사람,사전은 언어를 공부할 때 쓸모가 있다.,reference|storybook|nonfiction|journal
2,24,dict/dicat,"가리키다(indicate, point), 말하다(say, speak), 선언하다(declare)",contradict,"모순되다, 부정[부인]하다, 반박하다",His mean actions contradict his fine words.,contradict|contradictory|contradiction,mid,What does contradict mean?,"모순되다, 부정[부인]하다, 반박하다",etymology,800,DAY 24,2,"가리키다(indicate, point), 말하다(say, speak), 선언하다(declare)",contra(= against) + dict(= speak) → 반박하다,그의 비열한 행동은 그의 멋진 말과 모순된다.,
2,24,dict/dicat,"가리키다(indicate, point), 말하다(say, speak), 선언하다(declare)",predict,"예언하다, 예보하다",Some animals have the ability to predict floods.,predict|prediction,mid,What does predict mean?,"예언하다, 예보하다",etymology,801,DAY 24,2,"가리키다(indicate, point), 말하다(say, speak), 선언하다(declare)",pre(= before) + dict(= speak) → 미리 말하다,몇몇 동물들은 홍수를 예상하는 능력이 있다.,
2,24,dict/dicat,"가리키다(indicate, point), 말하다(say, speak), 선언하다(declare)",indicate,"가리키다, 지적하다",Research indicates that SNS is getting popular.,indicate|indication,mid,What does indicate mean?,"가리키다, 지적하다",etymology,802,DAY 24,2,"가리키다(indicate, point), 말하다(say, speak), 선언하다(declare)",indic(= indicare: point out: 지적하다) + ate(접사) → 지적하다,연구는 SNS가 점점 더 인기가 많아지고 있다는 것을 보여 준다.,
2,24,dict/dicat,"가리키다(indicate, point), 말하다(say, speak), 선언하다(declare)",addict,중독자 v. 중독되게 하다,He is a serious online game addict.,addict|addictive|addiction,mid,What does addict mean?,중독자 v. 중독되게 하다,etymology,803,DAY 24,2,"가리키다(indicate, point), 말하다(say, speak), 선언하다(declare)",ad(= to) + dict(= declare) → 정한 것,그는 심각한 온라인 게임 중독자이다.,
2,24,divid,나누다(divide),divide,"나누다, 분할하다, 나뉘다, 분할되다",I tried to divide the cake into three equal parts.,divide,mid,What does divide mean?,"나누다, 분할하다, 나뉘다, 분할되다",etymology,804,DAY 24,3,나누다(divide),"라틴어 dividere(= separate, divide)에서 유래 → 나누다",나는 그 케이크를 세 개의 똑같은 조각으로 나누려 노력했다.,
2,24,divid,나누다(divide),dividend,"배당금, 상금",The shareholders received a dividend of $4 per share.,dividend,mid,What does dividend mean?,"배당금, 상금",etymology,805,DAY 24,3,나누다(divide),라틴어 dividendum(= thing to be divided)에서 유래 → 나눈 것,주주들은 주당 4달러의 배당금을 받았다.,
2,24,divid,나누다(divide),individual,"개인의, 각개의 n. 개인",The design of the individual rooms is artistic.,individual|individually,mid,What does individual mean?,"개인의, 각개의 n. 개인",etymology,806,DAY 24,3,나누다(divide),in(= not) + divid(= divide) + ual(접사) → 나눌 수 없는,각 방의 디자인은 예술적이다.,
2,24,don,"주다(give), 선물(gift)",donate,기증[기부]하다,I donated my TV and computer to charity.,donate|donation,mid,What does donate mean?,기증[기부]하다,etymology,807,DAY 24,4,"주다(give), 선물(gift)",라틴어 donationem(= giving: 기부)에서 유래 → 주다,나는 TV와 컴퓨터를 자선 기관에 기증했다.,
2,24,don,"주다(give), 선물(gift)",pardon,용서하다 n. 용서,"Pardon me, but I think you’re sitting in my seat.",pardon,mid,What does pardon mean?,용서하다 n. 용서,etymology,808,DAY 24,4,"주다(give), 선물(gift)",par(= per: thoroughly) + don(= give) → 모든 것을 주다,실례하지만 선생님이 제 자리에 앉아 계신 것 같습니다.,
2,24,don,"주다(give), 선물(gift)",donor,기증자,Fred is known to be a regular blood donor.,donor,mid,What does donor mean?,기증자,etymology,809,DAY 24,4,"주다(give), 선물(gift)",don(= give) + or(접사) → 주는 사람,Fred는 정기적인 헌혈자로 알려져 있다.,
2,25,duc/duct,이끌다(lead),abduction,유괴,The abduction of pets has become a serious problem.,abduction,mid,What does abduction mean?,유괴,etymology,810,DAY 25,5,이끌다(lead),ab(= away) + duct(= ducere: lead) + ion(접사) → 멀리 데려가는 것,애완동물 유괴는 심각한 문제가 되어 왔다.,
2,25,duc/duct,이끌다(lead),conduct,"행동, 지휘 v. 행동하다, 지휘하다, (특정한) 활동을 하다",Such conduct goes well with his position.,conduct|conductor,mid,What does conduct mean?,"행동, 지휘 v. 행동하다, 지휘하다, (특정한) 활동을 하다",etymology,811,DAY 25,5,이끌다(lead),con(= together) + duc(= lead) + t(접사) → 함께 끌고 가다,그런 행동은 그의 직위에 잘 어울린다.,
2,25,duc/duct,이끌다(lead),conductive,전도성의,Most metals are heat conductive materials.,conductive,mid,What does conductive mean?,전도성의,etymology,812,DAY 25,5,이끌다(lead),→ (어떤 성질을) 함께 끌고 가는,대부분의 금속은 열을 전도하는 물질이다.,
2,25,duc/duct,이끌다(lead),deduce,추론하다,From her remarks we deduced that she agreed with us.,deduce|deduction,mid,What does deduce mean?,추론하다,etymology,813,DAY 25,5,이끌다(lead),de(= down) + duc(e)(= ducere: lead) → 아래로 가져가다,그녀의 말에서 우리는 그녀가 우리와 동의한다고 추론했다.,
2,25,duc/duct,이끌다(lead),educate,"교육하다, 가르치다",It is important to educate children.,educate|education,mid,What does educate mean?,"교육하다, 가르치다",etymology,814,DAY 25,5,이끌다(lead),e(= ex: out) + duc(= lead) + ate(접사) → 밖으로 이끌다,어린이들을 교육하는 것은 중요하다.,
2,25,duc/duct,이끌다(lead),induce,"설득하다, 유발하다",Nothing would induce him to go home.,induce|inducement,mid,What does induce mean?,"설득하다, 유발하다",etymology,815,DAY 25,5,이끌다(lead),in(= into) + duc(e)(= ducere: lead) → 이끌다,어떤 것도 그가 집에 가도록 설득하지 않을 것이다.,
2,25,duc/duct,이끌다(lead),introduce,"소개하다, 도입하다",There are many people I’d like to introduce you to.,introduce|introduction,mid,What does introduce mean?,"소개하다, 도입하다",etymology,816,DAY 25,5,이끌다(lead),intro(= into) + duc(e)(= ducere: lead) → 안으로 끌고 가다,당신을 소개해주고 싶은 많은 사람들이 있어요.,
2,25,duc/duct,이끌다(lead),product,"생산물, 상품",You have a week to test our product.,product|productive,mid,What does product mean?,"생산물, 상품",etymology,817,DAY 25,5,이끌다(lead),라틴어 productum(= thing produced)에서 유래 → 생산물,당신이 우리 제품을 검사할 일주일의 시간이 있다.,
2,25,duc/duct,이끌다(lead),reduce,"줄이다, 낮추다",,reduce|reduction,mid,What does reduce mean?,"줄이다, 낮추다",etymology,818,DAY 25,5,이끌다(lead),re(= back) + duc(e)(= ducere: lead) → 뒤로 이끌다,The leaves on trees reduce pollution. 나뭇잎들은 공해를 줄인다.,
2,25,duc/duct,이끌다(lead),seduce,"유혹하다, 꾀다",A special sale seduced more people into buying.,seduce|seduction,mid,What does seduce mean?,"유혹하다, 꾀다",etymology,819,DAY 25,5,이끌다(lead),"se(= aside, away) + duc(e)(= ducere: lead) → (집단으로부터) 끌어내다",특별 세일은 더 많은 사람들이 구입하도록 유혹했다.,
2,25,electr,전기의(electric),electric,"전기의, 전기를 이용하는",This little pump is powered by a small electric motor.,electric|electricity,mid,What does electric mean?,"전기의, 전기를 이용하는",etymology,820,DAY 25,1,전기의(electric),electr(= electric) + ic(접사) → 전기의,이 소형 펌프는 작은 전동기로 움직인다.,
2,25,electr,전기의(electric),electronic,"전자의, 전자 공학의",This newspaper is available in paper and electronic form.,electronic|electron|electronics,mid,What does electronic mean?,"전자의, 전자 공학의",etymology,821,DAY 25,1,전기의(electric),electr(ic) + on(접사) + ic(접사) → 전자의,이 신문은 종이와 전자 형태로 이용할 수 있다.,
2,25,equ/ident,"같은(equal, same)",adequate,"충분한, 적절한",I didn’t have adequate time to prepare.,adequate|adequacy,mid,What does adequate mean?,"충분한, 적절한",etymology,822,DAY 25,2,"같은(equal, same)",ad(= to) + equ(= equal) + ate(접사) → 동등하게 만드는 → 충분한,내게는 준비할 충분한 시간이 없었다.,
2,25,equ/ident,"같은(equal, same)",equation,"동일시, 방정식, 등식",The equation of knowledge with happiness can be dangerous.,equation|equate,mid,What does equation mean?,"동일시, 방정식, 등식",etymology,823,DAY 25,2,"같은(equal, same)",equ(= equal) + at(e)(접사) + ion(접사) → 같게 만드는 것,지식과 행복의 동일시는 위험할 수 있다.,
2,25,equ/ident,"같은(equal, same)",equalize,"동등하게 하다, 동점이 되다",We have tried to equalize the workload among employees.,equalize|equal,mid,What does equalize mean?,"동등하게 하다, 동점이 되다",etymology,824,DAY 25,2,"같은(equal, same)",equ(= equal) + al(접사) + ize(접사) → 같은 상태가 되도록 하다,우리는 종업원들 사이의 업무량을 동등하게 하려고 노력해 왔다.,
2,25,equ/ident,"같은(equal, same)",inequality,"불평등, 불균등",People are concerned about corruption and social inequality.,inequality,mid,What does inequality mean?,"불평등, 불균등",etymology,825,DAY 25,2,"같은(equal, same)",in(= not) + equ(= equal) + al(접사) + ity(접사) → 같지 않음,사람들은 부패와 사회적 불평등을 우려하고 있다.,
2,25,equ/ident,"같은(equal, same)",equity,"공평, 공정",The judge was famous for the equity of her decision.,equity,mid,What does equity mean?,"공평, 공정",etymology,826,DAY 25,2,"같은(equal, same)",equ(= equal) + ity(접사) → 같게 만듦,그 판사는 판결의 공정성으로 유명했다.,
2,25,equ/ident,"같은(equal, same)",equitable,"공정한, 공평한",There’s a great need for a more equitable distribution of funds.,equitable,mid,What does equitable mean?,"공정한, 공평한",etymology,827,DAY 25,2,"같은(equal, same)",equ(= equal) + it(y)(접사) + able(접사) → 같게 만들 수 있는 → 공정한,자금의 더 공정한 분배가 절실히 필요하다.,
2,25,equ/ident,"같은(equal, same)",identity,"신원, 신분, 정체",The police are trying to discover the identity of the criminal.,identity|identify,mid,What does identity mean?,"신원, 신분, 정체",etymology,828,DAY 25,2,"같은(equal, same)",ident(= same) + ity(접사) → 동일하게 여겨지는 것,경찰이 범인의 정체를 알아내기 위해 애쓰고 있다.,
2,25,equ/ident,"같은(equal, same)",identical,"동일한, 똑같은",I’ve got three identical blue shirts.,identical,mid,What does identical mean?,"동일한, 똑같은",etymology,829,DAY 25,2,"같은(equal, same)",ident(= same) + ic(= icus: 접사) + al(접사) → 같은 상태의,나한테는 똑같은 파란색 셔츠가 세 장 있다.,
2,25,erg,일(work),energetic,"힘이 넘치는, 활기찬","He is intelligent, energetic, and devoted to his work.",energetic,mid,What does energetic mean?,"힘이 넘치는, 활기찬",etymology,830,DAY 25,3,일(work),en(= in) + erg(e)(= work) + tic(접사) → 일하고 있는,"그는 총명하고, 힘이 넘치고, 자기 일에 헌신적이다.",dynamic|tireless
2,25,erg,일(work),energize,"기운을 북돋우다, 활발하게 하다, 동력을 공급하다",Humor will energize our mind!,energize|energizer,mid,What does energize mean?,"기운을 북돋우다, 활발하게 하다, 동력을 공급하다",etymology,831,DAY 25,3,일(work),en(= in) + erg(= work) + ize(접사) → 일하도록 힘을 주다,유머는 우리의 마음에 기운을 북돋울 것이다!,
2,25,erg,일(work),synergy,"상승 작용, 상승효과",Teamwork results in a synergy that can be very productive.,synergy|synergistic,mid,What does synergy mean?,"상승 작용, 상승효과",etymology,832,DAY 25,3,일(work),syn(= together) + erg(= work) + y(접사) → 함께 일하는 효과,팀워크는 매우 생산적일 수 있는 상승효과를 가져온다.,
2,25,estim,가치 있게 여기다(value),esteem,"존경, 경의 v. 존경하다, 존중하다",Please accept the small gift we enclose as a mark of our esteem.,esteem|esteemed,mid,What does esteem mean?,"존경, 경의 v. 존경하다, 존중하다",etymology,833,DAY 25,4,가치 있게 여기다(value),고대 프랑스어 estimer(= value)에서 유래 → 가치 있게 여기는 것,저희가 동봉한 작은 선물을 존경의 징표로 받아주세요.,
2,25,estim,가치 있게 여기다(value),estimate,"평가하다, 추정하다, 견적을 내다 n. 추정, 견적(서)",They estimate the journey will take at least one month.,estimate|estimation,mid,What does estimate mean?,"평가하다, 추정하다, 견적을 내다 n. 추정, 견적(서)",etymology,834,DAY 25,4,가치 있게 여기다(value),estim(= value) + ate(접사) → 가치 있게 여기다 → 가치를 평가하다,그들은 그 여행이 적어도 한 달은 걸릴 것으로 추정한다.,
2,25,fa/fess,말하다(speak),fable,우화,Even adults have a taste for fable and fantasy.,fable,mid,What does fable mean?,우화,etymology,835,DAY 25,5,말하다(speak),fa(= speak) + ble(= bula: instrument) → 말하는 도구 → 이야기,성인들도 우화와 판타지를 좋아한다.,
2,25,fa/fess,말하다(speak),fabulous,"엄청난, 굉장한, 우화에 나오는",You look fabulous!,fabulous,mid,What does fabulous mean?,"엄청난, 굉장한, 우화에 나오는",etymology,836,DAY 25,5,말하다(speak),"fabul(= fable) + ous(접사) → 우화에 나올 법한, 굉장한",당신은 굉장해 보여요!,
2,25,fa/fess,말하다(speak),fame,"명성, 평판",He moved to London in search of fame and fortune.,fame|famous,mid,What does fame mean?,"명성, 평판",etymology,837,DAY 25,5,말하다(speak),라틴어 fama(= speak)에서 유래 → (공공연히) 이야기함 → 명성,그는 명성과 재물을 좇아 런던으로 이주했다.,
2,25,fa/fess,말하다(speak),fate,"운명, 숙명",The judge will decide our fate.,fate,mid,What does fate mean?,"운명, 숙명",etymology,838,DAY 25,5,말하다(speak),라틴어 fatum(= things spoken by the gods)에서 유래 → 신의 말씀,그 판사가 우리의 운명을 결정할 것이다.,
2,25,fa/fess,말하다(speak),infancy,"유아기, (발달의) 초창기",Her youngest child died during infancy.,infancy|infant,mid,What does infancy mean?,"유아기, (발달의) 초창기",etymology,839,DAY 25,5,말하다(speak),in(= not) + fan(= fans: fa(= speak)의 변이형) + cy(접사) → 말하지 못함 → 어린아이,그녀의 막내 아이는 유아기에 죽었다.,
2,25,fa/fess,말하다(speak),preface,"서문, 머리말 v. 서문을 쓰다, ~으로 말문을 열다.",Please introduce a subject with a short preface.,preface,mid,What does preface mean?,"서문, 머리말 v. 서문을 쓰다, ~으로 말문을 열다.",etymology,840,DAY 25,5,말하다(speak),pre(= before) + face(= fari: fa(= speak)의 변이형) → 사전에 말함 → 분문에 앞서는 이야기,짤막한 서문과 함께 주제를 도입해주세요.,
2,25,fa/fess,말하다(speak),confess,"(죄, 잘못을) 자백하다, 인정하다",She confessed to her husband that she had sold her wedding ring.,confess|confession,mid,What does confess mean?,"(죄, 잘못을) 자백하다, 인정하다",etymology,841,DAY 25,5,말하다(speak),con(= together) + fess(= speak) → 서로 말하다,그녀는 자신의 결혼 반지를 팔았다고 남편에게 고백했다.,
2,25,fa/fess,말하다(speak),profess,"공언[천명]하다, (사실이라고) 주장하다",The government professes to care about the poor.,profess,mid,What does profess mean?,"공언[천명]하다, (사실이라고) 주장하다",etymology,842,DAY 25,5,말하다(speak),pro(= forth) + fess(= speak) → 밖으로 말하다,정부는 가난한 사람들을 돌보겠다고 공언한다.,
2,25,fa/fess,말하다(speak),profession,"직업, 전문직, 공언",There are not enough physicists entering the teaching profession.,profession,mid,What does profession mean?,"직업, 전문직, 공언",etymology,843,DAY 25,5,말하다(speak),profess + ion(접사) → 공언할 수 있는 위치 → 전문성이 있는 직업,교직에 입문하는 물리학자들이 충분하지 않다.,
2,26,fac/fect/fic,"만들다(make), 하다(do)",facility,"시설, 설비",The company bought a new healthcare facility for staff.,facility,mid,What does facility mean?,"시설, 설비",etymology,844,DAY 26,1,"만들다(make), 하다(do)",fac(=make) + il(접사) + ity(접사) → 적절하도록 만든 것,그 회사는 직원을 위해 새 건강 관리 시설을 구입했다.,
2,26,fac/fect/fic,"만들다(make), 하다(do)",manufacture,제조 v. 제조하다,The manufacture of cars helps a country’s economy.,manufacture,mid,What does manufacture mean?,제조 v. 제조하다,etymology,845,DAY 26,1,"만들다(make), 하다(do)",manu(= hand) + fac(t)(= do) + ure(접사) → 손으로 만드는 행위,자동차 제조는 한 나라 경제에 도움이 된다.,
2,26,fac/fect/fic,"만들다(make), 하다(do)",effect,"결과, 효과",Exercise has a beneficial effect on learning.,effect|effective,mid,What does effect mean?,"결과, 효과",etymology,846,DAY 26,1,"만들다(make), 하다(do)",ef(= ex: out) + fect(=make) → 밖으로 만들어 내는 것,운동은 학습에 유익한 효과가 있다.,
2,26,fac/fect/fic,"만들다(make), 하다(do)",affect,영향을 주다,His advice will not affect my decision.,affect,mid,What does affect mean?,영향을 주다,etymology,847,DAY 26,1,"만들다(make), 하다(do)",af(= ad: to) + fect(= do) → ~에게 일을 하다,그의 조언이 내 결정에 영향을 주지 않을 것이다.,
2,26,fac/fect/fic,"만들다(make), 하다(do)",defect,"결함, 결점",The model turned out to have a manufacturing defect.,defect|defective,mid,What does defect mean?,"결함, 결점",etymology,848,DAY 26,1,"만들다(make), 하다(do)",de(= away) + fect(= do) → 행위에서 멀어진 것,그 모델은 제조상의 결함이 있다고 밝혀졌다.,
2,26,fac/fect/fic,"만들다(make), 하다(do)",proficient,능숙한,I’m proficient in three languages.,proficient|proficiency,mid,What does proficient mean?,능숙한,etymology,849,DAY 26,1,"만들다(make), 하다(do)",pro(= forward) + fic(i)(=make) + ent(접사) → 앞으로 나아가는,나는 3개 언어에 능숙하다.,
2,26,fac/fect/fic,"만들다(make), 하다(do)",sufficient,충분한,10 minutes is not sufficient to get there.,sufficient,mid,What does sufficient mean?,충분한,etymology,850,DAY 26,1,"만들다(make), 하다(do)",suf(= sub: under) + fic(i)(=make) + ent(접사) → 아래에서 만들어 주는,10분은 거기에 가기에 충분하지 않다,
2,26,fac/fect/fic,"만들다(make), 하다(do)",efficient,효율적인,We need more efficient heating equipment.,efficient|efficiency,mid,What does efficient mean?,효율적인,etymology,851,DAY 26,1,"만들다(make), 하다(do)",ef(= ex: out) + fic(i)(= do) + ent(접사) → 밖으로 나오도록 일하는,우리는 더 효율적인 난방 장치가 필요하다.,
2,26,fals/faul,속이다(deceive),FALSE,"거짓의, 가짜의",She gave false information to the strange man.,FALSE,mid,What does false mean?,"거짓의, 가짜의",etymology,852,DAY 26,2,속이다(deceive),라틴어 falsus(= deceive: 속이다)에서 유래,그녀는 그 낯선 남자에게 거짓 정보를 주었다.,
2,26,fals/faul,속이다(deceive),falsify,위조하다,He was told to falsify the report.,falsify,mid,What does falsify mean?,위조하다,etymology,853,DAY 26,2,속이다(deceive),fals(= false) + ify(접사) → 거짓으로 만들다,그는 그 보고서를 위조하라는 말을 들었다,
2,26,fals/faul,속이다(deceive),fault,잘못,It was my fault that we were late for the meeting.,fault,mid,What does fault mean?,잘못,etymology,854,DAY 26,2,속이다(deceive),고대 프랑스어 falte(= flaw)에서 유래 → 잘못된 것,우리가 회의에 늦은 것은 나의 잘못이었다.,
2,26,fals/faul,속이다(deceive),default,"채무 불이행, (컴퓨터) 기본값, 부전승",James now is in default on his loan.,default,mid,What does default mean?,"채무 불이행, (컴퓨터) 기본값, 부전승",etymology,855,DAY 26,2,속이다(deceive),de(negation: 부정) + fault(잘못) → 잘못을 부정함,James는 지금 대출금에 대한 채무를 이행하지 않고 있다.,
2,26,fend,치다(strike),defend,"수비하다, 방어하다",The soldiers were sent to defend the area.,defend|defense|defensive,mid,What does defend mean?,"수비하다, 방어하다",etymology,856,DAY 26,3,치다(strike),de(= away) + fend(= strike) → 멀리 쳐내다,그 지역을 수비하기 위해 군인들이 보내졌다.,
2,26,fend,치다(strike),offend,불쾌하게 하다,I didn’t mean to offend Jane with my joke.,offend,mid,What does offend mean?,불쾌하게 하다,etymology,857,DAY 26,3,치다(strike),of(= ob: against) + fend(= strike) → 반대하여 치다,내가 농담으로 Jane을 불쾌하게 하려던 것은 아니었다.,
2,26,fer,"낳다(bear), 옮기다(carry)",fertile,"기름진, 비옥한",His farm used to be a fertile place.,fertile|fertility|fertilize,mid,What does fertile mean?,"기름진, 비옥한",etymology,858,DAY 26,4,"낳다(bear), 옮기다(carry)",fer(t)(= ferre: bear) + ile(접사) → 낳을 수 있는,그의 농장은 비옥한 곳이었다.,
2,26,fer,"낳다(bear), 옮기다(carry)",infer,유추하다,Good readers can infer topics from the context.,infer|inference,mid,What does infer mean?,유추하다,etymology,859,DAY 26,4,"낳다(bear), 옮기다(carry)",in(= in) + fer(= carry) → 안으로 옮기다,뛰어난 독자들은 문맥에서 주제를 유추할 수 있다.,deduce|reason
2,26,fer,"낳다(bear), 옮기다(carry)",suffer,시달리다,Many factories suffer from a shortage of skilled workers.,suffer,mid,What does suffer mean?,시달리다,etymology,860,DAY 26,4,"낳다(bear), 옮기다(carry)",suf(= sub: under) + fer(= carry) → 밑에서 옮기다,많은 공장들은 숙련된 노동자들의 부족에 시달린다.,
2,26,fer,"낳다(bear), 옮기다(carry)",transfer,"옮겨 가다 n. 운반, 환승",The Chinese film studio plans to transfer to Hollywood.,transfer,mid,What does transfer mean?,"옮겨 가다 n. 운반, 환승",etymology,861,DAY 26,4,"낳다(bear), 옮기다(carry)",trans(= across) + fer(= carry) → 가로질러 옮기다,그 중국의 영화사는 할리우드로 옮겨 갈 계획이다.,
2,26,fer,"낳다(bear), 옮기다(carry)",prefer,"더 좋아하다, 선호하다",I much prefer apples to oranges.,prefer|preference,mid,What does prefer mean?,"더 좋아하다, 선호하다",etymology,862,DAY 26,4,"낳다(bear), 옮기다(carry)",pre(= before) + fer(= carry) → (마음을) 앞으로 옮기다,나는 오렌지보다 사과를 훨씬 더 좋아한다.,
2,26,fer,"낳다(bear), 옮기다(carry)",refer,"언급하다, 참조하다",The speaker began to refer to his experiences.,refer|reference,mid,What does refer mean?,"언급하다, 참조하다",etymology,863,DAY 26,4,"낳다(bear), 옮기다(carry)",re(= again) + fer(= carry) → 다시 옮겨 가다,그 연사는 자신의 경험에 관해 언급하기 시작했다.,
2,26,fin,"끝내다(end), 한정하다(limit)",finance,"재정, 금융 v. 자금을 대다",He’s been promoted to the position of finance director.,finance|financial,mid,What does finance mean?,"재정, 금융 v. 자금을 대다",etymology,864,DAY 26,5,"끝내다(end), 한정하다(limit)",fin(= end) + ance(접사) → 끝나게 해주는 것 → 지불,그는 재정 이사 자리로 승진되었다.,
2,26,fin,"끝내다(end), 한정하다(limit)",infinite,무한한,The organization is believed to have infinite sums of money.,infinite|finite,mid,What does infinite mean?,무한한,etymology,865,DAY 26,5,"끝내다(end), 한정하다(limit)",in(= not) + fin(= limit) + ite(접사) → 한계가 없는,그 단체는 무한한 금액을 보유하고 있다고 믿어진다.,
2,26,fin,"끝내다(end), 한정하다(limit)",confine,"가두다, 국한하다",He didn’t confine himself to his room.,confine|confinement,mid,What does confine mean?,"가두다, 국한하다",etymology,866,DAY 26,5,"끝내다(end), 한정하다(limit)",con(= com: together) + fin(e)(= limit) → 같이 한계선을 가지다,그는 그의 방에만 갇혀 있지 않았다.,
2,26,fin,"끝내다(end), 한정하다(limit)",refine,"정제하다, 다듬다",Oil companies invest a great amount of money to refine oil.,refine,mid,What does refine mean?,"정제하다, 다듬다",etymology,867,DAY 26,5,"끝내다(end), 한정하다(limit)",re(= again) + fin(e)(= end) → 반복해서 끝내다,정유 회사들은 기름을 정제하기 위해서 엄청난 양의 돈을 투자한다.,
2,26,fin,"끝내다(end), 한정하다(limit)",define,정의하다,Mental problems are difficult to define.,define|definition,mid,What does define mean?,정의하다,etymology,868,DAY 26,5,"끝내다(end), 한정하다(limit)",de(= completely) + fin(e)(= limit) → 경계를 완전하게 만들다,정신적 문제들은 정의하기가 어렵다.,
2,26,firm,"강하게 하다(strengthen), 강한(strong)",affirm,"단언하다, 확언하다, 긍정하다",Brown affirmed that he would speak the truth.,affirm|affirmation|affirmative,mid,What does affirm mean?,"단언하다, 확언하다, 긍정하다",etymology,869,DAY 26,1,"강하게 하다(strengthen), 강한(strong)",af(= to) + firm(= strengthen) → 강하게 하다,Brown은 자신이 진실을 말할 거라고 단언했다.,
2,26,firm,"강하게 하다(strengthen), 강한(strong)",confirm,"(예약, 약속 등을) 확인하다, (~이 사실임을) 보여 주다, 확증하다",I confirmed the hotel reservation through the website.,confirm|confirmation,mid,What does confirm mean?,"(예약, 약속 등을) 확인하다, (~이 사실임을) 보여 주다, 확증하다",etymology,870,DAY 26,1,"강하게 하다(strengthen), 강한(strong)",con(= com: intensive) + firm(= strengthen) → 더욱 확고하게 하다,나는 웹 사이트를 통해 호텔 예약을 확인했다.,support|validate|verify
2,26,firm,"강하게 하다(strengthen), 강한(strong)",infirm,"병약[허약]한, (의지, 성격이) 약한, 결단력이 없는",He was too infirm to earn his own living.,infirm,mid,What does infirm mean?,"병약[허약]한, (의지, 성격이) 약한, 결단력이 없는",etymology,871,DAY 26,1,"강하게 하다(strengthen), 강한(strong)",in(= not) + firm(= strong) → 강하지 못한,그는 너무나 병약하여 자신의 생계를 꾸리지 못했다.,
2,26,firm,"강하게 하다(strengthen), 강한(strong)",firmness,"확고함, 견고, 단단함, 강경한 의지",Loosely closed lips indicate a lack of firmness.,firmness|firm,mid,What does firmness mean?,"확고함, 견고, 단단함, 강경한 의지",etymology,872,DAY 26,1,"강하게 하다(strengthen), 강한(strong)",firm(= strong) + ness(접사) → 강한 상태,꽉 다물지 못한 입술은 확고함의 부족을 나타낸다.,
2,27,flect/flex,"굽다, 구부리다(bend)",reflect,"비추다, 반사하다, 반영하다, 심사숙고하다",An infant comes to be interested in images reflected in a mirror.,reflect|reflection|reflective,mid,What does reflect mean?,"비추다, 반사하다, 반영하다, 심사숙고하다",etymology,873,DAY 27,2,"굽다, 구부리다(bend)",re(= back) + flect(= flectere: bend) → (빛이) 다시 굽다,유아는 거울에 비친 이미지에 관심을 갖게 된다.,
2,27,flect/flex,"굽다, 구부리다(bend)",inflect,"어미를 변화시키다, 안으로 구부리다, 굴절시키다","Unlike the European languages, Chinese does not inflect a verb for tense.",inflect,mid,What does inflect mean?,"어미를 변화시키다, 안으로 구부리다, 굴절시키다",etymology,874,DAY 27,2,"굽다, 구부리다(bend)",in(= in) + flect(= flectere: bend) → 안으로 구부리다,"유럽의 언어들과는 달리, 중국어는 시제에 대해 동사의 어미를 변화시키지 않는다.",
2,27,flect/flex,"굽다, 구부리다(bend)",reflex,"반사 작용 a. 반사 작용의 v. 반사 작용을 일으키게 하다, 반전시키다","A reflex is an automatic, involuntary response to some change.",reflex,mid,What does reflex mean?,"반사 작용 a. 반사 작용의 v. 반사 작용을 일으키게 하다, 반전시키다",etymology,875,DAY 27,2,"굽다, 구부리다(bend)",re(= back) + flex(= flectere: bend) → 반대로 구부러지는 것,반사 작용은 어떤 변화에 대한 자동적이고 무의식적인 반응이다.,
2,27,flict,"치다, 부딪치다(strike, dash)",conflict,"갈등, 충돌, 말다툼 v. 대립하다, 충돌하다, 상충하다",Conflicts of interest of ten arise in the investment profession.,conflict,mid,What does conflict mean?,"갈등, 충돌, 말다툼 v. 대립하다, 충돌하다, 상충하다",etymology,876,DAY 27,3,"치다, 부딪치다(strike, dash)",con(= com: together) + flict(= fligere: strike) → 함께 치는 것 → 대립하는 것,이해의 충돌은 흔히 투자 직종에서 발생한다.,discord|disharmony|friction
2,27,flict,"치다, 부딪치다(strike, dash)",inflict,"(타격, 고통 등을) 가하다, (벌을) 주다",The strikes inflicted serious damage on the economy.,inflict|infliction,mid,What does inflict mean?,"(타격, 고통 등을) 가하다, (벌을) 주다",etymology,877,DAY 27,3,"치다, 부딪치다(strike, dash)","in(= in) + flict(= fligere: strike, dash) → ~에 가격을 가하다",그 파업은 경제에 심각한 손해를 입혔다.,
2,27,flict,"치다, 부딪치다(strike, dash)",afflict,"시달리게 하다, 괴롭히다, 피해를 입히다",Many people are afflicted by depression.,afflict|affliction,mid,What does afflict mean?,"시달리게 하다, 괴롭히다, 피해를 입히다",etymology,878,DAY 27,3,"치다, 부딪치다(strike, dash)",af(= to) + flict(= fligere: strike) → ~을 향해 가격하다,많은 사람들이 우울증에 시달린다.,
2,27,flu,흐르다(flow),influence,"영향(력), 효과 v. 영향을 미치다",Political institutions can exert an influence on society.,influence|influential,mid,What does influence mean?,"영향(력), 효과 v. 영향을 미치다",etymology,879,DAY 27,4,흐르다(flow),in(= into) + flu(= fluere: flow) + ence(접사) → 안으로 흘러들어 와 영향을 미침,정치 단체는 사회에 영향력을 행사할 수 있다.,impact|effect|consequence
2,27,flu,흐르다(flow),influenza,"유행성 감기, 독감",He occasionally suffers from influenza.,influenza,mid,What does influenza mean?,"유행성 감기, 독감",etymology,880,DAY 27,4,흐르다(flow),중세 라틴어 influentia(= stellar emanation: 별빛의 발산)에서 유래 → 별의 영향 → (병균이) 안으로 흘러들어 와 영향을 미침,그는 가끔씩 유행성 감기로 고생한다.,
2,27,flu,흐르다(flow),fluid,"유동체 a. 유동성의, 변하기 쉬운","Jane is not allowed solid food yet, only fluids.",fluid,mid,What does fluid mean?,"유동체 a. 유동성의, 변하기 쉬운",etymology,881,DAY 27,4,흐르다(flow),flu(= fluere: flow) + id(접사) → 흐르는 것,"Jane은 고형식은 아직 허용되지 않고, 오직 유동식만 허용된다.",
2,27,flu,흐르다(flow),fluent,"유창한, 능숙한, (움직임, 곡선 등이) 완만한","John is very fluent in English, French, and German.",fluent|fluency,mid,What does fluent mean?,"유창한, 능숙한, (움직임, 곡선 등이) 완만한",etymology,882,DAY 27,4,흐르다(flow),flu(= fluere: flow) + ent(접사) → 흐르는 듯한,"John은 영어, 프랑스어, 그리고 독일어에 매우 유창하다.",
2,27,flu,흐르다(flow),affluent,"부유한, 풍부[풍족]한",They mainly come from affluent families.,affluent,mid,What does affluent mean?,"부유한, 풍부[풍족]한",etymology,883,DAY 27,4,흐르다(flow),af(= to) + flu(= fluere: flow) + ent(접사) → 흘러들어 오는,그들은 주로 부유한 가정의 출신이다.,
2,27,flu,흐르다(flow),fluctuate,"변동하다, 오르내리다, 동요하다",The extent of federal funding has fluctuated over the years.,fluctuate|fluctuation,mid,What does fluctuate mean?,"변동하다, 오르내리다, 동요하다",etymology,884,DAY 27,4,흐르다(flow),flu(ctu)(= fluere: flow) + ate(접사) → 파도나 물결이 일렁이다,연방 기금의 규모가 수년 동안 변동해 왔다.,
2,27,form,"형태, 형성시키다(form, shape)",formula,"공식, 방식, 제조법",The truth is that there is no magic formula for success.,formula|formulate,mid,What does formula mean?,"공식, 방식, 제조법",etymology,885,DAY 27,5,"형태, 형성시키다(form, shape)",form + ula(접사) → 아주 작은 형식,성공을 위한 마법 공식이 없다는 것은 진실이다.,
2,27,form,"형태, 형성시키다(form, shape)",inform,"알리다, 통지하다",Physicians should inform patients about other options for pain relief.,inform|information|informative|informational,mid,What does inform mean?,"알리다, 통지하다",etymology,886,DAY 27,5,"형태, 형성시키다(form, shape)",in(= into) + form → (마음속에) 어떤 개념을 형성시키다,의사는 환자에게 통증 완화를 위한 다른 방법들에 대해 알려줘야 한다.,
2,27,form,"형태, 형성시키다(form, shape)",reform,"개혁하다, 개선하다 n. 개혁, 개선",It is necessary to reform the tax system.,reform,mid,What does reform mean?,"개혁하다, 개선하다 n. 개혁, 개선",etymology,887,DAY 27,5,"형태, 형성시키다(form, shape)",re(= again) + form → 다시 구성하다,세금 제도를 개혁하는 것이 필요하다,
2,27,form,"형태, 형성시키다(form, shape)",uniform,"제복, 군복 a. 획일적인, 균일한, 한결같은",Wearing a school uniform gives me a sense that I belong.,uniform|uniformity,mid,What does uniform mean?,"제복, 군복 a. 획일적인, 균일한, 한결같은",etymology,888,DAY 27,5,"형태, 형성시키다(form, shape)",uni(= one) + form → 하나의 형태,교복을 입는 것은 내게 소속감을 준다.,
2,27,form,"형태, 형성시키다(form, shape)",deform,"변형시키다, ~의 모양을 훼손하다",Dynamic water pressure may deform the eyes of fast swimming animals.,deform,mid,What does deform mean?,"변형시키다, ~의 모양을 훼손하다",etymology,889,DAY 27,5,"형태, 형성시키다(form, shape)","de(= away) + form → 형태를 망치다, 형태에서 벗어나게 하다",강력한 수압은 빠르게 헤엄치는 동물의 눈을 변형시킬 수도 있다.,
2,27,form,"형태, 형성시키다(form, shape)",former,"제작자, 형성자",He thinks God is the former of our bodies.,former,mid,What does former mean?,"제작자, 형성자",etymology,890,DAY 27,5,"형태, 형성시키다(form, shape)",form + er(접사) → 형태를 만드는 사람[것],그는 신이 우리의 몸을 만든다고 생각한다.,former
2,27,form,"형태, 형성시키다(form, shape)",triform,"세 가지 형태가 있는, 세 부분으로 이루어진",On her right ankle is a triform tattoo.,triform,mid,What does triform mean?,"세 가지 형태가 있는, 세 부분으로 이루어진",etymology,891,DAY 27,5,"형태, 형성시키다(form, shape)",tri(= three) + form → 세 가지 형태로 된,그녀의 오른쪽 발목에는 세 가지 형태로 된 문신이 있다.,
2,27,fort,강한(strong),comfort,"편안, 안락, 위로, 편의시설 v. 위로하다, 위안하다, 편하게 하다",The temperature of the room is too low for comfort.,comfort|comfortable,high,What does comfort mean?,"편안, 안락, 위로, 편의시설 v. 위로하다, 위안하다, 편하게 하다",etymology,892,DAY 27,1,강한(strong),com(강조) + fort(= strong) → 마음이 단단하게 되도록 북돋아 주다,그 방의 온도는 편안함을 주기에는 너무 낮다.,console
2,27,fort,강한(strong),reinforce,"강화하다, 보강하다",The fence was reinforced by concrete.,reinforce|reinforcement,high,What does reinforce mean?,"강화하다, 보강하다",etymology,893,DAY 27,1,강한(strong),re(= again) + in(= en: make) + force(= fort: strong) → 다시 강하게 만들다,그 울타리는 콘크리트로 보강되었다.,
2,27,fort,강한(strong),fortress,"요새, 성채, 안전 지역",The soldiers began a violent attack on the fortress.,fortress,high,What does fortress mean?,"요새, 성채, 안전 지역",etymology,894,DAY 27,1,강한(strong),fort(= strong) + ress(라틴어 itia: 접사) → 적이 들어오지 못하도록 강하게 둘러싼 곳,병사들은 그 요새에 대한 맹렬한 공격을 시작했다,
2,27,frag/fract,"부수다, 깨지다(break)",fragment,"파편, 조각 v. 산산이 부서지다",Torn fragments of a letter were scattered on the floor.,fragment,high,What does fragment mean?,"파편, 조각 v. 산산이 부서지다",etymology,895,DAY 27,2,"부수다, 깨지다(break)",frag(= break) + ment(접사) → 부서진 조각,찢어진 편지 조각들이 바닥에 흩어져 있었다.,
2,27,frag/fract,"부수다, 깨지다(break)",fragile,"부서지기 쉬운, 취약한, 섬세한, 연약한",Please be careful with the vase ─ it’s fragile.,fragile|fragility,high,What does fragile mean?,"부서지기 쉬운, 취약한, 섬세한, 연약한",etymology,896,DAY 27,2,"부수다, 깨지다(break)",frag(= break) + ile(접사) → 깨지거나 부서지기 쉬운,그 꽃병을 조심해서 다뤄주세요. 깨지기 쉬워요.,
2,27,frag/fract,"부수다, 깨지다(break)",fraction,"아주 소량, 단편, 일부, 분수",There is not a fraction of truth in his words.,fraction|fractional,high,What does fraction mean?,"아주 소량, 단편, 일부, 분수",etymology,897,DAY 27,2,"부수다, 깨지다(break)",fract(= break) + ion(접사) → 깨진 것의 작은 조각,그의 말에는 아주 조금의 진실도 들어 있지 않다.,
2,27,frag/fract,"부수다, 깨지다(break)",fracture,"골절, 분열, 파손 v. ~을 부러뜨리다, 부수다",X-rays showed no fractures in her leg.,fracture,high,What does fracture mean?,"골절, 분열, 파손 v. ~을 부러뜨리다, 부수다",etymology,898,DAY 27,2,"부수다, 깨지다(break)",fract(= break) + ure(접사) → 뼈가 부서지는 것,엑스레이 사진에는 그녀의 다리에 전혀 골절이 없는 것으로 나타났다.,
2,27,fund/found,"기초(foundation), 바닥(bottom)",refund,환불(금) v. 환불하다,The shop owner gave me a refund for the sweater.,refund|refundable,high,What does refund mean?,환불(금) v. 환불하다,etymology,899,DAY 27,3,"기초(foundation), 바닥(bottom)",re(= again) + fund(= foundation) → 토대가 되는 것[자금]을 다시 돌려주다,그 가게 주인은 나에게 그 스웨터를 환불해 주었다.,
2,27,fund/found,"기초(foundation), 바닥(bottom)",fundamental,"필수[핵심]적인, 근본적인, 기본적인 n. 기본 원칙, 핵심",Water is fundamental to survival.,fundamental,high,What does fundamental mean?,"필수[핵심]적인, 근본적인, 기본적인 n. 기본 원칙, 핵심",etymology,900,DAY 27,3,"기초(foundation), 바닥(bottom)",fund(a)(= bottom) + ment(접사) + al(접사) → 바닥에서 뒷받침해주는,물은 생존에 필수적이다,
2,27,fund/found,"기초(foundation), 바닥(bottom)",profound,"(느낌, 영향 등이) 지대한[깊은], 심오한",He has a profound knowledge of philosophy.,profound,high,What does profound mean?,"(느낌, 영향 등이) 지대한[깊은], 심오한",etymology,901,DAY 27,3,"기초(foundation), 바닥(bottom)",pro(= forward) + found(= bottom) → 바닥으로 깊이 향하고 있는,그는 심오한 철학적 지식을 갖고 있다.,
2,27,fus/fut,"쏟아 붓다(pour), 녹이다(melt)",confuse,"혼란[혼동]시키다, 혼동하다",The winding streets confuse tourists.,confuse|confusion,high,What does confuse mean?,"혼란[혼동]시키다, 혼동하다",etymology,902,DAY 27,4,"쏟아 붓다(pour), 녹이다(melt)",con(= together) + fus(e)(= pour) → 여러 가지를 함께 부어 놓다,그 구불구불한 거리는 관광객들을 혼동시킨다.,
2,27,fus/fut,"쏟아 붓다(pour), 녹이다(melt)",refuse,"거절하다, 거부하다",The offer is too good to refuse.,refuse|refusal,high,What does refuse mean?,"거절하다, 거부하다",etymology,903,DAY 27,4,"쏟아 붓다(pour), 녹이다(melt)",re(= back) + fus(e)(= pour) → 다시 쏟아 붓다,그 제안은 너무 좋아서 거절할 수 없다.,
2,27,fus/fut,"쏟아 붓다(pour), 녹이다(melt)",fusion,"융합, 결합, 퓨전(음식, 음악)",The artwork is a fusion of several different styles.,fusion|fuse,high,What does fusion mean?,"융합, 결합, 퓨전(음식, 음악)",etymology,904,DAY 27,4,"쏟아 붓다(pour), 녹이다(melt)",fus(= melt) + ion(접사) → 여러 가지가 한 군데 녹아 들어가 있는 것,그 예술작품은 몇 가지 다른 스타일이 융합된 것이다.,
2,27,fus/fut,"쏟아 붓다(pour), 녹이다(melt)",futile,"헛된, 효과 없는, 무익한",The attempt to convince him was futile.,futile|futility,high,What does futile mean?,"헛된, 효과 없는, 무익한",etymology,905,DAY 27,4,"쏟아 붓다(pour), 녹이다(melt)",fut(= pour) + ile(접사) → 쉽게 흘러나가 버리는,그를 설득하려는 시도는 헛된 것이었다.,
2,28,gen/gener/gn,"출생, 종족, 종류(birth, race, kind)",generate,"낳다, 발생시키다, 초래하다",The project will generate a lot of new jobs.,generate|generation,high,What does generate mean?,"낳다, 발생시키다, 초래하다",etymology,906,DAY 28,5,"출생, 종족, 종류(birth, race, kind)","gener(= birth) + ate(접사) → 낳다, 생기게 하다",그 사업은 많은 새로운 일자리를 창출할 것이다.,
2,28,gen/gener/gn,"출생, 종족, 종류(birth, race, kind)",generous,"후한, 넉넉한, 너그러운",He has always been generous to the poor.,generous|generosity,high,What does generous mean?,"후한, 넉넉한, 너그러운",etymology,907,DAY 28,5,"출생, 종족, 종류(birth, race, kind)",gener(= birth) + ous(접사) → 귀족 태생이라 여유가 있는,그는 항상 가난한 사람들에게 후하게 베풀어왔다.,
2,28,gen/gener/gn,"출생, 종족, 종류(birth, race, kind)",general,"일반적인, 전반적인, 보통의 n. 대장, 장성, 일반 대중",Could you explain it in general terms?,general|generalize|generalization,high,What does general mean?,"일반적인, 전반적인, 보통의 n. 대장, 장성, 일반 대중",etymology,908,DAY 28,5,"출생, 종족, 종류(birth, race, kind)",gener(= race) + al(접사) → 종족 전체에 널리 적용되는,일반적인 말로 그것을 설명해주시겠어요?,
2,28,gen/gener/gn,"출생, 종족, 종류(birth, race, kind)",genetic,"유전의, 유전학의",I want to major in genetic engineering in college.,genetic|gene|genetics,high,What does genetic mean?,"유전의, 유전학의",etymology,909,DAY 28,5,"출생, 종족, 종류(birth, race, kind)",gen(e)(= birth) + tic(접사) → 출생과 관련된,나는 대학에서 유전공학을 전공하고 싶다.,
2,28,gen/gener/gn,"출생, 종족, 종류(birth, race, kind)",genius,"천재(성), 비범한 재능",Isaac Newton was a great scientific genius.,genius,high,What does genius mean?,"천재(성), 비범한 재능",etymology,910,DAY 28,5,"출생, 종족, 종류(birth, race, kind)",라틴어 genius(= guardian deity: 재능 등을 관장하는 수호신)에서 유래 → 타고난 기지나 예언적 능력,Isaac Newton은 위대한 과학 천재였다.,
2,28,gen/gener/gn,"출생, 종족, 종류(birth, race, kind)",genuine,"진짜의, 진품의, 꾸밈없는",It turned out that the signature was genuine.,genuine|genuinely,high,What does genuine mean?,"진짜의, 진품의, 꾸밈없는",etymology,911,DAY 28,5,"출생, 종족, 종류(birth, race, kind)",gen(u)(= birth) + ine(접사) → 타고난 그대로의,그 서명은 진짜라는(위조가 아니라는) 것이 밝혀졌다.,
2,28,gen/gener/gn,"출생, 종족, 종류(birth, race, kind)",ingenious,"독창적인, 기발한, 교묘한",Many animals have ingenious ways of protecting their babies.,ingenious|ingenuity,high,What does ingenious mean?,"독창적인, 기발한, 교묘한",etymology,912,DAY 28,5,"출생, 종족, 종류(birth, race, kind)",in(= in) + gen(i)(= birth) + ous(접사) → 천부적으로 고귀함이나 장점을 가진,많은 동물들은 자신의 새끼를 보호하는 기발한 방법을 갖고 있다.,
2,28,gen/gener/gn,"출생, 종족, 종류(birth, race, kind)",hydrogen,수소,Water consists of hydrogen and oxygen.,hydrogen,high,What does hydrogen mean?,수소,etymology,913,DAY 28,5,"출생, 종족, 종류(birth, race, kind)",hydro(= water) + gen(= birth) → 물(H2O)을 만드는 원소 중 하나,물은 수소와 산소로 이루어져 있다.,
2,28,gen/gener/gn,"출생, 종족, 종류(birth, race, kind)",pregnant,"임신한, 충만한, 내포하고 있는",She is pregnant with twins.,pregnant|pregnancy,high,What does pregnant mean?,"임신한, 충만한, 내포하고 있는",etymology,914,DAY 28,5,"출생, 종족, 종류(birth, race, kind)",pre(= before) + gnant(= gn(asci): birth) → 아기가 태어나기 이전,그녀는 쌍둥이를 임신하고 있다.,
2,28,gen/gener/gn,"출생, 종족, 종류(birth, race, kind)",indigenous,"토착의, 원산의, 자생종의",These plants are indigenous to the island.,indigenous,high,What does indigenous mean?,"토착의, 원산의, 자생종의",etymology,915,DAY 28,5,"출생, 종족, 종류(birth, race, kind)",indi(= in) + gen(= birth) + ous(접사) → 같은 땅 안에서 태어난,이 식물들은 그 섬에서 자생한다.,
2,28,gen/gener/gn,"출생, 종족, 종류(birth, race, kind)",gender,"성, 성별, 성 구분",Discrimination on grounds of gender is forbidden.,gender,high,What does gender mean?,"성, 성별, 성 구분",etymology,916,DAY 28,5,"출생, 종족, 종류(birth, race, kind)","프랑스 고어 gendre(= birth, kind, species)에서 유래 → 출생 시에 구분되는 성",성별을 근거로 한 차별은 금지된다.,
2,28,geo,"지구(earth), 흙(soil)",geology,지질학,In geology we studied the rocks and deserts.,geology|geological,high,What does geology mean?,지질학,etymology,917,DAY 28,1,"지구(earth), 흙(soil)","geo(= earth) + logy(= science, study) → 땅을 연구하는 학문",지질학에서 우리는 바위와 사막을 배웠다.,
2,28,geo,"지구(earth), 흙(soil)",geography,지리학,I bought a new atlas for my geography class.,geography|geographic,high,What does geography mean?,지리학,etymology,918,DAY 28,1,"지구(earth), 흙(soil)",geo(= earth) + graphy(= description: 묘사) → 땅에 대한 묘사,나는 지리학 수업을 위해 새로운 지도책을 샀다.,
2,28,geo,"지구(earth), 흙(soil)",geometry,기하학,The figure ‘p’ used in geometry is an approximation.,geometry,high,What does geometry mean?,기하학,etymology,919,DAY 28,1,"지구(earth), 흙(soil)",geo(= earth) + metry(=measurement: 측정) → 땅에 대한 측정,기하학에서 사용되는 기호인 ‘p’는 근사값이다.,
2,28,geo,"지구(earth), 흙(soil)",geocentric,"지구 중심적인, 천동설의","It was called the earth-centered, or geocentric, theory.",geocentric,high,What does geocentric mean?,"지구 중심적인, 천동설의",etymology,920,DAY 28,1,"지구(earth), 흙(soil)",geo(= earth) + centr(= center) + ic(접사) → 지구 중심적인,"그것은 지구 중심의, 즉 천동설이라고 불렸다.",
2,28,gest/gist,가져가다(carry),digest,"소화하다[되다], 숙고하다",The patients cannot digest meat easily.,digest|digestion|digestive,high,What does digest mean?,"소화하다[되다], 숙고하다",etymology,921,DAY 28,2,가져가다(carry),di(= apart) + gest(= gerere: carry) → 쪼개서 가져가다,그 환자들은 고기를 쉽게 소화시킬 수 없다.,
2,28,gest/gist,가져가다(carry),suggest,"제안하다, 제시하다",I suggested my company develop a new product.,suggest|suggestion,high,What does suggest mean?,"제안하다, 제시하다",etymology,922,DAY 28,2,가져가다(carry),sug(= sub: under) + gest(= gerere: carry) → 아래로 가져가다,나는 우리 회사가 새로운 제품을 개발해야 한다고 제안했다.,
2,28,gest/gist,가져가다(carry),register,"기록부, 등기 v. 등록하다, 기록하다","Could you sign the hotel register please, sir?",register|registry,high,What does register mean?,"기록부, 등기 v. 등록하다, 기록하다",etymology,923,DAY 28,2,가져가다(carry),re(= back) + gist(= gerere: carry) + er(접사) → 뒤로 가져가 두는 것,"호텔의 등록부에 서명해주시겠습니까, 손님?",
2,28,gest/gist,가져가다(carry),gesture,"몸짓, 동작",He was nodding as a gesture of understanding.,gesture,high,What does gesture mean?,"몸짓, 동작",etymology,924,DAY 28,2,가져가다(carry),gest(= gerere: carry) + ure(접사) → 갖고 있는 행동,그는 이해의 몸짓으로 고개를 끄덕이고 있었다.,
2,28,gest/gist,가져가다(carry),congest,"혼잡하게 하다, 충혈시키다",Motorcycles should not congest the highways.,congest,high,What does congest mean?,"혼잡하게 하다, 충혈시키다",etymology,925,DAY 28,2,가져가다(carry),con(= together) + gest(= gerere: carry) → 모두 가져가다,오토바이들이 고속도로를 혼잡하게 해서는 안 된다.,
2,28,grad/gress,"가다(go), 단계(step), 정도(stage)",grade,"등급, 학년, 학점 v. 등급을 매기다",She got good grades in math exams.,grade,high,What does grade mean?,"등급, 학년, 학점 v. 등급을 매기다",etymology,926,DAY 28,3,"가다(go), 단계(step), 정도(stage)","라틴어 gradus(= step, stage)에서 유래 → 정도, 단계",She’s not a top grade painter. 그녀는 최고 등급의 화가가 아니다.,
2,28,grad/gress,"가다(go), 단계(step), 정도(stage)",aggressive,"적극적인, 공격적인, 호전적인",It’s difficult to be outgoing and aggressive all day.,aggressive|aggressively,high,What does aggressive mean?,"적극적인, 공격적인, 호전적인",etymology,927,DAY 28,3,"가다(go), 단계(step), 정도(stage)",ag(= ad: to) + gress(= gredi: go) + ive(접사) → 앞으로 나서는,하루 종일 외향적이고 적극적인 것은 어렵다.,
2,28,grad/gress,"가다(go), 단계(step), 정도(stage)",degrade,"비하하다, 저하시키다",I was very hurt when she degraded my work.,degrade,high,What does degrade mean?,"비하하다, 저하시키다",etymology,928,DAY 28,3,"가다(go), 단계(step), 정도(stage)","de(= down) + grad(e)(= gradus: step, stage) → 정도를 낮추다",나는 그녀가 내 작품을 비하했을 때 매우 상처를 받았다.,
2,28,grad/gress,"가다(go), 단계(step), 정도(stage)",degree,"정도, 도, 학위",I understand his situation to a certain degree.,degree,high,What does degree mean?,"정도, 도, 학위",etymology,929,DAY 28,3,"가다(go), 단계(step), 정도(stage)","de(= down) + gree(= gradus: step, stage) → 단계",나는 어느 정도까지는 그의 상황을 이해한다.,
2,28,grad/gress,"가다(go), 단계(step), 정도(stage)",ingredient,"재료, 성분, 원료, 구성 요소",The recipes use pumpkin as a main ingredient.,ingredient,high,What does ingredient mean?,"재료, 성분, 원료, 구성 요소",etymology,930,DAY 28,3,"가다(go), 단계(step), 정도(stage)","in(= inside) + gred(i)(= gradus: step, go) + ent(접사) → 안에 들어가는 것",그 조리법은 호박을 주요 재료로 사용한다.,
2,28,grad/gress,"가다(go), 단계(step), 정도(stage)",gradual,"점진적인, (경사가) 완만한","Losing weight is a slow, gradual process.",gradual|gradually,high,What does gradual mean?,"점진적인, (경사가) 완만한",etymology,931,DAY 28,3,"가다(go), 단계(step), 정도(stage)","grad(u)(= gradus: step, stage) + al(접사) → 단계적인",체중을 줄이는 것은 느리고 점진적인 과정이다.,
2,28,grad/gress,"가다(go), 단계(step), 정도(stage)",progress,"전진, 진보 v. 다음 단계로 나아가다, 진전을 보이다",He has made great progress in his studies.,progress|progressive|progression,high,What does progress mean?,"전진, 진보 v. 다음 단계로 나아가다, 진전을 보이다",etymology,932,DAY 28,3,"가다(go), 단계(step), 정도(stage)",pro(= forward) + gress(= gred: go) → 앞으로 나감,그는 연구에서 굉장한 전진을 보였다.,
2,28,grad/gress,"가다(go), 단계(step), 정도(stage)",congress,"회의, 국회(Congress)",Congress finally approved the law.,congress,high,What does congress mean?,"회의, 국회(Congress)",etymology,933,DAY 28,3,"가다(go), 단계(step), 정도(stage)",con(= together) + gress(= gred: go) → 모두 모임,국회가 결국 그 법을 승인했다.,
2,28,gram,"글자(letter), 문자(written character), 그리다(draw)",diagram,"그림, 도해",He illustrated his point by using a simple diagram.,diagram,high,What does diagram mean?,"그림, 도해",etymology,934,DAY 28,4,"글자(letter), 문자(written character), 그리다(draw)","dia(= across, out) + gram(= draw) → 그림으로 그린 것",그는 간단한 그림을 사용해서 그의 요점을 분명히 보여 주었다.,
2,28,gram,"글자(letter), 문자(written character), 그리다(draw)",telegram,"전보, 전신","Send the following message by telegram, please.",telegram,high,What does telegram mean?,"전보, 전신",etymology,935,DAY 28,4,"글자(letter), 문자(written character), 그리다(draw)",tele(= far) + gram(= letter) → 멀리 보낸 글자,다음의 메시지를 전보로 보내주세요.,
2,28,gram,"글자(letter), 문자(written character), 그리다(draw)",grammar,"문법, 기본 원리",Vocabulary and grammar are the building blocks of language.,grammar|grammatical,high,What does grammar mean?,"문법, 기본 원리",etymology,936,DAY 28,4,"글자(letter), 문자(written character), 그리다(draw)",라틴어 grammatica(= art of letters)에서 유래 → 글씨의 기술,어휘와 문법은 언어의 구성 요소이다.,
2,28,gram,"글자(letter), 문자(written character), 그리다(draw)",hologram,홀로그램(입체 사진술에 의한 입체 화상),People can enjoy K-Pop stars’ hologram performances.,hologram,high,What does hologram mean?,홀로그램(입체 사진술에 의한 입체 화상),etymology,937,DAY 28,4,"글자(letter), 문자(written character), 그리다(draw)",holo(= holos: whole) + gram(= draw) → 전체가 보이는 그림,사람들은 K팝스타들의 홀로그램 공연을 즐길 수 있다.,
2,29,graph,쓰다(write),demography,"인구 변동[동태], 인구 통계학",The demography of this country is changing due to aging.,demography|demographic,high,What does demography mean?,"인구 변동[동태], 인구 통계학",etymology,938,DAY 29,5,쓰다(write),demo(= people) + graph(=writing) + y(접사) → 인구를 기술한 것,이 나라의 인구 동태는 노령화로 인해 변화하고 있다.,
2,29,graph,쓰다(write),calligraphy,"서예, 서체","She wrote calligraphy, moving the brush slowly.",calligraphy|calligraphic,high,What does calligraphy mean?,"서예, 서체",etymology,939,DAY 30,5,쓰다(write),calli(= beauty) + graph(=writing) + y(접사) → 아름답게 쓴 것,그녀는 붓을 천천히 움직이며 서예 글씨를 썼다.,
2,29,gree,기뻐하다(show joy),agree,"동의하다, 승낙하다",I do agree with you in all your views.,agree|disagree,high,What does agree mean?,"동의하다, 승낙하다",etymology,940,DAY 31,6,기뻐하다(show joy),a(= ad: to) + gree(= gratum: pleasing) → 기쁘게 하다,나는 당신의 모든 견해에 전적으로 동의한다.,
2,29,gree,기뻐하다(show joy),congratulate,축하하다,I congratulate you on your promotion.,congratulate|congratulation,high,What does congratulate mean?,축하하다,etymology,941,DAY 32,6,기뻐하다(show joy),con(= together) + grat(ul)(= gratulari: show joy) + ate(접사) → 함께 기뻐하다,당신의 승진을 축하합니다.,
2,29,gree,기뻐하다(show joy),gratify,"기쁘게 하다, 만족시키다",The researcher was gratified with the results of the test.,gratify|gratification,high,What does gratify mean?,"기쁘게 하다, 만족시키다",etymology,942,DAY 33,6,기뻐하다(show joy),grat(= pleasing) + ify(접사) → 기쁘게 하다,그 연구자는 검사의 결과에 기뻤다.,
2,29,gree,기뻐하다(show joy),disgrace,"수치, 불명예",The state of our roads is a national disgrace.,disgrace|disgraceful,high,What does disgrace mean?,"수치, 불명예",etymology,943,DAY 34,6,기뻐하다(show joy),"dis(= away) + grac(e)(= gratia: favor, thanks) → 감사할 수 없음, 부끄러움",우리 도로의 상태는 국가적인 수치이다.,
2,29,grav,무거운(heavy),gravity,"(지구) 중력, 심각성, 중대성","In space, there is no gravity.",gravity,high,What does gravity mean?,"(지구) 중력, 심각성, 중대성",etymology,944,DAY 35,1,무거운(heavy),grav(= heavy) + ity(접사) → 무거운 힘,우주에는 중력이 없다.,
2,29,grav,무거운(heavy),aggravate,"악화시키다, 짜증나게 만들다",Her work environment aggravated her illness.,aggravate|aggravation,high,What does aggravate mean?,"악화시키다, 짜증나게 만들다",etymology,945,DAY 36,1,무거운(heavy),ag(= ad: to) + grav(= heavy) + ate(접사) → 무거운 쪽으로 향하다,그녀의 근무 환경이 그녀의 병을 악화시켰다.,
2,29,grav,무거운(heavy),grave,"심각한, 중대한 n. 무덤, 묘","If this trend goes unchecked, the consequence will be very grave.",grave,high,What does grave mean?,"심각한, 중대한 n. 무덤, 묘",etymology,946,DAY 37,1,무거운(heavy),"라틴어 gravis(= heavy)에서 유래 → 무거운, 진지한","이 흐름이 확인되지 않고 진행되면, 결과가 몹시 심각해질 것이다.",
2,29,grav,무거운(heavy),engrave,"(나무, 돌, 쇠붙이 등에) 새기다",The crystal cup was engraved with his name.,engrave,high,What does engrave mean?,"(나무, 돌, 쇠붙이 등에) 새기다",etymology,947,DAY 38,1,무거운(heavy),en(= into) + grav(e) → 무거운 곳 속으로 들어가다 → 새기다,그 크리스털 컵에는 그의 이름이 새겨져 있었다.,
2,29,grav,무거운(heavy),grieve,"(특히 누구의 죽음으로 인해) 비통해 하다, 대단히 슬프게 만들다",He grieved the death of his mother.,grieve|grief,high,What does grieve mean?,"(특히 누구의 죽음으로 인해) 비통해 하다, 대단히 슬프게 만들다",etymology,948,DAY 39,1,무거운(heavy),"라틴어 gravare(=make heavy, cause grief)에서 유래 → 무겁게 만들다, 비통함을 불러오다 → 비통해 하다",그는 어머니의 죽음을 비통해 했다.,
2,29,habi/hibit,가지다(have),habit,"습관, 버릇",Mental habits are not easily changed.,habit,high,What does habit mean?,"습관, 버릇",etymology,949,DAY 40,2,가지다(have),habi(= have) + t(= tus: 접사) → 가지고 있는 것,정신적 습관은 쉽게 바뀌지 않는다.,
2,29,habi/hibit,가지다(have),habitual,"습관적인, 특유의, 늘 하는",His drinking had become habitual.,habitual,high,What does habitual mean?,"습관적인, 특유의, 늘 하는",etymology,950,DAY 41,2,가지다(have),habi(= have) + t(u)(= tus: 접사) + al(접사) → 가지고 있는,그의 음주는 습관이 되었다.,
2,29,habi/hibit,가지다(have),exhibit,"전시하다, (감정, 특질 등을) 보이다 n. 전시(품), 진열(품)",Mary exhibited no interest.,exhibit,high,What does exhibit mean?,"전시하다, (감정, 특질 등을) 보이다 n. 전시(품), 진열(품)",etymology,951,DAY 42,2,가지다(have),ex(= out) + hibit(= have) → 밖에 지니다 → 전시하다,Mary는 아무런 흥미를 보이지 않았다.,
2,29,habi/hibit,가지다(have),inhibit,"억제하다, 저지하다",This drug inhibits the growth of tumors.,inhibit|inhibition,high,What does inhibit mean?,"억제하다, 저지하다",etymology,952,DAY 43,2,가지다(have),in(= in) + hibit(= have) → 안에 두다 → 억제하다,이 약물은 종양의 성장을 억제한다.,
2,29,heir/hered/herit,상속인(heir),heir,"상속인, (과업, 전통 등의) 계승자",James is the sole heir to his grandfather’s estate.,heir,high,What does heir mean?,"상속인, (과업, 전통 등의) 계승자",etymology,953,DAY 44,3,상속인(heir),"라틴어 heres(후임자, 계승자)에서 유래 → 상속인",James는 조부의 재산에 대한 유일한 상속자이다.,
2,29,heir/hered/herit,상속인(heir),heredity,유전,Heredity can influence a person’s weight.,heredity,high,What does heredity mean?,유전,etymology,954,DAY 45,3,상속인(heir),hered(= heir) + ity(접사) → 상속된 것 → 유전,유전이 사람의 체중에 영향을 줄 수 있다.,
2,29,heir/hered/herit,상속인(heir),heritage,"(국가, 사회의) 유산",The wildlife of our country is part of our national heritage.,heritage,high,What does heritage mean?,"(국가, 사회의) 유산",etymology,955,DAY 46,3,상속인(heir),herit(= heir) + age(접사) → 물려받은 것 → 유산,우리나라의 야생 생물은 우리의 국가적 유산의 일부이다.,
2,29,heir/hered/herit,상속인(heir),inherit,"상속받다, 물려받다",She inherited her wavy hair from her father.,inherit|inheritance,high,What does inherit mean?,"상속받다, 물려받다",etymology,956,DAY 47,3,상속인(heir),라틴어 inhereditare(=make heir)에서 유래 → 상속자로 만들다,그녀는 곱슬머리를 아버지로부터 물려받았다.,
2,29,her/hes,"달라붙다(stick), 굳게 유지되다(hold fast)",adhere,"들러붙다, 부착되다, 고집하다, 집착하다",The stamp adhered to the postcard.,adhere|adherence,high,What does adhere mean?,"들러붙다, 부착되다, 고집하다, 집착하다",etymology,957,DAY 48,4,"달라붙다(stick), 굳게 유지되다(hold fast)",ad(= to) + her(e)(= stick) → ~에 달라붙다,우표가 엽서에 들러붙었다.,
2,29,her/hes,"달라붙다(stick), 굳게 유지되다(hold fast)",inherent,"내재하는, 고유한",The body has an inherent ability to heal.,inherent|inherence,high,What does inherent mean?,"내재하는, 고유한",etymology,958,DAY 49,4,"달라붙다(stick), 굳게 유지되다(hold fast)",in(= into) + her(= hold fast) + ent(접사) → 속에 굳게 유지되는,신체에는 내재하는 치료 능력이 있다.,
2,29,her/hes,"달라붙다(stick), 굳게 유지되다(hold fast)",adhesive,접착제 a. 달라붙는,You’ll need some strong adhesive to mend that desk.,adhesive,high,What does adhesive mean?,접착제 a. 달라붙는,etymology,959,DAY 50,4,"달라붙다(stick), 굳게 유지되다(hold fast)",ad(= to) + hes(= stick) + ive(접사) → ~에 달라붙는,그 책상을 수리하려면 강력한 접착제가 조금 필요할 것이다.,
2,29,her/hes,"달라붙다(stick), 굳게 유지되다(hold fast)",cohesion,"화합, 결합, 응집력",The most important thing we need is social cohesion.,cohesion|cohesive,high,What does cohesion mean?,"화합, 결합, 응집력",etymology,960,DAY 51,4,"달라붙다(stick), 굳게 유지되다(hold fast)","co(= together) + hes(= stick) + ion(접사) → 함께 달라붙는 것 → 결합, 응집",우리에게 필요한 가장 중요한 것은 사회적 화합이다.,
2,29,her/hes,"달라붙다(stick), 굳게 유지되다(hold fast)",hesitant,"주저하는, 망설이는, 머뭇거리는",He is hesitant about signing the contract.,hesitant|hesitate,high,What does hesitant mean?,"주저하는, 망설이는, 머뭇거리는",etymology,961,DAY 52,4,"달라붙다(stick), 굳게 유지되다(hold fast)",hes(= stick) + it(= frequent) + ant(접사) → 자꾸 달라붙는 → 주저하는,그는 그 계약서에 서명하기를 주저하고 있다.,
2,29,hospit,손님(guest),hospital,병원,She had to go to hospital for treatment.,hospital,high,What does hospital mean?,병원,etymology,962,DAY 53,5,손님(guest),hospit(= guest) + al(접사) → 손님으로 지내는 곳,그녀는 치료를 받으러 병원에 가야 했다.,
2,29,hospit,손님(guest),hospitable,"환대하는, 친절한, 쾌적한",The local people were very kind and hospitable.,hospitable|hospitality,high,What does hospitable mean?,"환대하는, 친절한, 쾌적한",etymology,963,DAY 54,5,손님(guest),hospit(= guest) + able(접사) → 손님으로 맞는 → 환대하는,그 현지 사람들은 매우 친절했고 환대해 주었다.,
2,29,hospit,손님(guest),hostel,"호스텔(값싼 숙소), (자선 단체에서 운영하는) 쉼터",I do volunteer work at a hostel for migrant workers.,hostel,high,What does hostel mean?,"호스텔(값싼 숙소), (자선 단체에서 운영하는) 쉼터",etymology,964,DAY 55,5,손님(guest),라틴어 hospitale(= guest house)에서 유래 → 손님이 머무는 집,나는 이주 노동자 쉼터에서 자원봉사 활동을 한다.,
2,29,host,적(enemy),hostage,인질,Three people were taken hostage during the bank robbery.,hostage,high,What does hostage mean?,인질,etymology,965,DAY 56,6,적(enemy),host(= enemy) + age(접사) → 적들에게 잡힌 사람,그 은행 강도 사건 당시 세 사람이 인질로 잡혔다.,prisoner|captive
2,29,host,적(enemy),hostile,"적대적인, 비우호적인","Clair wouldn’t meet Sem’s stare, which was openly hostile.",hostile|hostility,high,What does hostile mean?,"적대적인, 비우호적인",etymology,966,DAY 57,6,적(enemy),host(= enemy) + ile(접사) → 적으로 느끼는,"Clair는 Sem의 시선을 피하곤 했는데, 그 시선은 드러내놓고 적대적이었다.",
2,30,hum,"땅(earth), 겸손한(humble)",human,"인간의 n. 인간, 사람",Communication is a basic human need.,human,high,What does human mean?,"인간의 n. 인간, 사람",etymology,967,DAY 30,1,"땅(earth), 겸손한(humble)",라틴어 humanus(= earthly being)에서 유래,의사소통은 기본적인 인간의 욕구이다.,
2,30,hum,"땅(earth), 겸손한(humble)",humble,"겸손한, 비천한",We should be humble enough to learn from our mistakes.,humble,high,What does humble mean?,"겸손한, 비천한",etymology,968,DAY 30,1,"땅(earth), 겸손한(humble)",hum(= humus: earth) + ble(접사) → 땅 가까이에 있는 → 낮은 → 천한,우리 자신의 실수에서 배울 수 있을 만큼 겸손해야 한다.,modest|polite
2,30,hum,"땅(earth), 겸손한(humble)",humility,"겸손, 굴욕",Humility is the first virtue for us to learn.,humility,high,What does humility mean?,"겸손, 굴욕",etymology,969,DAY 30,1,"땅(earth), 겸손한(humble)",humili(= humilis: humble) + ty(접사) → 겸손한 성질,겸손은 우리가 배워야 할 첫 번째 미덕이다,
2,30,hum,"땅(earth), 겸손한(humble)",humiliate,굴욕감을 주다,I didn’t mean to humiliate him in front of his friends.,humiliate|humiliation,high,What does humiliate mean?,굴욕감을 주다,etymology,970,DAY 30,1,"땅(earth), 겸손한(humble)",humili(= humilis: humble) + ate(접사) → 낮추어 대하다,나는 그의 친구들 앞에서 그에게 굴욕감을 주려던 것은 아니었다.,
2,30,hum,"땅(earth), 겸손한(humble)",humanism,"인본주의, 인문주의",His paintings are based on humanism.,humanism,high,What does humanism mean?,"인본주의, 인문주의",etymology,971,DAY 30,1,"땅(earth), 겸손한(humble)",human(인간의) + ism(접사) → 인간을 중심으로 하는 사상,그의 그림은 인본주의에 근거하고 있다.,
2,30,hum,"땅(earth), 겸손한(humble)",humanity,"인류, 인간애",Advances in technology have indeed provided much forhumanity.,humanity,high,What does humanity mean?,"인류, 인간애",etymology,972,DAY 30,1,"땅(earth), 겸손한(humble)",human(인간의) + ity(접사) → 인간 부류,기술의 발전은 실제로 인류에게 많은 것을 제공해주었다.,
2,30,insul/isol,섬(island),peninsula,반도,A beautiful beach is on the north side of the peninsula.,peninsula,high,What does peninsula mean?,반도,etymology,973,DAY 30,2,섬(island),pen(= almost) + insul(a)(= island) → 거의 섬에 가까운 것,아름다운 해변이 그 반도의 북쪽에 있다.,
2,30,insul/isol,섬(island),insulate,"단열[절연, 방음] 처리를 하다",Home owners insulate their homes to save energy.,insulate|insulation,high,What does insulate mean?,"단열[절연, 방음] 처리를 하다",etymology,974,DAY 30,2,섬(island),insul(= insula: island) + ate(접사) → 섬에 가두어 두다,주택 소유주들은 에너지 절약을 위해 자신들의 집을 단열 처리를 한다.,
2,30,insul/isol,섬(island),isolate,고립시키다,The man decided to isolate himself from society after his failure.,isolate|isolation,high,What does isolate mean?,고립시키다,etymology,975,DAY 30,2,섬(island),이탈리아어 isolato(=made into an island)에서 유래,실패 후에 그 남자는 스스로를 사회로부터 고립시키기로 결심했다.,
2,30,it,가다(go),exit,출구 v. 나가다,There was a fire exit on the second floor of the building.,exit,high,What does exit mean?,출구 v. 나가다,etymology,976,DAY 30,3,가다(go),ex(= out) + it(= go) → 밖으로 나가는 곳,그 빌딩 2층에 화재용 출구[비상구]가 있었다.,
2,30,it,가다(go),transit,"수송, 운송",It includes transit costs.,transit,high,What does transit mean?,"수송, 운송",etymology,977,DAY 30,3,가다(go),trans(= across) + it(= go) → 가로질러 가기,그것은 수송비를 포함하고 있다.,transit|transportation|shipping
2,30,it,가다(go),visit,방문하다,I went to visit relatives in California.,visit,high,What does visit mean?,방문하다,etymology,978,DAY 30,3,가다(go),라틴어 visitare(= go to see)에서 유래 → 가서 보다,나는 캘리포니아에 있는 친척을 방문하러 갔다.,
2,30,it,가다(go),initial,처음의,His initial reaction was to accept the offer.,initial,high,What does initial mean?,처음의,etymology,979,DAY 30,3,가다(go),in(= into) + it(= go) + ial(접사) → 안으로 들어가는,그의 첫 반응은 그 제의를 수락하는 것이었다.,
2,30,it,가다(go),initiate,"착수하다, 시작하다",The government will initiate a program of educational reform.,initiate|initiative,high,What does initiate mean?,"착수하다, 시작하다",etymology,980,DAY 30,3,가다(go),in(= into) + it(= go) + iate(접사) → 안으로 들어가다,정부가 교육 개혁 프로그램에 착수할 것이다.,
2,30,it,가다(go),ambition,야망,His burning ambition was to become a lawyer.,ambition|ambitious,high,What does ambition mean?,야망,etymology,981,DAY 30,3,가다(go),amb(= ambi: around) + it(= go) + ion(접사) → 돌아다니려고 하는 것,그의 불타는 야망은 변호사가 되는 것이었다.,
2,30,ject,던지다(throw),inject,주입하다,They used to inject food with chemicals to reduce decay.,inject|injection,high,What does inject mean?,주입하다,etymology,982,DAY 30,4,던지다(throw),in(= in) + ject(= throw) → 안으로 던지다,그들은 부패를 줄이기 위해 음식에 화학약품을 주입하곤 했다.,
2,30,ject,던지다(throw),object,"반대하다 n. 물건, 대상, 목적, 물체",Many people object to the building of the new harbor.,object|objection,high,What does object mean?,"반대하다 n. 물건, 대상, 목적, 물체",etymology,983,DAY 30,4,던지다(throw),ob(= against) + ject(= throw) → 반대로 던지다,많은 사람들이 그 새 항만 건설에 반대한다.,
2,30,ject,던지다(throw),subject,"주제, 과목, 국민 v. 지배하에 두다",He has many books on various subjects in his room.,subject,high,What does subject mean?,"주제, 과목, 국민 v. 지배하에 두다",etymology,984,DAY 30,4,던지다(throw),sub(= under) + ject(= throw) → 아래로 던져진 것,그는 자기 방에 다양한 주제에 관한 많은 책을 가지고 있다.,
2,30,ject,던지다(throw),project,"계획 n. 예상하다, 계획하다",A huge building project was opened to the public yesterday.,project,high,What does project mean?,"계획 n. 예상하다, 계획하다",etymology,985,DAY 30,4,던지다(throw),pro(= forward) + ject(= throw) → 앞으로 던져진 것,거대한 건설 계획이 어제 일반인들에게 공개되었다.,
2,30,ject,던지다(throw),reject,거절하다,The researcher decided to reject his proposal.,reject|rejection,high,What does reject mean?,거절하다,etymology,986,DAY 30,4,던지다(throw),re(= back) + ject(= throw) → 뒤로 던지다,그 연구원은 그의 제안을 거절하기로 결심했다.,
2,30,ject,던지다(throw),eject,쫓아내다,The police will eject the protesters from the building.,eject,high,What does eject mean?,쫓아내다,etymology,987,DAY 30,4,던지다(throw),e(= ex: out) + ject(= throw) → 밖으로 던지다,경찰이 그 빌딩에서 시위자들을 쫓아낼 것이다.,
2,30,join/junct,연결하다(join),adjoin,인접하다,The two factories adjoin each other.,adjoin,high,What does adjoin mean?,인접하다,etymology,988,DAY 30,5,연결하다(join),ad(= to) + join(연결하다) → ~에 연결하다,그 두 공장은 서로 인접해 있다.,
2,30,join/junct,연결하다(join),junction,"교차로, 연결 지점",The shop is near the junction of King’s Road and York Street.,junction,high,What does junction mean?,"교차로, 연결 지점",etymology,989,DAY 30,5,연결하다(join),junct(= join) + ion(접사) → 연결해주는 것,그 가게는 King’s Road와 York Street 교차로 근처에 있다.,
2,30,join/junct,연결하다(join),juncture,(일련의 사건에서 특정) 시점[단계],They reached a crucial juncture in their negotiations.,juncture,high,What does juncture mean?,(일련의 사건에서 특정) 시점[단계],etymology,990,DAY 30,5,연결하다(join),junct(= join) + ure(접사) → 연결된 것들 중 한 부분,그들은 협상에서 중대한 시점에 이르렀다.,
2,30,join/junct,연결하다(join),conjunction,"결합, 접속사",The police are investigating in conjunction with tax officers.,conjunction,high,What does conjunction mean?,"결합, 접속사",etymology,991,DAY 30,5,연결하다(join),con(= together) + junct(= join) + ion(접사) → 함께 연결함,경찰이 세무 직원들과 결합하여 수사하고 있다.,
2,30,jus/jur/jud,"옳은, 공정한(right, righteous)",just,"공정한, 적절한 ad. 바로, 지금 막, 단지",The judge made a just decision.,just,high,What does just mean?,"공정한, 적절한 ad. 바로, 지금 막, 단지",etymology,992,DAY 30,1,"옳은, 공정한(right, righteous)","고대 프랑스어 juste(= righteous)에서 유래 → 옳은, 공정한",판사는 공정한 결정을 내렸다.,
2,30,jus/jur/jud,"옳은, 공정한(right, righteous)",justify,"정당화하다, 옳다고 하다",The end justifies the means.,justify|justification,high,What does justify mean?,"정당화하다, 옳다고 하다",etymology,993,DAY 30,1,"옳은, 공정한(right, righteous)",jus(ti)(= juste: righteous) + fy(접사) → 정당화하다,목적은 수단을 정당화한다.,
2,30,jus/jur/jud,"옳은, 공정한(right, righteous)",adjust,"조정하다, 맞추다, 적응하다",Never adjust your seat while the vehicle is moving.,adjust|adjustment|adjustable,high,What does adjust mean?,"조정하다, 맞추다, 적응하다",etymology,994,DAY 30,1,"옳은, 공정한(right, righteous)",ad(= to) + jus(t)(= juste: right) → 올바른 쪽으로 가게 하다,차량이 움직이고 있는 동안 절대로 의자를 조정하지 마시오.,
2,30,jus/jur/jud,"옳은, 공정한(right, righteous)",justice,"정의, 공정, 사법, 재판","Insight, knowledge, and a strong sense of justice are needed.",justice,high,What does justice mean?,"정의, 공정, 사법, 재판",etymology,995,DAY 30,1,"옳은, 공정한(right, righteous)",jus(t)(= juste: righteous) + ice(접사) → 올바른[공정한] 상태,"통찰력, 지식, 그리고 강한 정의감이 필요하다.",
2,30,jus/jur/jud,"옳은, 공정한(right, righteous)",injure,"부상을 입히다, 손상시키다",He injured his back lifting a heavy box.,injure|injury,high,What does injure mean?,"부상을 입히다, 손상시키다",etymology,996,DAY 30,1,"옳은, 공정한(right, righteous)",in(= not) + jur(e)(= juste: righteous) → 옳지 않은 일을 하다 → 해를 끼치다,그는 무거운 상자를 들어 올리다 허리에 부상을 입었다.,
2,30,jus/jur/jud,"옳은, 공정한(right, righteous)",judge,"판단하다, 심사하다, 재판하다 n. 판사, 심사위원",We need to be careful how we judge others.,judge|judgment|judgmental,high,What does judge mean?,"판단하다, 심사하다, 재판하다 n. 판사, 심사위원",etymology,997,DAY 30,1,"옳은, 공정한(right, righteous)",고대 프랑스어 jugier(= judge)에서 유래 → 올바르게 판단하다,우리는 다른 사람들을 판단하는 방식에 주의를 기울일 필요가 있다.,
2,31,labor,"일, 일하다(work)",labor,"노동, 수고, 노력 v. 열심히 일하다, 노력하다, 고생하다",The market for labor comprises both a demand side and a supply side.,labor,high,What does labor mean?,"노동, 수고, 노력 v. 열심히 일하다, 노력하다, 고생하다",etymology,998,DAY 31,2,"일, 일하다(work)","고대 프랑스어 labor(= work)에서 유래 → 일, 노동",노동 시장은 수요 측면과 공급 측면으로 구성된다.,
2,31,labor,"일, 일하다(work)",laboratory,"실험실, 연구소","For many years, researchers have used animals in laboratory tests.",laboratory,high,What does laboratory mean?,"실험실, 연구소",etymology,999,DAY 31,2,"일, 일하다(work)",labor(a)(= work) + tory(접사) → 일을 하는 곳[장소],"수년 동안, 연구원들은 실험실 검사에서 동물들을 사용해 왔다.",
2,31,labor,"일, 일하다(work)",elaborate,"고심해서 만든, 정교한, 정성 들인 v. 자세히 말하다, 정교하게 만들다",Brian finally arrived and offered an elaborate excuse for being late.,elaborate|elaboration|elaborative,high,What does elaborate mean?,"고심해서 만든, 정교한, 정성 들인 v. 자세히 말하다, 정교하게 만들다",etymology,1000,DAY 31,2,"일, 일하다(work)","e(= ex: out, utterly) + labor(= work) + ate(접사) → 온 힘을 기울여 일하는",Brian은 마침내 도착했고 늦은 것에 대해 고심해서 만든 구실을 댔다.,
2,31,labor,"일, 일하다(work)",laborious,"힘든, 근면한, 애쓴 흔적이 보이는",Second language acquisition often seems like a laborious process.,laborious,high,What does laborious mean?,"힘든, 근면한, 애쓴 흔적이 보이는",etymology,1001,DAY 31,2,"일, 일하다(work)",labor(= work) + ious(접사) → 노동을 들인,제 2언어 습득은 흔히 힘든 과정처럼 보인다.,
2,31,lat,"가져오다, 나르다(bring, carry)",relate,"관련시키다, 이야기하다",It’s sometimes difficult to relate the cause to the effect.,relate|relation|relationship|relative|related,high,What does relate mean?,"관련시키다, 이야기하다",etymology,1002,DAY 31,3,"가져오다, 나르다(bring, carry)","re(= back, again) + lat(e)(= latus: bring, carry) → 다시 나르다 → 연결하다",때로 원인과 결과를 관련시키기가 어렵다.,
2,31,lat,"가져오다, 나르다(bring, carry)",superlative,"최고의, 최상의 n. 극치, 완벽",,superlative,high,What does superlative mean?,"최고의, 최상의 n. 극치, 완벽",etymology,1003,DAY 31,3,"가져오다, 나르다(bring, carry)",super(= beyond) + lat(= latus: carry) + ive(접사) → 위로 나른[들어 올린],His performance was superlative. 그의 공연은 최고였다.,
2,31,lat,"가져오다, 나르다(bring, carry)",correlate,"서로 연관[관련]시키다, ~ 사이의 상관관계를 입증하다",A lot of people correlate happiness with money.,correlate|correlation,high,What does correlate mean?,"서로 연관[관련]시키다, ~ 사이의 상관관계를 입증하다",etymology,1004,DAY 31,3,"가져오다, 나르다(bring, carry)","cor(= com: together) + re(= back, again) + lat(e)(= latus: bring, carry) → 함께 다시 연결하다",많은 사람들이 행복을 돈과 서로 연관시킨다.,
2,31,lat,"넓은(wide, broad)",latitude,"위도, 허용 범위[폭], 범위, 정도",,latitude,high,What does latitude mean?,"위도, 허용 범위[폭], 범위, 정도",etymology,1005,DAY 31,3,"넓은(wide, broad)","lat(i)(= latus: wide, broad) + tude(접사) → 기준점에서 얼마만큼 넓어졌는지에 대한 것",All places between the equator and the North Pole are at a northern latitude. 적도와 북극 사이에 있는 모든 지역은 북위에 있다.,the|longitude
2,31,lat,"넓은(wide, broad)",dilate,"커지다, 넓히다, 팽창시키다",Her eyes dilated with terror.,dilate,high,What does dilate mean?,"커지다, 넓히다, 팽창시키다",etymology,1006,DAY 31,3,"넓은(wide, broad)",di(= dis: apart) + lat(e)(= latus: wide) → 원래 크기에서 넓히다,그녀의 눈은 공포로 커졌다.,
2,31,lax/leas,느슨하게 하다(loosen),relax,"쉬다, 진정하다, 긴장을 풀다","I can’t breathe, so I have to sit down and relax.",relax|relaxation,high,What does relax mean?,"쉬다, 진정하다, 긴장을 풀다",etymology,1007,DAY 31,4,느슨하게 하다(loosen),re(= back) + lax(= laxare: loosen) → 다시 느슨해지다,나는 숨을 쉴 수가 없어서 앉아서 쉬어야겠어.,
2,31,lax/leas,느슨하게 하다(loosen),release,"해방시키다, 공개하다, 발매하다 n. 해방, 공개, 발매",Ben was released from a state of shock.,release,high,What does release mean?,"해방시키다, 공개하다, 발매하다 n. 해방, 공개, 발매",etymology,1008,DAY 31,4,느슨하게 하다(loosen),라틴어 relaxare(= loosen)에서 유래 → 풀어놓다,Ben은 충격의 상태에서 벗어났다.,
2,31,lect/lig,"모으다(gather), 선택하다(choose, select)",collect,"수집하다, 모으다, 징수하다",Spyware is a program that secretly collects data about a user.,collect|collection|collective,high,What does collect mean?,"수집하다, 모으다, 징수하다",etymology,1009,DAY 31,5,"모으다(gather), 선택하다(choose, select)",col(= com: together) + lect(= legere: gather) → 한데 모으다,스파이웨어는 비밀리에 사용자에 관한 자료를 수집하는 프로그램이다.,
2,31,lect/lig,"모으다(gather), 선택하다(choose, select)",recollect,"기억해 내다, 상기하다, 회상하다",She recollected what he had said to her two months ago.,recollect|recollection|recollective,high,What does recollect mean?,"기억해 내다, 상기하다, 회상하다",etymology,1010,DAY 31,5,"모으다(gather), 선택하다(choose, select)",re(= again) + col(= com: together) + lect(= legere: gather) → 다시 함께 모으다,그녀는 그가 자신에게 두 달 전에 말한 것을 기억해 냈다.,
2,31,lect/lig,"모으다(gather), 선택하다(choose, select)",neglect,"등한시하다, 간과하다, 게을리하다 n. 등한시, 무시, 태만",She frequently neglected her studies.,neglect|negligence|neglectful|negligent,high,What does neglect mean?,"등한시하다, 간과하다, 게을리하다 n. 등한시, 무시, 태만",etymology,1011,DAY 31,5,"모으다(gather), 선택하다(choose, select)",neg(= nec: not) + lect(= legere: select) → 선택하지 않다 → 무시하다,그녀는 빈번히 학업을 등한시했다.,disregard|ignore
2,31,lect/lig,"모으다(gather), 선택하다(choose, select)",intellect,"지성, 지력, 지식인","Nurses must nurture their intellect, creativity, and spirit.",intellect|intellectual|intellectually,high,What does intellect mean?,"지성, 지력, 지식인",etymology,1012,DAY 31,5,"모으다(gather), 선택하다(choose, select)",intel(= inter: between) + lect(= legere: choose) → 여러 가지 중에서 제대로 고르는 능력,"간호사는 자신의 지성, 창의성, 그리고 정신력을 함양해야 한다.",
2,31,lect/lig,"모으다(gather), 선택하다(choose, select)",diligence,"근면, 성실, 부지런함",The fruits of his diligence will appear.,diligence|diligent|diligently,high,What does diligence mean?,"근면, 성실, 부지런함",etymology,1013,DAY 31,5,"모으다(gather), 선택하다(choose, select)",di(= dis: apart) + lig(= legere: choose) + ence(접사) → 선택하여 따로 둠 → 사랑함 → (좋아하여 노력을) 부지런히 함,그의 근면의 결실이 나타날 것이다.,
2,31,lect/lig,"모으다(gather), 선택하다(choose, select)",eligible,"(조건이 맞아서) ~을 가질[할] 수 있는, 적임의, 자격이 있는","If you’re over 65, you’re eligible for a discount.",eligible|eligibility,high,What does eligible mean?,"(조건이 맞아서) ~을 가질[할] 수 있는, 적임의, 자격이 있는",etymology,1014,DAY 31,5,"모으다(gather), 선택하다(choose, select)",e(= ex: out) + lig(= legere: select) + ible(접사) → 선택하여 뽑아낼 수 있는,"65세가 넘는다면, 여러분은 할인을 받을 수 있다.",
2,31,lect/leg,읽다(read),lecture,"강의, 강연 v. 강의하다, 강연하다",She gave a lecture on modern art at our school.,lecture|lecturer,high,What does lecture mean?,"강의, 강연 v. 강의하다, 강연하다",etymology,1015,DAY 31,1,읽다(read),lect(= read) + ure(접사) → 배울 내용이나 정보를 읽어주는 것,그녀는 우리 학교에서 현대 미술에 대한 강연을 했다.,
2,31,lect/leg,읽다(read),legend,"전설, 전설적인 인물, (지도, 도표 등의) 범례",Do you know the legend of Robin Hood?,legend|legendary,high,What does legend mean?,"전설, 전설적인 인물, (지도, 도표 등의) 범례",etymology,1016,DAY 31,1,읽다(read),leg(= read) + end(접사) → 성스러운 장소에서 읽히던 성인(聖人)의 이야기,너는 Robin Hood의 전설을 아니?,
2,31,lect/leg,읽다(read),lesson,"학과, 수업, 교습, 교훈, (교과서의) 과(課)",He learned that lesson at a price.,lesson,high,What does lesson mean?,"학과, 수업, 교습, 교훈, (교과서의) 과(課)",etymology,1017,DAY 31,1,읽다(read),라틴어 legere(= read)에서 유래 → 학생들이 읽어야 할 어떤 것,그는 대가를 치르고 그 교훈을 배웠다.,
2,31,lect/leg,읽다(read),illegible,읽기[판독하기] 어려운,Her handwriting is totally illegible.,illegible|legible|legibility,high,What does illegible mean?,읽기[판독하기] 어려운,etymology,1018,DAY 31,1,읽다(read),il(= in: not) + leg(= read) + ible(접사) → 읽을 수 없는,그녀의 필체는 읽기가 매우 어렵다.,
2,31,leg,"법률(law), 위임하다(send with a commission)",legal,"법률의, 합법적인",,legal|legalize,high,What does legal mean?,"법률의, 합법적인",etymology,1019,DAY 31,2,"법률(law), 위임하다(send with a commission)",leg(= law) + al(접사) → 법에 관한,We have a legal right to vote. 우리는 투표할 법적인 권리를 가지고 있다.,
2,31,leg,"법률(law), 위임하다(send with a commission)",privilege,"특권, 특혜, 특전",You can enjoy all the privileges of the membership.,privilege,high,What does privilege mean?,"특권, 특혜, 특전",etymology,1020,DAY 31,2,"법률(law), 위임하다(send with a commission)",privi(= privus: individual) + leg(e)(= law) → 특정 개인의 권리를 옹호하는 법,여러분은 회원의 모든 특전을 누릴 수 있습니다.,benefit|profit|advantage
2,31,leg,"법률(law), 위임하다(send with a commission)",legitimate,"합법적인, 정당한, 타당한 v. 합법[정당]화하다",Is it legitimate to use animals in medical research?,legitimate|legitimacy,high,What does legitimate mean?,"합법적인, 정당한, 타당한 v. 합법[정당]화하다",etymology,1021,DAY 31,2,"법률(law), 위임하다(send with a commission)",leg(itim)(= law) + ate(접사) → 법에 의해 확정된,의학 연구에서 동물을 사용하는 것이 합법적인가?,
2,31,leg,"법률(law), 위임하다(send with a commission)",legislate,법률을 제정하다,They legislated against hunting certain animals.,legislate|legislation|legislative,high,What does legislate mean?,법률을 제정하다,etymology,1022,DAY 31,2,"법률(law), 위임하다(send with a commission)",leg(is)(= law) + lat(e)(= propose) → 법을 제안하다,그들은 특정 동물의 사냥을 금지하는 법을 제정했다.,
2,31,leg,"법률(law), 위임하다(send with a commission)",loyal,"충실한, 충성스러운",They appreciated her many years of loyal service to the company.,loyal|loyalty,high,What does loyal mean?,"충실한, 충성스러운",etymology,1023,DAY 31,2,"법률(law), 위임하다(send with a commission)",프랑스어 loial(= law abiding)에서 유래 → 법을 잘 지키는,그들은 그녀가 여러 해 동안 회사에 충실하게 복무한 것에 감사했다.,
2,31,leg,"법률(law), 위임하다(send with a commission)",legacy,"유물, 유산, (과거의) 흔적",The civil war left a legacy of hatred and fear.,legacy,high,What does legacy mean?,"유물, 유산, (과거의) 흔적",etymology,1024,DAY 31,2,"법률(law), 위임하다(send with a commission)",leg(= send with a commission) + acy(접사) → 다음 세대에게 위임한 것,그 내전은 증오와 두려움이라는 유산을 남겼다.,
2,31,leg,"법률(law), 위임하다(send with a commission)",colleague,(직장의) 동료,She was a colleague of mine at my old job.,colleague,high,What does colleague mean?,(직장의) 동료,etymology,1025,DAY 31,2,"법률(law), 위임하다(send with a commission)",col(= together) + le(a)g(ue)(= leg: send with a commission) → 직장에서 함께 일에 위임된 사람,그녀는 나의 옛 직장 동료이다.,
2,31,leg,"법률(law), 위임하다(send with a commission)",delegate,"대표, 특사, 대리인 v. (대표자로) 파견하다, 권한을 위임하다",Around 150 delegates participated in the conference.,delegate,high,What does delegate mean?,"대표, 특사, 대리인 v. (대표자로) 파견하다, 권한을 위임하다",etymology,1026,DAY 31,2,"법률(law), 위임하다(send with a commission)",de(= away) + leg(ate)(= send with a commission) → 일에 위임을 받고 멀리 보내진 사람,약 150명의 대표자들이 회의에 참석했다.,
2,31,lev/li(e)ve,"들어 올리다(raise), 가벼운(light)",elevate,"높이다, 승진시키다, 증가[향상]시키다, 기분을 좋게 하다",This exercise will elevate your heart rate.,elevate|elevator|elevation,high,What does elevate mean?,"높이다, 승진시키다, 증가[향상]시키다, 기분을 좋게 하다",etymology,1027,DAY 31,3,"들어 올리다(raise), 가벼운(light)","e(= ex: from, beyond) + lev(= raise) + ate(접사) → ~로부터 들어 올리다",이 운동이 여러분의 심장 박동수를 증가시킬 것이다.,
2,31,lev/li(e)ve,"들어 올리다(raise), 가벼운(light)",relieve,"(불안, 고통 등을) 덜어주다, 경감하다, 구제하다",Listening to music can relieve stress.,relieve|relief|relieved,high,What does relieve mean?,"(불안, 고통 등을) 덜어주다, 경감하다, 구제하다",etymology,1028,DAY 31,3,"들어 올리다(raise), 가벼운(light)",re(= again) + lieve(= raise) → 기분을 다시 올려주다,음악을 듣는 것은 스트레스를 줄여줄 수 있다.,
2,31,lev/li(e)ve,"들어 올리다(raise), 가벼운(light)",alleviate,"완화하다, 경감하다",The doctor tried to alleviate the patient’s suffering.,alleviate|alleviation,high,What does alleviate mean?,"완화하다, 경감하다",etymology,1029,DAY 31,3,"들어 올리다(raise), 가벼운(light)",al(= ad: to) + lev(i)(= light) + ate(접사) → 어떤 것을 가볍게 해주다,그 의사는 그 환자의 고통을 덜어주려고 애썼다.,
2,32,liber/liver,자유로운(free),liberate,"해방하다, 석방하다, 자유롭게 하다",Korea was liberated from Japan in 1945.,liberate|liberation,high,What does liberate mean?,"해방하다, 석방하다, 자유롭게 하다",etymology,1030,DAY 32,4,자유로운(free),liber(= free) + ate(접사) → 자유롭게 해주다,한국은 1945년 일본으로부터 해방되었다.,
2,32,liber/liver,자유로운(free),liberty,"자유, 해방, 특권, 방종",We are longing for peace and liberty.,liberty|liberal,high,What does liberty mean?,"자유, 해방, 특권, 방종",etymology,1031,DAY 32,4,자유로운(free),liber(= free) + ty(접사) → 자신이 선택한 것을 할 수 있는 자유,우리는 평화와 자유를 갈망하고 있다.,
2,32,liber/liver,자유로운(free),deliver,"배달하다, 말하다, (아이를) 분만[출산]하다",The supermarket delivers groceries for free.,deliver|delivery,high,What does deliver mean?,"배달하다, 말하다, (아이를) 분만[출산]하다",etymology,1032,DAY 32,4,자유로운(free),de(= away) + liver(= free) → ~에서부터 자유롭게 하다,그 슈퍼마켓은 식료품을 무료로 배달해준다.,
2,32,liber/liver,자유로운(free),deliberate,"고의의, 의도된, 사려 깊은, 신중한 v. 숙고하다, 신중히 생각하다",It was not a mistake; it was deliberate.,deliberate|deliberately|deliberation,high,What does deliberate mean?,"고의의, 의도된, 사려 깊은, 신중한 v. 숙고하다, 신중히 생각하다",etymology,1033,DAY 32,4,자유로운(free),de(= from) + liber(= free) + ate(접사) → ~에서부터 (많은) 생각을 풀어내는,"그것은 실수가 아니라, 고의적인 것이었다.",
2,32,lig/li/ly,"묶다(tie, bind)",obligation,"의무, 책임, 은혜",,obligation|oblige|obligatory,high,What does obligation mean?,"의무, 책임, 은혜",etymology,1034,DAY 32,5,"묶다(tie, bind)",ob(= to) + lig(a)(= bind) + tion(접사) → 어떤 일을 하도록 묶어두는 것,It’s an obligation to pay taxes. 세금을 내는 것은 의무이다.,
2,32,lig/li/ly,"묶다(tie, bind)",religion,"종교, 신앙생활, 신조",He can’t eat pork. It’s against his religion.,religion|religious,high,What does religion mean?,"종교, 신앙생활, 신조",etymology,1035,DAY 32,5,"묶다(tie, bind)",re(= back) + lig(= bind) + ion(접사) → 신과 인간을 다시 묶어주는 것[유대],그는 돼지고기를 먹을 수 없다. 그것은 그의 종교에 어긋나는 것이다.,
2,32,lig/li/ly,"묶다(tie, bind)",alliance,"(국가, 단체 등의) 동맹, 연합",The nation will make alliances with neighbors.,alliance|ally,high,What does alliance mean?,"(국가, 단체 등의) 동맹, 연합",etymology,1036,DAY 32,5,"묶다(tie, bind)",al(= ad: to) + li(bind) + ance(접사) → 함께 묶는 것,그 국가는 이웃나라들과 동맹을 맺을 것이다.,
2,32,lig/li/ly,"묶다(tie, bind)",rally,"대회, 집회, (주식 시장에서) 반등, 회복 v. 결집하다, 회복하다",There was a mass rally in support of the strike.,rally,high,What does rally mean?,"대회, 집회, (주식 시장에서) 반등, 회복 v. 결집하다, 회복하다",etymology,1037,DAY 32,5,"묶다(tie, bind)",r(= re: again) + ally(= alier: tie) → 사람들을 한 곳에 다시 모이게 하는 것,파업을 지지하는 대중 집회가 있었다.,
2,32,lig/li/ly,"묶다(tie, bind)",liable,"~에 대해 책임이 있는, ~하기 쉬운, ~할 것 같은",The company is liable for all damage.,liable,high,What does liable mean?,"~에 대해 책임이 있는, ~하기 쉬운, ~할 것 같은",etymology,1038,DAY 32,5,"묶다(tie, bind)",li(= bind) + able(접사) → 얽매이게 할 수 있는,그 회사는 모든 피해에 대해 법적 책임이 있다.,
2,32,lig/li/ly,"묶다(tie, bind)",liaison,"연락, 교섭, 접촉",A close liaison between the army and police is necessary.,liaison,high,What does liaison mean?,"연락, 교섭, 접촉",etymology,1039,DAY 32,5,"묶다(tie, bind)",프랑스어 liaison(= binding together)에서 유래 → 두 곳이 묶여 연결된 상태,군과 경찰의 긴밀한 연락이 필요하다.,
2,32,liter,글자(letter),literacy,문해력,He had poor literacy levels and was barely able to read.,literacy,high,What does literacy mean?,문해력,etymology,1040,DAY 32,1,글자(letter),liter(= letter) + acy(접사) → 글자를 읽을 수 있는 자질,그는 형편없는 문해력 수준을 갖고 있어서 간신히 읽을 수 있었다.,
2,32,liter,글자(letter),literature,"문학, 문헌",A plot is a collection of events in a work of literature.,literature,high,What does literature mean?,"문학, 문헌",etymology,1041,DAY 32,1,글자(letter),liter(= letter) + at(e)(접사) + ure(접사) → 글자로 만든 것,줄거리는 문학 작품에서 사건의 모음이다.,epic|folk|fable
2,32,liter,글자(letter),literate,"해박한, 읽고 쓸 수 있는",Many parents are highly media literate.,literate,high,What does literate mean?,"해박한, 읽고 쓸 수 있는",etymology,1042,DAY 32,1,글자(letter),liter(= letter) + ate(접사) → 글자를 읽을 수 있게 하는,많은 부모들이 상당히 미디어에 해박하다.,
2,32,loc,장소(place),local,"(특정한) 지역의, 고장의",We’ll visit a couple of local markets.,local,high,What does local mean?,"(특정한) 지역의, 고장의",etymology,1043,DAY 32,2,장소(place),loc(= place) + al(접사) → 장소의,우리는 지역 시장 두어 군데를 방문할 것이다.,
2,32,loc,장소(place),location,"장소, 위치, 부지","It’s a great house, but the location is not so great.",location,high,What does location mean?,"장소, 위치, 부지",etymology,1044,DAY 32,2,장소(place),loc(= locus: place) + ation(접사) → 장소를 선정하기,"그것은 좋은 집이지만, 위치가 별로 좋지 않다.",site|scene|spot|venue
2,32,loc,장소(place),allocation,"할당, 배당, 배치",Sugar is under allocation at present.,allocation|allocate,high,What does allocation mean?,"할당, 배당, 배치",etymology,1045,DAY 32,2,장소(place),al(= ad: to) + loc(= place) + ation(접사) → 장소에 두기,설탕은 현재 할당제이다.,
2,32,loc,장소(place),dislocate,"관절을 삐게 하다, 뒤죽박죽으로 만들다",The skier fell and dislocated a shoulder.,dislocate,high,What does dislocate mean?,"관절을 삐게 하다, 뒤죽박죽으로 만들다",etymology,1046,DAY 32,2,장소(place),dis(= not) + loc(= place) + ate(접사) → 장소에 두지 않다,스키 타는 사람은 넘어져서 한쪽 어깨의 관절이 삐었다.,
2,32,loc,장소(place),locomotion,"이동 (능력), 운동",A shark uses its fins for locomotion.,locomotion|locomotive,high,What does locomotion mean?,"이동 (능력), 운동",etymology,1047,DAY 32,2,장소(place),loco(= place) + motion(=move) → 장소를 옮기기,상어는 이동을 위해 자신의 지느러미를 사용한다.,
2,32,loc,장소(place),relocate,"이전하다, 재배치하다",The town is an ideal place to relocate the company.,relocate|relocation,high,What does relocate mean?,"이전하다, 재배치하다",etymology,1048,DAY 32,2,장소(place),re(= again) + loc(= place) + ate(접사) → 다시 위치시키다,그 마을은 회사를 이전할 이상적인 장소이다.,
2,32,loc,장소(place),collocation,연어(특정한 뜻을 나타낼 때 흔히 함께 쓰이는 단어들의 결합),‘Strong coffee’ is a collocation.,collocation,high,What does collocation mean?,연어(특정한 뜻을 나타낼 때 흔히 함께 쓰이는 단어들의 결합),etymology,1049,DAY 32,2,장소(place),col(= together) + loc(= place) + at(e)(접사) + ion(접사) → 같은 장소에서 일어나는 것,‘진한 커피’는 하나의 연어이다.,
2,32,log/logue/logy,"말(speech), 기술(account),",prologue,"서막, 프롤로그(연극, 책, 영화의 도입부), 서시",We hear of the hero’s plan in the prologue.,prologue|epilogue,high,What does prologue mean?,"서막, 프롤로그(연극, 책, 영화의 도입부), 서시",etymology,1050,DAY 32,3,"말(speech), 기술(account),",pro(= before) + logue(= speech) → 미리 하는 말,우리는 남자 주인공의 계획에 관해 서막에서 듣게 된다.,
2,32,log/logue/logy,"말(speech), 기술(account),",logic,"논리, 논법",The argument was based on sound logic.,logic|logical,high,What does logic mean?,"논리, 논법",etymology,1051,DAY 32,3,"말(speech), 기술(account),",log(= reason) + ic(접사) → 논리,그 주장은 탄탄한 논리에 근거했다.,
2,32,log/logue/logy,"말(speech), 기술(account),",ideology,"이념, 이데올로기, 관념",The author’s ideology is reflected in this work.,ideology|ideological,high,What does ideology mean?,"이념, 이데올로기, 관념",etymology,1052,DAY 32,3,"말(speech), 기술(account),","ideo(= idea) + logy(= science, study) → 생각을 이성적으로 표현한 것",그 작가의 이념이 이 작품에 반영되어 있다.,
2,32,log/logue/logy,"말(speech), 기술(account),",analogy,"유사점, 비유, 유추",He drew an analogy between the brain and a computer.,analogy,high,What does analogy mean?,"유사점, 비유, 유추",etymology,1053,DAY 32,3,"말(speech), 기술(account),","ana(= upon, according to) + logy(= science, study) → ~에 관한 말",그는 뇌와 컴퓨터 사이의 유사점을 끌어냈다.,
2,32,log/logue/logy,"말(speech), 기술(account),",catalogue,"카탈로그, 목록(= catalog)",I ordered a sofa from the catalogue.,catalogue,high,What does catalogue mean?,"카탈로그, 목록(= catalog)",etymology,1054,DAY 32,3,"말(speech), 기술(account),","cata(= down, completely: 완전히) + logue(= count) → 완전히 기록해 둠 n. 카탈로그, 목록(= catalog)",나는 그 카탈로그에서 소파를 하나 주문했다.,
2,32,log/logue/logy,"말(speech), 기술(account),",logo,"로고, (상표명, 회사명의) 의장(意匠) 문자",It’s the first new World Cup logo.,logo,high,What does logo mean?,"로고, (상표명, 회사명의) 의장(意匠) 문자",etymology,1055,DAY 32,3,"말(speech), 기술(account),",그리스어 logos(= a symbol)에서 유래 → 상징,그것은 첫 번째 새 월드컵 로고이다.,
2,32,log/logue/logy,"말(speech), 기술(account),",illogical,"논리적으로 설명할 수 없는, 비논리적인",He has an illogical fear of spiders.,illogical|illogically,high,What does illogical mean?,"논리적으로 설명할 수 없는, 비논리적인",etymology,1056,DAY 32,3,"말(speech), 기술(account),",il(= not) + log(= reason) + ical(접사) → 논리적이지 않은,그는 거미에 대해 논리적으로 설명할 수 없는 공포를 갖고 있다.,
2,32,long/ling,긴(long),prolong,"연장하다, 늘이다",They decided to prolong their trip.,prolong,high,What does prolong mean?,"연장하다, 늘이다",etymology,1057,DAY 32,4,긴(long),pro(= forth) + long → 앞으로 길게 하다,그들은 여행을 연장하기로 결정했다.,
2,32,long/ling,긴(long),elongate,"길게 하다, (잡아) 늘이다",The dough should have an elongated shape.,elongate,high,What does elongate mean?,"길게 하다, (잡아) 늘이다",etymology,1058,DAY 32,4,긴(long),e(= out) + long + ate(접사) → 길게 늘이다,그 반죽은 길게 만든 모양을 갖추어야 한다.,
2,32,long/ling,긴(long),longitude,"경도(經度), 경선",The nation’s capital is at longitude 21 degrees east.,longitude|latitude,high,What does longitude mean?,"경도(經度), 경선",etymology,1059,DAY 32,4,긴(long),long(i)(= long) + tude(접사) → 길게 늘인 상태 ▶ 위도 → 경도의 순서로 표기,그 나라의 수도는 동경 21도에 있다.,
2,32,long/ling,긴(long),longevity,"장수, 수명",We wish you health and longevity.,longevity,high,What does longevity mean?,"장수, 수명",etymology,1060,DAY 32,4,긴(long),long + ev(= aev: time) + ity(접사) → 길게 살기,우리는 당신의 건강과 장수를 기원합니다.,
2,32,long/ling,긴(long),belong,"속하다, 소유이다",He belongs to the political party.,belong|belongings,high,What does belong mean?,"속하다, 소유이다",etymology,1061,DAY 32,4,긴(long),be(= with a quality) + long(= longen: belong) → 속하다,그는 그 정당에 속한다.,
2,32,long/ling,긴(long),linger,"오래 머무르다, 떠나지 못하다",The event will linger long in our memory.,linger,high,What does linger mean?,"오래 머무르다, 떠나지 못하다",etymology,1062,DAY 32,4,긴(long),"고대 영어 lengan(= decay, prolong)에서 유래 → 오랫동안 머무르다",그 사건은 우리의 기억에서 오랫동안 머무를 것이다.,
2,32,long/ling,긴(long),magnitude,"크기, 양, 중대(성), 중요함",A 7.6 magnitude earthquake hit the region.,magnitude,high,What does magnitude mean?,"크기, 양, 중대(성), 중요함",etymology,1063,DAY 32,4,긴(long),magni(= great) + tude(접사) → 큰 상태,강도 7.6의 지진이 그 지역을 강타했다.,
2,32,long/ling,긴(long),magnify,"확대하다, 크게 보이게 하다",This microscope magnifies objects 200 times.,magnify|magnifier,high,What does magnify mean?,"확대하다, 크게 보이게 하다",etymology,1064,DAY 32,4,긴(long),magni(= great) + fy(접사) → 크게 하다,이 현미경은 물체를 200배 확대한다.,
2,32,long/ling,긴(long),magnificent,"장엄한, 훌륭한",The Taj Mahal is a magnificent building.,magnificent|magnificence,high,What does magnificent mean?,"장엄한, 훌륭한",etymology,1065,DAY 32,4,긴(long),magni(= great) + ficent(접사) → 크게 된,타지마할은 장엄한 건물이다.,
2,33,man/mani/manu,손(hand),emancipate,해방시키다,Lincoln emancipated the slaves.,emancipate|emancipation,high,What does emancipate mean?,해방시키다,etymology,1066,DAY 33,1,손(hand),e(= ex: out) + man(= hand) + cip(= seize: 움켜잡다) + ate(접사) → 손으로 움켜잡아 밖으로 내보내다 → 해방시키다,링컨은 노예를 해방시켰다.,
2,33,man/mani/manu,손(hand),manifest,"(감정, 태도, 특질을) 분명히 나타내다 a. 분명한",The shareholders manifested their intention to sell the shares.,manifest,high,What does manifest mean?,"(감정, 태도, 특질을) 분명히 나타내다 a. 분명한",etymology,1067,DAY 33,1,손(hand),mani(=manus: hand) + fest(= festus: strike) → 손으로 가격하다 → 자국이 분명하다,주주들은 주식을 팔려는 의도를 분명히 나타냈다.,
2,33,man/mani/manu,손(hand),manipulate,"조종하다, 다루다, 조작하다",The mayor knows how to manipulate public opinion.,manipulate|manipulation,high,What does manipulate mean?,"조종하다, 다루다, 조작하다",etymology,1068,DAY 33,1,손(hand),mani(= hand) + pul(= pulus: full) + ate(접사) → 손에 가득 움켜쥐다 → 조종하다,그 시장은 여론을 조종하는 법을 안다.,
2,33,man/mani/manu,손(hand),maneuver,"교묘히 다루다, 조종하다 n. 책략, 술책, 공작",Wheelchairs are often difficult to maneuver.,maneuver,high,What does maneuver mean?,"교묘히 다루다, 조종하다 n. 책략, 술책, 공작",etymology,1069,DAY 33,1,손(hand),라틴어 manu operari(manu(= hand) + operari(= operate))에서 유래 → 손으로 조작하다,휠체어는 흔히 조종하기가 어렵다.,
2,33,man/mani/manu,손(hand),manuscript,"원고, 필사본, 사본",I read his novels in manuscript.,manuscript,high,What does manuscript mean?,"원고, 필사본, 사본",etymology,1070,DAY 33,1,손(hand),manu(= hand) + script(=write) → 손으로 쓴 것,나는 그의 소설을 원고로 읽었다.,
2,33,man/mani/manu,손(hand),manual,"수동의, 육체 노동의 n. 소형 책자, 안내서",The car has a five-speed manual transmission.,manual,high,What does manual mean?,"수동의, 육체 노동의 n. 소형 책자, 안내서",etymology,1071,DAY 33,1,손(hand),manu(= hand) + al(접사) → 손의,그 차에는 5단 수동 변속기가 있다.,
2,33,mand,명령하다(order),command,"명령, 지휘, 통솔 v. 명령하다, 지휘하다",We all must obey the captain’s commands.,command,high,What does command mean?,"명령, 지휘, 통솔 v. 명령하다, 지휘하다",etymology,1072,DAY 33,2,명령하다(order),com(= completely) + mand(= order) → 완벽하게 내린 명령,우리 모두는 선장의 명령에 복종해야 한다.,order|instruct
2,33,mand,명령하다(order),demanding,"요구가 많은, 부담이 큰, 힘든",Police work is physically demanding and stressful.,demanding|demand,high,What does demanding mean?,"요구가 많은, 부담이 큰, 힘든",etymology,1073,DAY 33,2,명령하다(order),de(= completely) + mand(= order) + ing(접사) → 온전히 명령하는 → 요구가 많은,경찰 업무는 육체적으로 힘들고 스트레스가 많다.,
2,33,mand,명령하다(order),mandate,"명령하다, 권한을 주다 n. 위임, 권한",The law mandates that all passengers wear a seat belt.,mandate,high,What does mandate mean?,"명령하다, 권한을 주다 n. 위임, 권한",etymology,1074,DAY 33,2,명령하다(order),라틴어 mandatum(= order)에서 유래 → 명령하다,모든 승객이 안전벨트를 매야 한다고 그 법이 명령한다.,
2,33,medi,중간(middle),median,"중간값의, 중앙치의 n. 중앙값",What was the median price of a new home last month?,median,high,What does median mean?,"중간값의, 중앙치의 n. 중앙값",etymology,1075,DAY 33,3,중간(middle),medi(=middle) + an(접사) → 중간의,지난달 신규 주택의 중간 가격은 얼마였나요?,
2,33,medi,중간(middle),mediate,"중재[조정]하다, 화해시키다",Mother mediated in the quarrel between the two girls.,mediate|mediation,high,What does mediate mean?,"중재[조정]하다, 화해시키다",etymology,1076,DAY 33,3,중간(middle),medi(=middle) + ate(접사) → 중간에 있게 하다,어머니가 두 소녀들 사이의 싸움을 중재했다.,
2,33,medi,중간(middle),medieval,중세의 / a. 지중해의 n. 지중해,Medieval customs are still very influential in some parts of Europe.,medieval,high,What does medieval mean?,중세의 / a. 지중해의 n. 지중해,etymology,1077,DAY 33,3,중간(middle),medi(=middle) + ev(= aev: age) + al(접사) → 중간 시대의 → 중세의 medi(=middle) + terra(= land) + nean(접사) → 육지 중간에 있는,중세의 관습이 유럽의 일부 지역에서는 여전히 매우 영향력이 있다.,
2,33,medi,중간(middle),medium,"매개, 매체, 수단 a. 중간의",The Internet is the modern medium of communication.,medium,high,What does medium mean?,"매개, 매체, 수단 a. 중간의",etymology,1078,DAY 33,3,중간(middle),라틴어 medium(=middle)에서 유래 → 중간에 있는 것,인터넷은 현대적 통신 매체이다.,
2,33,medi,중간(middle),immediate,"당면한, 즉각적인",,immediate|immediacy,high,What does immediate mean?,"당면한, 즉각적인",etymology,1079,DAY 33,3,중간(middle),im(= not) + medi(=middle) + ate(접사) → 중간이 아닌 → 당면한,Our immediate concern is to help. 우리의 당면 관심사는 돕는 것이다.,
2,33,memor,"마음에 새겨 두는(mindful), 기억하는(remembering)",memory,"기억, 추억, (컴퓨터의) 기억 장치",After the accident he suffered from loss of memory.,memory|memorize,high,What does memory mean?,"기억, 추억, (컴퓨터의) 기억 장치",etymology,1080,DAY 33,4,"마음에 새겨 두는(mindful), 기억하는(remembering)",memor(= mindful) + y(접사) → 마음에 새겨 둔 것,그 사고 이후에 그는 기억 상실을 겪었다.,
2,33,memor,"마음에 새겨 두는(mindful), 기억하는(remembering)",commemorate,기념하다,We always commemorate her birthday.,commemorate|commemoration,high,What does commemorate mean?,기념하다,etymology,1081,DAY 33,4,"마음에 새겨 두는(mindful), 기억하는(remembering)",com(= together) + memor(= remembering) + ate(접사) → 함께 기억하다,우리는 그녀의 생일을 항상 기념한다.,
2,33,memor,"마음에 새겨 두는(mindful), 기억하는(remembering)",immemorial,"먼 옛날의, 태고의",Markets have been held here since time immemorial.,immemorial,high,What does immemorial mean?,"먼 옛날의, 태고의",etymology,1082,DAY 33,4,"마음에 새겨 두는(mindful), 기억하는(remembering)",im(= not) + memor(i)(=memoria: memory) + al(접사) → 마음에 새겨둘 수 없는 곳에서의,먼 옛날 적부터 여기에 시장이 열렸다.,
2,33,mens/meter,재다(measure),measure,"재다, 측정하다, 판단[평가]하다 n. 조치, 대책, 치수",It is difficult to measure the success of the system at this stage.,measure|measurement,high,What does measure mean?,"재다, 측정하다, 판단[평가]하다 n. 조치, 대책, 치수",etymology,1083,DAY 33,5,재다(measure),라틴어 mensura(=measurement)에서 유래 → 측정하다,이 단계에서는 그 시스템의 성공을 판단하기가 어렵다.,
2,33,mens/meter,재다(measure),dimension,"관점, 치수, 차원",His coaching has added another dimension to my game.,dimension|dimensional,high,What does dimension mean?,"관점, 치수, 차원",etymology,1084,DAY 33,5,재다(measure),di(= dis: away) + mens(=measure) + ion(접사) → 멀리 잼 → 관점,그의 지도가 내 경기에 또 다른 관점을 더해 주었다.,
2,33,mens/meter,재다(measure),immense,"엄청난, 어마어마한",They spent an immense amount of time practicing.,immense,high,What does immense mean?,"엄청난, 어마어마한",etymology,1085,DAY 33,5,재다(measure),im(= not) + mens(e)(=measure) → 잴 수 없을 만큼 많은,그들은 연습에 엄청난 양의 시간을 쏟았다.,
2,33,mens/meter,재다(measure),barometer,"기압계, (상황을 보여 주는) 지표",A barometer is used to measure the pressure of the atmosphere.,barometer,high,What does barometer mean?,"기압계, (상황을 보여 주는) 지표",etymology,1086,DAY 33,5,재다(measure),baro(= pressure) + meter(=measure) → 압력을 재는 기구,기압계는 기압을 재는 데 사용된다.,
2,33,mens/meter,재다(measure),thermometer,"온도계, 체온계",The thermometer registered 37˚C.,thermometer,high,What does thermometer mean?,"온도계, 체온계",etymology,1087,DAY 33,5,재다(measure),thermo(= heat) + meter(=measure) → 열을 재는 기구,온도계가 섭씨 37도를 기록했다.,
2,33,migr,이동하다(move),immigrate,"이민 오다, 이주해 오다",My family was allowed to immigrate to Korea.,immigrate|immigration,high,What does immigrate mean?,"이민 오다, 이주해 오다",etymology,1088,DAY 33,1,이동하다(move),im(= in) + migr(=move) + ate(접사) → 안으로 이동하다,우리 가족은 한국으로 이민 오는 것을 허가받았다.,
2,33,migr,이동하다(move),emigrate,"이민 가다, 이주해 가다",I plan to emigrate from Canada in July.,emigrate|emigration,high,What does emigrate mean?,"이민 가다, 이주해 가다",etymology,1089,DAY 33,1,이동하다(move),e(= ex: out) + migr(=move) + ate(접사) → 밖으로 이동하다,나는 7월에 캐나다를 떠나 이민 갈 계획이다.,
2,33,migr,이동하다(move),migratory,"이동하는, 이주하는",He makes maps of the migratory routes of birds in Asia.,migratory|migration,high,What does migratory mean?,"이동하는, 이주하는",etymology,1090,DAY 33,1,이동하다(move),migr(=move) + at(e)(접사) + ory(접사) → 이동하는,그는 새들이 아시아에서 이동하는 경로에 관한 지도를 제작한다.,
2,33,migr,이동하다(move),migrant,이주자,They entered the country as migrant workers.,migrant,high,What does migrant mean?,이주자,etymology,1091,DAY 33,1,이동하다(move),migr(=move) + ant(접사) → 이동한 사람,그들은 이주 노동자로서 그 나라에 입국했다,
2,33,min,돌출되다(project),eminent,저명한,Cathy is an eminent architect.,eminent,high,What does eminent mean?,저명한,etymology,1092,DAY 33,2,돌출되다(project),e(= ex: out) + min(= project) + ent(접사) → 밖으로 돌출된,Cathy는 저명한 건축가이다.,
2,33,min,돌출되다(project),prominent,"눈에 잘 띄는, 저명한",The store has a prominent position in the village.,prominent|prominence,high,What does prominent mean?,"눈에 잘 띄는, 저명한",etymology,1093,DAY 33,2,돌출되다(project),pro(= forward) + min(= project) + ent(접사) → 앞으로 돌출된,그 상점은 마을에서 눈에 잘 띄는 위치에 있다.,
2,33,min,돌출되다(project),imminent,임박한,An announcement about their wedding is imminent.,imminent,high,What does imminent mean?,임박한,etymology,1094,DAY 33,2,돌출되다(project),im(= in) + min(= project) + ent(접사) → 안에서 불쑥 나오는,그들의 결혼 발표가 임박했다.,
2,34,min/minut,작은(small),minor,"작은, 덜 중요한",There can be some minor changes to the plan.,minor|minority,high,What does minor mean?,"작은, 덜 중요한",etymology,1095,DAY 34,3,작은(small),라틴어 minor(= smaller: 더 작은)에서 유래,그 계획에 약간의 작은 변경들은 있을 수 있다.,
2,34,min/minut,작은(small),diminish,"줄다, 감소하다",His influence diminished when he was over 70.,diminish,high,What does diminish mean?,"줄다, 감소하다",etymology,1096,DAY 34,3,작은(small),di(= de: completely) + minish(=minuere: make small) → 아주 작게 만들다,그가 70세가 넘었을 때 그의 영향력이 줄어들었다.,
2,34,min/minut,작은(small),mince,"갈다, 저미다",I’ll buy lean meat and mince it myself.,mince,high,What does mince mean?,"갈다, 저미다",etymology,1097,DAY 34,3,작은(small),고대 프랑스어 mincier(=make into small pieces)에서 유래 → 작은 조각들로 만들다,나는 살코기를 사서 직접 갈 것이다.,
2,34,min/minut,작은(small),minute,"매우 작은, 미세한 n. (시간 단위의) 분",The toilet on the boat is minute.,minute,high,What does minute mean?,"매우 작은, 미세한 n. (시간 단위의) 분",etymology,1098,DAY 34,3,작은(small),라틴어 minutus(= small)에서 유래,그 배의 화장실은 매우 작다.,
2,34,min/minut,작은(small),miniature,축소 모형 a. 소형의,Lisa looks like a miniature of her mother.,miniature,high,What does miniature mean?,축소 모형 a. 소형의,etymology,1099,DAY 34,3,작은(small),min(i)(= small) + at(접사) + ure(접사) → 작은 것,Lisa는 자기 어머니의 축소 모형같이 생겼다.,
2,34,min/minut,작은(small),minimal,최소의,The survey was conducted at minimal cost.,minimal,high,What does minimal mean?,최소의,etymology,1100,DAY 34,3,작은(small),minim(= minimus: smallest) + al(접사) → 매우 작은,그 조사는 최소의 비용으로 수행되었다.,
2,34,min/minut,작은(small),minimum,최소,Costs of the business should be kept to a minimum.,minimum,high,What does minimum mean?,최소,etymology,1101,DAY 34,3,작은(small),라틴어 minimum(= smallest)에서 유래,그 사업의 비용은 최소로 유지되어야 한다.,
2,34,mir,놀라다(wonder),miracle,기적,It’s a miracle that he was not killed in the accident.,miracle|miraculous,high,What does miracle mean?,기적,etymology,1102,DAY 34,4,놀라다(wonder),mir(a)(= mirari: wonder) + cle(접사) → 놀라게 하는 것,그 사고에서 그가 목숨을 잃지 않은 것은 기적이다.,
2,34,mir,놀라다(wonder),admire,"존경하다, 감탄하다",I really admire your passion for art.,admire|admiration,high,What does admire mean?,"존경하다, 감탄하다",etymology,1103,DAY 34,4,놀라다(wonder),ad(= to) + mire(= mirari: wonder) → ~에 놀라다,나는 당신의 미술에 대한 열정을 정말로 존경합니다.,
2,34,mir,놀라다(wonder),mirage,신기루,Love is just like a mirage.,mirage,high,What does mirage mean?,신기루,etymology,1104,DAY 34,4,놀라다(wonder),mir(= mirari: wonder) + age(접사) → 놀라운 것,사랑은 마치 신기루와 같다.,
2,34,mir,놀라다(wonder),marvelous,"놀라운, 신기한",The clown showed several marvelous tricks on the stage.,marvelous,high,What does marvelous mean?,"놀라운, 신기한",etymology,1105,DAY 34,4,놀라다(wonder),고대 프랑스어 merveillos(=wonderful)에서 유래 → 놀랄 만한,그 광대는 무대 위에서 몇 가지의 놀라운 묘기를 보여 주었다.,
2,34,mit,보내다(send),admit,"인정하다, 입학을 허가하다",Don’t hesitate to admit your mistakes.,admit|admission,high,What does admit mean?,"인정하다, 입학을 허가하다",etymology,1106,DAY 34,5,보내다(send),ad(= to) + mit(= mittere: send) → 들여보내다,당신의 실수를 인정하기를 망설이지 마라.,
2,34,mit,보내다(send),commit,"저지르다, 약속하다",The man claimed that he didn’t commit the crime himself.,commit|commitment,high,What does commit mean?,"저지르다, 약속하다",etymology,1107,DAY 34,5,보내다(send),com(= together) + mit(= send) → 함께 보내다,그 남자는 자신이 직접 그 범행을 저지르지 않았다고 주장했다.,
2,34,mit,보내다(send),emit,"내뿜다, 배출하다",The engine emits heat outside.,emit|emission,high,What does emit mean?,"내뿜다, 배출하다",etymology,1108,DAY 34,5,보내다(send),e(= ex: out) + mit(= send) → 밖으로 보내다,그 엔진은 열기를 밖으로 내뿜는다.,
2,34,mit,보내다(send),omit,"빼다, 생략하다",He wondered why the coach decided to omit him from the team.,omit|omission,high,What does omit mean?,"빼다, 생략하다",etymology,1109,DAY 34,5,보내다(send),o(= ob: toward) + mit(= send) → 앞으로 내보내다,그는 왜 감독이 자신을 팀에서 빼기로 결정했는지 궁금했다.,skip|drop
2,34,mit,보내다(send),permit,"허락하다, 허가하다 n. 허가증",The museum doesn’t permit visitors to take photos.,permit|permission,high,What does permit mean?,"허락하다, 허가하다 n. 허가증",etymology,1110,DAY 34,5,보내다(send),per(= through) + mit(= send) → 통과해서 보내다,그 박물관은 방문객들이 사진을 찍는 것을 허락하지 않는다.,
2,34,mit,보내다(send),submit,"제출하다, 굴복하다",Contestants should submit the applications online.,submit|submission,high,What does submit mean?,"제출하다, 굴복하다",etymology,1111,DAY 34,5,보내다(send),sub(= under) + mit(= send) → 아래로 내려 보내다,대회 참가자들은 온라인으로 지원서를 제출해야 한다.,
2,34,mit,보내다(send),transmit,전송하다,The device is used to transmit data around the world.,transmit|transmission,high,What does transmit mean?,전송하다,etymology,1112,DAY 34,5,보내다(send),trans(= across) + mit(= send) → 가로질러 보내다,그 장비는 데이터를 전 세계에 전송하는 데 사용된다.,
2,34,mod/moder,"척도, 양식(measure, manner)",modify,"수정하다, 변경하다, 바꾸다",He modified the design to ease his burden.,modify|modification,high,What does modify mean?,"수정하다, 변경하다, 바꾸다",etymology,1113,DAY 34,1,"척도, 양식(measure, manner)","mod(=modus: measure, manner) + ify(접사) → 양식화하다",그는 자신의 부담을 덜기 위해 설계도를 수정했다.,
2,34,mod/moder,"척도, 양식(measure, manner)",modulate,"조절하다, (음색, 음조 등을) 바꾸다, 조정하다",He can modulate his voice to express various emotions.,modulate,high,What does modulate mean?,"조절하다, (음색, 음조 등을) 바꾸다, 조정하다",etymology,1114,DAY 34,1,"척도, 양식(measure, manner)","mod(=modus: measure, manner) + ul(접사) + ate(접사) → 기준[척도]에 맞추다",그는 다양한 감정을 표현하기 위해 자신의 목소리를 조절할 수 있다.,
2,34,mod/moder,"척도, 양식(measure, manner)",mode,"방식, 양식, 방법, 형태",The popularity and use of transportation modes will change over time.,mode,high,What does mode mean?,"방식, 양식, 방법, 형태",etymology,1115,DAY 34,1,"척도, 양식(measure, manner)","라틴어 modus(=measure, manner)에서 유래 → 양식, 방식",운송 방식의 인기와 이용은 시간이 흐르면서 변할 것이다.,
2,34,mod/moder,"척도, 양식(measure, manner)",modest,"겸손한, 보통의, 신중한",He was modest about his achievements and rarely mentioned them.,modest|modesty|modestly,high,What does modest mean?,"겸손한, 보통의, 신중한",etymology,1116,DAY 34,1,"척도, 양식(measure, manner)",라틴어 modestus(= keeping due measure)에서 유래 → 적절한 척도를 유지하는,그는 자신의 업적에 대해 겸손해서 좀처럼 그것들을 언급하지 않았다.,
2,34,mod/moder,"척도, 양식(measure, manner)",model,"모형, 모델, 본보기 v. 모형을 만들다, 설계하다",He showed us a model of the village which he had made.,model,high,What does model mean?,"모형, 모델, 본보기 v. 모형을 만들다, 설계하다",etymology,1117,DAY 34,1,"척도, 양식(measure, manner)","mod(=modus: measure, manner) + el(접사) → 양식화한 것",그는 자신이 만든 마을의 모형을 우리에게 보여 주었다,
2,34,mod/moder,"척도, 양식(measure, manner)",commodity,"상품, 일용품, 필수품",Some commodities become worthless after a certain time passes.,commodity,high,What does commodity mean?,"상품, 일용품, 필수품",etymology,1118,DAY 34,1,"척도, 양식(measure, manner)","com(intensive) + mod(=modus: measure, manner) + ity(접사) → 척도[규격]에 꼭 맞는 것",몇몇 상품은 어느 정도의 시간이 지난 후에 가치가 없어진다.,
2,34,mod/moder,"척도, 양식(measure, manner)",accommodate,"수용하다, 공간을 제공하다, 편의를 도모하다, 숙박시키다",The meeting space at the hotel can accommodate up to 250 people.,accommodate|accommodation,high,What does accommodate mean?,"수용하다, 공간을 제공하다, 편의를 도모하다, 숙박시키다",etymology,1119,DAY 34,1,"척도, 양식(measure, manner)","ac(= ad: to) + com(intensive) + mod(=modus: measure, manner) + ate(접사) → ~의 척도에 꼭 맞게 하다[적합하게 하다]",그 호텔의 회의 장소는 250명까지 수용할 수 있다.,
2,34,mod/moder,"척도, 양식(measure, manner)",moderate,"온화한, 보통의, 중간의, 온건한","During summer, the weather is moderate and pleasant.",moderate|moderation|moderately,high,What does moderate mean?,"온화한, 보통의, 중간의, 온건한",etymology,1120,DAY 34,1,"척도, 양식(measure, manner)",라틴어 moderari(= set a measure)에서 유래 → 척도에 맞는,여름 동안 날씨는 온화하고 쾌적하다.,
2,34,mod/moder,"척도, 양식(measure, manner)",modernize,"현대화하다, 근대화하다",They need funds to modernize the country’s educational system.,modernize|modernization|modern,high,What does modernize mean?,"현대화하다, 근대화하다",etymology,1121,DAY 34,1,"척도, 양식(measure, manner)","moder(n)(=modus: manner, measure) + ize(접사) → (현재의) 척도에 맞게 만들다",그들은 국가의 교육 체제를 현대화하기 위해 자금이 필요하다.,
2,34,mon,"생각나게 하다(remind), 경고하다(warn), 조언하다(advise)",monument,"기념물, 기념비, 유적, 현저한 사례",Hasbrouck House is preserved as a historic monument.,monument|monumental,high,What does monument mean?,"기념물, 기념비, 유적, 현저한 사례",etymology,1122,DAY 34,2,"생각나게 하다(remind), 경고하다(warn), 조언하다(advise)",mon(u)(=monere: remind) + ment(접사) → (과거를) 생각나게 하는 것,Hasbrouck House는 역사적인 기념물로 보존되어 있다.,
2,34,mon,"생각나게 하다(remind), 경고하다(warn), 조언하다(advise)",monster,"괴물, 괴상한 모양을 한 것",The monster disappeared below the lake.,monster,high,What does monster mean?,"괴물, 괴상한 모양을 한 것",etymology,1123,DAY 34,2,"생각나게 하다(remind), 경고하다(warn), 조언하다(advise)",라틴어 monere(=warn)를 어근으로 한 monstrum(=monster)에서 유래 → 경고하듯이 놀라게 하는 것,그 괴물은 호수 아래로 사라졌다.,
2,34,mon,"생각나게 하다(remind), 경고하다(warn), 조언하다(advise)",summon,"호출하다, 소환하다, 소집하다",He quickly reached the phone and summoned the police.,summon,high,What does summon mean?,"호출하다, 소환하다, 소집하다",etymology,1124,DAY 34,2,"생각나게 하다(remind), 경고하다(warn), 조언하다(advise)",sum(= sub: under) + mon(=monere: warn) → 아래로 불러 경고하다,그는 재빨리 전화기를 집어서 경찰을 호출했다.,
2,34,mon,"생각나게 하다(remind), 경고하다(warn), 조언하다(advise)",monitor,"감시 요원, 감시 장치, 화면 v. 추적 관찰하다, 감시하다",UN monitors were dispatched to the conflict zone.,monitor|monitorship,high,What does monitor mean?,"감시 요원, 감시 장치, 화면 v. 추적 관찰하다, 감시하다",etymology,1125,DAY 34,2,"생각나게 하다(remind), 경고하다(warn), 조언하다(advise)","mon(i)(=monere: advise, warn) + tor(접사) → 충고[경고]하는 행위자",유엔 감시 요원들은 그 분쟁 지대로 파견되었다.,
2,35,mot/mov/mob,움직이다(move),emotional,"정서의, 감정의, 감정적인",Emotional support is the most fundamental type of social support.,emotional|emotion|emotionally,high,What does emotional mean?,"정서의, 감정의, 감정적인",etymology,1126,DAY 35,3,움직이다(move),e(= ex: out) + mot(=movere: move) + ion(접사) + al(접사) → (안에서) 밖으로 움직이게 하는,정서적 지원은 사회적 지원의 가장 근본적인 유형이다.,
2,35,mot/mov/mob,움직이다(move),remote,"외진, 멀리 떨어진",I visited him recently in a remote forest area in Sumatra.,remote,high,What does remote mean?,"외진, 멀리 떨어진",etymology,1127,DAY 35,3,움직이다(move),"re(= back, away) + mot(e)(=movere: move) → 멀리 옮겨간",나는 최근에 Sumatra의 외진 숲속 지역에 있는 그를 방문했다.,
2,35,mot/mov/mob,움직이다(move),motive,"동기, 이유 a. 움직이게 하는, 원동력이 되는",They questioned the exact motive behind his request.,motive|motivate|motivation,high,What does motive mean?,"동기, 이유 a. 움직이게 하는, 원동력이 되는",etymology,1128,DAY 35,3,움직이다(move),mot(=movere: move) + ive(접사) → 움직이게 하는 것,그들은 그의 요구 뒤에 숨은 정확한 동기에 의문을 가졌다.,
2,35,mot/mov/mob,움직이다(move),locomotive,"기관차 a. 기관차의, 이동하는",This locomotive is now being repaired.,locomotive,high,What does locomotive mean?,"기관차 a. 기관차의, 이동하는",etymology,1129,DAY 35,3,움직이다(move),loco(= locus: place) + mot(=movere: move) + ive(접사) → 장소를 움직이게 하는 것,이 기관차는 지금 수리 중에 있다.,
2,35,mot/mov/mob,움직이다(move),motor,"전동기, 자동차 a. 움직이게 하는, 자동차(용)의",The motor failed and needed to be replaced.,motor,high,What does motor mean?,"전동기, 자동차 a. 움직이게 하는, 자동차(용)의",etymology,1130,DAY 35,3,움직이다(move),mo(=movere: move) + tor(접사) → 움직이는 것,그 전동기가 고장 나서 교체할 필요가 있었다.,
2,35,mot/mov/mob,움직이다(move),momentarily,"잠시, 곧, 금방",I paused momentarily in front of the doors.,momentarily|moment|momentary,high,What does momentarily mean?,"잠시, 곧, 금방",etymology,1131,DAY 35,3,움직이다(move),mo(=movere: move) + ment(접사) + ari(= ary: 접사) + ly(접사) → 움직이는 그때[순간적으로],나는 문 앞에서 잠시 멈췄다.,
2,35,mot/mov/mob,움직이다(move),move,"움직이다, 옮기다 n. 조치, 움직임",Peter moved slowly and then stopped again.,move|movement|motion,high,What does move mean?,"움직이다, 옮기다 n. 조치, 움직임",etymology,1132,DAY 35,3,움직이다(move),"라틴어 movere(=move, set in motion)에서 유래 → 움직이다",Peter는 천천히 움직이다가 다시 멈췄다.,
2,35,mot/mov/mob,움직이다(move),movie,영화,I didn’t want a career in the movie business.,movie,high,What does movie mean?,영화,etymology,1133,DAY 35,3,움직이다(move),mov(=movere: move) + ie(= y: 접사) → 움직이는 사진,나는 영화 사업에서의 경력을 원하지 않았다.,
2,35,mot/mov/mob,움직이다(move),mob,"군중, 무리","In October, an angry mob gathered in Paris.",mob,high,What does mob mean?,"군중, 무리",etymology,1134,DAY 35,3,움직이다(move),라틴어 mobile vulgus(= the movable common people)에서 유래 → (마음이 변하기 쉬운) 군중,10월에 화가 난 군중이 파리에 모였다.,
2,35,mut,바꾸다(change),commute,"통근하다, 정기적으로 왕복하다, 교환하다 n. 통근[통학] (거리)",Most individuals use public transport to commute to work.,commute,high,What does commute mean?,"통근하다, 정기적으로 왕복하다, 교환하다 n. 통근[통학] (거리)",etymology,1135,DAY 35,4,바꾸다(change),com(intensive) + mut(e)(=mutare: change) → 교환하다,대부분의 사람들은 통근하는 데 대중교통을 이용한다.,
2,35,mut,바꾸다(change),mutual,"상호 간의, 서로의, 공통의",Mutual understanding is important in any collaborative,mutual|mutually,high,What does mutual mean?,"상호 간의, 서로의, 공통의",etymology,1136,DAY 35,4,바꾸다(change),mut(u)(=mutare: change) + al(접사) → 교환되는,effort. 상호 간의 이해는 모든 공동의 노력에서 중요하다.,
2,35,nat,태어난(born),international,국제적인,What are the consequences for international trade flows?,international|internationally,high,What does international mean?,국제적인,etymology,1137,DAY 35,5,태어난(born),inter(= between) + nat(= born) + ion(접사) + al(접사) → 나라 간의,국제 무역 흐름에 미치는 결과는 무엇인가?,
2,35,nat,태어난(born),natural,"자연스러운, 자연의, 타고난",Fear is a natural reaction when startled or faced with the unknown.,natural|nature|naturally,high,What does natural mean?,"자연스러운, 자연의, 타고난",etymology,1138,DAY 35,5,태어난(born),nat(= born) + ur(= ure: 접사) + al(접사) → 태어날 때부터 가지고 있는,두려움은 미지의 것에 놀라거나 직면할 때의 자연스러운 반응이다.,
2,35,nat,태어난(born),native,"출생지의, 타고난, 원주민의 n. 원주민, 토착 동식물",He is a native speaker of Spanish.,native,high,What does native mean?,"출생지의, 타고난, 원주민의 n. 원주민, 토착 동식물",etymology,1139,DAY 35,5,태어난(born),"nat(= born) + ive(접사) → 태어난, 타고난",그는 스페인어를 모국어로 사용한다.,
2,35,nat,태어난(born),renaissance,"부흥, 부활, 문예 부흥",The signs of a renaissance of art began to appear.,renaissance,high,What does renaissance mean?,"부흥, 부활, 문예 부흥",etymology,1140,DAY 35,5,태어난(born),라틴어 renasci(= be born again)에서 유래 → 다시 태어난 것,예술 부흥의 전조가 나타나기 시작했다.,
3,35,naus/nav,"배(ship), 선원(sailor)",nausea,"뱃멀미, 메스꺼움, 구역질, 혐오",I experienced nausea when flying.,nausea,high,What does nausea mean?,"뱃멀미, 메스꺼움, 구역질, 혐오",etymology,1141,DAY 35,1,"배(ship), 선원(sailor)",naus(= ship) + ea(= ia: 질병을 나타내는 접사) → 배를 탈 때 생기는 병,나는 비행기를 탈 때 멀미를 느꼈다.,
3,35,naus/nav,"배(ship), 선원(sailor)",navy,"해군, 해군 군인",He joined the navy during World War II.,navy|naval,high,What does navy mean?,"해군, 해군 군인",etymology,1142,DAY 35,1,"배(ship), 선원(sailor)","nav(= ship, fleet) + y(접사) → 전쟁을 위한 함대",그는 제 2차 세계대전 동안 해군에 입대했다.,
3,35,naus/nav,"배(ship), 선원(sailor)",navigate,"항해하다, 길을 찾다, (인터넷에서) 돌아다니다","For thousands of years, sailors navigated by the stars.",navigate|navigation|navigator,high,What does navigate mean?,"항해하다, 길을 찾다, (인터넷에서) 돌아다니다",etymology,1143,DAY 35,1,"배(ship), 선원(sailor)",nav(i)(= ship) + gate(= agere: drive) → 배를 몰아서 나아가다,수천 년 동안 선원들은 별을 보고 항해했다.,
3,35,naus/nav,"배(ship), 선원(sailor)",circumnavigate,(배로) 일주하다,,circumnavigate|circumnavigation,high,What does circumnavigate mean?,(배로) 일주하다,etymology,1144,DAY 35,1,"배(ship), 선원(sailor)",circum(= around) + navigate(항해하다) → 어떤 곳을 모두 돌아다니다,The ship circumnavigated the world. 그 배는 세계를 일주했다.,
3,35,not,"적어두다(write down), 알다(know)",note,"주목하다, 언급하다 n. 짧은 편지, 메모, 쪽지, 주석",He should have noted my late arrival.,note|notable|noteworthy,high,What does note mean?,"주목하다, 언급하다 n. 짧은 편지, 메모, 쪽지, 주석",etymology,1145,DAY 35,2,"적어두다(write down), 알다(know)",not(e)(=write down) → 어떤 것을 주의 깊게 적어두다,그는 내가 늦게 도착한 것을 주목했어야 했다.,
3,35,not,"적어두다(write down), 알다(know)",notify,"통보하다, 신고하다, 알리다",Did you notify the police about the accident?,notify|notification,high,What does notify mean?,"통보하다, 신고하다, 알리다",etymology,1146,DAY 35,2,"적어두다(write down), 알다(know)",not(= know) + ify(접사) → 어떤 것에 대해 알게 해주다,당신은 그 사고를 경찰에 신고했나요?,
3,35,not,"적어두다(write down), 알다(know)",notice,"알아차리다, 주목하다 n. 주목, 주의, 통지, 예고",She didn’t notice that I got my hair cut.,notice|noticeable,high,What does notice mean?,"알아차리다, 주목하다 n. 주목, 주의, 통지, 예고",etymology,1147,DAY 35,2,"적어두다(write down), 알다(know)",라틴어 notitia(= knowing)에서 유래 → 뭔가 눈에 띄는 것을 알아내다,그녀는 내가 이발을 한 것을 알아차리지 못했다.,
3,35,not,"적어두다(write down), 알다(know)",notion,"관념, 개념, 생각, 의견",I agree with the notion that life is a voyage.,notion,high,What does notion mean?,"관념, 개념, 생각, 의견",etymology,1148,DAY 35,2,"적어두다(write down), 알다(know)",not(= know) + ion(접사) → 생각하는 행위,나는 삶이 항해라는 생각에 동의한다.,
3,35,not,"적어두다(write down), 알다(know)",notorious,악명 높은,The city is notorious for its high crime rate.,notorious,high,What does notorious mean?,악명 높은,etymology,1149,DAY 35,2,"적어두다(write down), 알다(know)","라틴어 notorius(= well-known, commonly known)에서 유래 → 대중들에게 널리 알려진",그 도시는 높은 범죄율로 악명이 높다.,renowned|celebrated|distinguished
3,35,nounc,"선언하다(declare), 보고하다(report)",announce,"발표[공표]하다, (방송으로) 알리다, 고지하다",He will announce his retirement at a press conference.,announce|announcement,high,What does announce mean?,"발표[공표]하다, (방송으로) 알리다, 고지하다",etymology,1150,DAY 35,3,"선언하다(declare), 보고하다(report)",an(= ad: to) + nounc(e)(= declare) → 사람들에게 소식을 알리다,그는 자신의 은퇴를 기자 회견에서 발표할 것이다.,
3,35,nounc,"선언하다(declare), 보고하다(report)",pronounce,"발음하다, (공식적으로) 표명하다, 선언하다",The ‘p’ in ‘receipt’ is not pronounced.,pronounce|pronunciation,high,What does pronounce mean?,"발음하다, (공식적으로) 표명하다, 선언하다",etymology,1151,DAY 35,3,"선언하다(declare), 보고하다(report)",pro(= before) + nounc(e)(= declare) → 사람들 앞에서 말하다,‘receipt’에서 ‘p’는 발음이 되지 않는다[묵음이다].,
3,35,nounc,"선언하다(declare), 보고하다(report)",denounce,"(맹렬히) 비난하다, 고발하다",You can’t denounce her without proof.,denounce|denunciation,high,What does denounce mean?,"(맹렬히) 비난하다, 고발하다",etymology,1152,DAY 35,3,"선언하다(declare), 보고하다(report)",de(= down) + nounc(e)(= report) → 좋지 않게 말하다[보고하다],당신은 증거 없이 그녀를 비난할 수 없다.,
3,35,nov,새로운(new),novel,"새로운, 신기한, 참신한, 기발한 n. 소설",Travel always gives me novel experiences.,novel|novelty,high,What does novel mean?,"새로운, 신기한, 참신한, 기발한 n. 소설",etymology,1153,DAY 35,4,새로운(new),"프랑스어의 nouvel(= new, fresh)에서 유래 → 새롭고 신선한",여행은 항상 나에게 새로운 경험을 준다.,new|original|fresh|up-to-date
3,35,nov,새로운(new),novice,"초심자, 초보자, 신출내기",She is a complete novice at skiing.,novice,high,What does novice mean?,"초심자, 초보자, 신출내기",etymology,1154,DAY 35,4,새로운(new),"라틴어 novicius(= newly imported, newly arrived slaves)에서 유래 → 새로 도착한 경험 없는 노예",그녀는 스키에 완전 초보자이다.,
3,35,nov,새로운(new),innovate,"혁신하다, 쇄신하다, 새로운 분야를 개척하다",The key to successful business is to innovate.,innovate|innovation,high,What does innovate mean?,"혁신하다, 쇄신하다, 새로운 분야를 개척하다",etymology,1155,DAY 35,4,새로운(new),in(= in) + nov(= new) + ate(접사) → 내부를 새롭게 만들다,성공적인 사업의 핵심은 혁신하는 것이다.,
3,35,nov,새로운(new),renovate,"(청소, 보수 개조로) 새롭게 하다, 수리하다, 활기를 되찾게 하다",He is planning to renovate his old house.,renovate|renovation,high,What does renovate mean?,"(청소, 보수 개조로) 새롭게 하다, 수리하다, 활기를 되찾게 하다",etymology,1156,DAY 35,4,새로운(new),re(= again) + nov(= new) + ate(접사) → 다시 새롭게 만들다,그는 자신의 오래된 집을 수리할 예정이다.,
3,35,nov,새로운(new),nova,"(천문) 신성(新星), 샛별",The nova suddenly increased greatly in brightness.,nova,high,What does nova mean?,"(천문) 신성(新星), 샛별",etymology,1157,DAY 35,4,새로운(new),라틴어 novus(= new star)에서 유래 → 새롭게 나온 별,그 신성은 갑자기 엄청나게 밝기를 증가시켰다.,
3,36,numer,"수(number), 계산하다(count)",numerous,"무수한, 다수의",She has numerous friends.,numerous,high,What does numerous mean?,"무수한, 다수의",etymology,1158,DAY 36,5,"수(number), 계산하다(count)",numer(= number) + ous(=many: 접사) → 수가 많은,그녀에게는 아주 많은 친구가 있다.,innumerable|manifold|plentiful
3,36,numer,"수(number), 계산하다(count)",enumerate,"열거하다, 낱낱이 세다",The reasons are too many to enumerate.,enumerate,high,What does enumerate mean?,"열거하다, 낱낱이 세다",etymology,1159,DAY 36,5,"수(number), 계산하다(count)",e(= ex: from) + numer(= number) + ate(접사) → 목록에서 하나하나 헤아려 내다,이유가 너무 많아 열거할 수가 없다,
3,36,numer,"수(number), 계산하다(count)",numeral,"숫자, 수사 a. 수의, 수를 나타내는",The Roman numeral for ‘10’ is ‘X.’,numeral,high,What does numeral mean?,"숫자, 수사 a. 수의, 수를 나타내는",etymology,1160,DAY 36,5,"수(number), 계산하다(count)",numer(= number) + al(접사) → 수를 나타내는 것,‘10’의 로마 숫자는 ‘X’이다.,
3,36,numer,"수(number), 계산하다(count)",numerical,"수의, 수와 관련된, 숫자로 나타낸",The files are organized in numerical order.,numerical,high,What does numerical mean?,"수의, 수와 관련된, 숫자로 나타낸",etymology,1161,DAY 36,5,"수(number), 계산하다(count)",numer(= number) + ical(접사) → 수로 이루어진,그 파일들은 번호순으로 정리되어 있다.,
3,36,nur/nour/nutr,"자양분을 주다(nourish), 먹이다(feed)",nurse,"간호사, 유모, 보모 v. 간호하다, 아이를 돌보다, 양육하다",The nurse took my blood pressure.,nurse|nursery,high,What does nurse mean?,"간호사, 유모, 보모 v. 간호하다, 아이를 돌보다, 양육하다",etymology,1162,DAY 36,6,"자양분을 주다(nourish), 먹이다(feed)",라틴어 nutrie(= nourish)에서 유래 → 아기를 기르는 엄마 → 아픈 사람을 돌보는 사람,간호사가 내 혈압을 쟀다.,
3,36,nur/nour/nutr,"자양분을 주다(nourish), 먹이다(feed)",nourish,"영양분을 주다, 기르다, 키우다",Rain and soil nourish plants.,nourish|nourishment,high,What does nourish mean?,"영양분을 주다, 기르다, 키우다",etymology,1163,DAY 36,6,"자양분을 주다(nourish), 먹이다(feed)",nour(= feed) + ish(접사) → 영양분을 주면서 기르다,비와 토양은 식물을 키운다.,
3,36,nur/nour/nutr,"자양분을 주다(nourish), 먹이다(feed)",nutrient,"영양소, 영양분",Plants absorb nutrients from soil.,nutrient,high,What does nutrient mean?,"영양소, 영양분",etymology,1164,DAY 36,6,"자양분을 주다(nourish), 먹이다(feed)",nutr(i)(= nourish) + ent(접사) → 양분을 공급해주는 물질,식물은 토양에서 양분을 흡수한다.,
3,36,nur/nour/nutr,"자양분을 주다(nourish), 먹이다(feed)",nutrition,"영양, 영양 섭취, 영양물",Proper nutrition is vital for good health.,nutrition|nutritious,high,What does nutrition mean?,"영양, 영양 섭취, 영양물",etymology,1165,DAY 36,6,"자양분을 주다(nourish), 먹이다(feed)",nutr(i)(= nourish) + tion(접사) → 영양분을 주는 것,적절한 영양 섭취는 양호한 건강 상태를 위해 아주 중요하다.,
3,36,oper,작동하다(work),opera,오페라,The soprano has the leading role in the opera.,opera,high,What does opera mean?,오페라,etymology,1166,DAY 36,1,작동하다(work),라틴어 operari(= a work)에서 유래 → 작품,그 소프라노는 오페라에서 주연을 맡고 있다.,
3,36,oper,작동하다(work),operate,"작동하다[되다], 다루다",Read the manual before you operate the machine.,operate|operator,high,What does operate mean?,"작동하다[되다], 다루다",etymology,1167,DAY 36,1,작동하다(work),oper(= operari: work) + ate(접사) → 작동하다,그 기계를 작동하기 전에 사용 설명서를 읽어라.,
3,36,oper,작동하다(work),inoperable,"수술 불가능한, 작동[실행]할 수 없는",Doctors say her case is inoperable.,inoperable,high,What does inoperable mean?,"수술 불가능한, 작동[실행]할 수 없는",etymology,1168,DAY 36,1,작동하다(work),in(= not) + oper(= operari: work) + able(접사) → 실행할 수 없는,의사들은 그녀의 경우는 수술이 불가능하다고 말한다.,
3,36,ordin,"질서(order), 계급(rank), 규제하다(regulate)",ordinary,"보통의, 정규의, 평범한",He writes stories about ordinary people.,ordinary,high,What does ordinary mean?,"보통의, 정규의, 평범한",etymology,1169,DAY 36,2,"질서(order), 계급(rank), 규제하다(regulate)",ordin(= order) + ary(접사) → 질서와 관련된,그는 보통 사람들에 대한 이야기를 쓴다.,
3,36,ordin,"질서(order), 계급(rank), 규제하다(regulate)",subordinate,"종속된, 아래의 n. 부하",All the other issues are subordinate to this one.,subordinate,high,What does subordinate mean?,"종속된, 아래의 n. 부하",etymology,1170,DAY 36,2,"질서(order), 계급(rank), 규제하다(regulate)",sub(= under) + ordin(= order) + ate(접사) → 계급이 아래인 상태,모든 다른 사안들은 이 사안에 종속되어 있다.,
3,36,ordin,"질서(order), 계급(rank), 규제하다(regulate)",order,"순서, 질서, 명령, 주문 v. 명령하다, 주문하다",,order|orderly,high,What does order mean?,"순서, 질서, 명령, 주문 v. 명령하다, 주문하다",etymology,1171,DAY 36,2,"질서(order), 계급(rank), 규제하다(regulate)",라틴어 ordin(= order)에서 유래 → 질서,The documents are not in order. 그 서류들은 순서대로 되어 있지 않다.,
3,36,ordin,"질서(order), 계급(rank), 규제하다(regulate)",disorder,"혼란, 무질서, (신체 기능의) 장애",The meeting fell into disorder and became a mess.,disorder,high,What does disorder mean?,"혼란, 무질서, (신체 기능의) 장애",etymology,1172,DAY 36,2,"질서(order), 계급(rank), 규제하다(regulate)","dis(= away, off) + order → 질서를 없애다",그 회의는 혼란으로 빠져 난장판이 되었다.,
3,36,ordin,"질서(order), 계급(rank), 규제하다(regulate)",inordinate,"과도한, 터무니없는",They spend an inordinate amount of time talking.,inordinate,high,What does inordinate mean?,"과도한, 터무니없는",etymology,1173,DAY 36,2,"질서(order), 계급(rank), 규제하다(regulate)",in(= not) + ordin(= order) + ate(접사) → 질서에 맞지 않는,그들은 이야기하느라 과도한 시간을 보낸다.,
3,36,par,"정돈하다(arrange), 준비하다(get ready)",parade,퍼레이드 v. 퍼레이드 하다,The people are marching in a parade.,parade,high,What does parade mean?,퍼레이드 v. 퍼레이드 하다,etymology,1174,DAY 36,3,"정돈하다(arrange), 준비하다(get ready)",par(= parere: get ready) + ade(접사) → 준비된 대로 하는 것,사람들이 퍼레이드에서 행진하고 있다.,
3,36,par,"정돈하다(arrange), 준비하다(get ready)",prepare,"준비하다, 마련하다",We prepare students for a career in business.,prepare|preparation,high,What does prepare mean?,"준비하다, 마련하다",etymology,1175,DAY 36,3,"정돈하다(arrange), 준비하다(get ready)",pre(= before) + par(e)(= parere: get ready) → 미리 준비하다,우리는 학생들이 사업 분야의 일을 할 수 있도록 준비시킨다.,
3,36,par,"정돈하다(arrange), 준비하다(get ready)",inseparable,"떼어낼[떨어질] 수 없는, 불가분의",Music is an inseparable part of his life.,inseparable,high,What does inseparable mean?,"떼어낼[떨어질] 수 없는, 불가분의",etymology,1176,DAY 36,3,"정돈하다(arrange), 준비하다(get ready)",in(= not) + se(= apart) + par(= parere: arrange) + able(접사) → 분리하여 놓을 수 없는,음악은 그의 인생에서 떼어낼 수 없는 부분이다.,
3,36,par,"정돈하다(arrange), 준비하다(get ready)",compare,"비교하다, 비유하다",Let’s compare the plan with the results.,compare|comparison,high,What does compare mean?,"비교하다, 비유하다",etymology,1177,DAY 36,3,"정돈하다(arrange), 준비하다(get ready)",com(= together) + par(e)(= parere: arrange) → 함께 두고 보다,계획과 결과를 비교해 보자.,
3,36,par,"정돈하다(arrange), 준비하다(get ready)",repair,"수리[수선]하다, 되찾다 n. 수리, 수선",It’ll take two days to repair the machine.,repair,high,What does repair mean?,"수리[수선]하다, 되찾다 n. 수리, 수선",etymology,1178,DAY 36,3,"정돈하다(arrange), 준비하다(get ready)",re(= again) + pair(= parere: get ready) → 다시 준비하다,그 기계를 수리하는 데 이틀이 걸릴 것이다.,
3,36,par,"정돈하다(arrange), 준비하다(get ready)",apparatus,"(한 벌의) 장치, 기기",She turned off the light with a wireless apparatus.,apparatus,high,What does apparatus mean?,"(한 벌의) 장치, 기기",etymology,1179,DAY 36,3,"정돈하다(arrange), 준비하다(get ready)",ap(= to) + par(a)(= parere: get ready) + tus(접사) → 준비된 한 벌의 장치,그녀는 무선 장치로 전등을 껐다.,
3,36,par,동등한(equal),parity,"동등, 동격",Gender parity includes equal participation and leadership.,parity,high,What does parity mean?,"동등, 동격",etymology,1180,DAY 36,3,동등한(equal),par(= equal) + ity(접사) → 동등함,양성 평등은 동등한 참여와 리더십을 포함한다.,
3,36,par,동등한(equal),peer,"또래, 동료",Teens place great importance on their peer group.,peer,high,What does peer mean?,"또래, 동료",etymology,1181,DAY 36,3,동등한(equal),라틴어 par(= equal)에서 유래 → 같은 것,십 대는 자신의 또래 집단에 큰 중요성을 부여한다.,
3,36,par,동등한(equal),disparity,"불일치, 불균형",There is a disparity between his actions and his words.,disparity,high,What does disparity mean?,"불일치, 불균형",etymology,1182,DAY 36,3,동등한(equal),dis(= away) + par(= equal) + ity(접사) → 동등함과 거리가 먼 것,그의 행동과 말 사이에 불일치가 있다.,
3,36,part,"나누다(divide), 부분(part), 분리하다(separate)",apart,"떨어져서, 떨어지게 하여",Place your feet apart and your arms at your sides.,apart,high,What does apart mean?,"떨어져서, 떨어지게 하여",etymology,1183,DAY 36,4,"나누다(divide), 부분(part), 분리하다(separate)",a(= ad: to) + part(= separate) → 떨어져 있는,양 발을 벌리고 양 팔을 옆구리에 대세요.,
3,36,part,"나누다(divide), 부분(part), 분리하다(separate)",depart,"출발하다, 떠나다",The plane will depart at its scheduled time.,depart|departure,high,What does depart mean?,"출발하다, 떠나다",etymology,1184,DAY 36,4,"나누다(divide), 부분(part), 분리하다(separate)","de(= away, off) + part(= separate) → 떠나다",그 비행기는 예정된 시간에 출발할 것이다.,
3,36,part,"나누다(divide), 부분(part), 분리하다(separate)",partial,"부분적인, 불완전한, 편파적인",She has only partial knowledge of the matter.,partial,high,What does partial mean?,"부분적인, 불완전한, 편파적인",etymology,1185,DAY 36,4,"나누다(divide), 부분(part), 분리하다(separate)",part(i)(= divide) + al(접사) → 나누는,그녀는 그 일에 대해 부분적으로만 알고 있을 뿐이다.,
3,36,part,"나누다(divide), 부분(part), 분리하다(separate)",partisan,"신봉자, 당파성이 강한 사람 a. 당파성이 강한",He was a warm partisan of this group.,partisan,high,What does partisan mean?,"신봉자, 당파성이 강한 사람 a. 당파성이 강한",etymology,1186,DAY 36,4,"나누다(divide), 부분(part), 분리하다(separate)",part(= divide) + isan(= ezan: person) → 나뉜 곳에 소속된 구성원,그는 이 집단의 열렬한 신봉자였다.,
3,36,part,"나누다(divide), 부분(part), 분리하다(separate)",impartial,"공평한, 편견 없는",A trial must be fair and impartial.,impartial,high,What does impartial mean?,"공평한, 편견 없는",etymology,1187,DAY 36,4,"나누다(divide), 부분(part), 분리하다(separate)",im(= not) + part(i)(= divide) + al(접사) → 나뉘지 않은,재판은 공정하고 공평해야 한다.,
3,36,part,"나누다(divide), 부분(part), 분리하다(separate)",particle,"작은 입자, 미립자",A molecule is an elementary particle.,particle,high,What does particle mean?,"작은 입자, 미립자",etymology,1188,DAY 36,4,"나누다(divide), 부분(part), 분리하다(separate)",part(= divide) + (i)cle(작은 것) → 나뉘어진 작은 것,분자는 기본적인 성질을 지닌 작은 입자이다.,
3,36,part,"나누다(divide), 부분(part), 분리하다(separate)",compartment,"칸막이 된 곳, 구획, 칸막이 방",Place the bags into the overhead compartment.,compartment,high,What does compartment mean?,"칸막이 된 곳, 구획, 칸막이 방",etymology,1189,DAY 36,4,"나누다(divide), 부분(part), 분리하다(separate)",com(= thoroughly) + part(= divide) + ment(접사) → 완전히 나뉜 것,머리 위의 짐칸에 그 가방들을 넣어라.,
3,36,part,"나누다(divide), 부분(part), 분리하다(separate)",portion,"(작은) 일부, 1인분",A portion of the budget is spent on software.,portion,high,What does portion mean?,"(작은) 일부, 1인분",etymology,1190,DAY 36,4,"나누다(divide), 부분(part), 분리하다(separate)",라틴어 portion(= part)에서 유래 → 부분,그 예산의 작은 일부가 소프트웨어에 사용된다.,
3,36,part,"나누다(divide), 부분(part), 분리하다(separate)",apartment,"아파트, 셋방",We’re looking for an apartment with two bedrooms.,apartment,high,What does apartment mean?,"아파트, 셋방",etymology,1191,DAY 36,4,"나누다(divide), 부분(part), 분리하다(separate)",a(= ad: to) + part(= divide) + ment(접사) → 나눈 것,우리는 침실이 두 개인 아파트를 찾고 있다.,
3,36,part,"나누다(divide), 부분(part), 분리하다(separate)",parcel,"소포, 꾸러미 (= package)","Put the parcel on the scale, please.",parcel,high,What does parcel mean?,"소포, 꾸러미 (= package)",etymology,1192,DAY 36,4,"나누다(divide), 부분(part), 분리하다(separate)","중세 프랑스어 parcelle(= small piece)에서 유래 → 나뉜 작은 것 n. 소포, 꾸러미 (= package)",그 소포를 저울 위에 올려놓으세요.,
3,37,pass,걸음(step),passage,"통로, 통행, 통과, (책의) 구절, (음악의) 악절",There was a fork at the end of the passage.,passage,high,What does passage mean?,"통로, 통행, 통과, (책의) 구절, (음악의) 악절",etymology,1193,DAY 37,5,걸음(step),pass(= step) + age(접사) → 통과하는 행동,통로의 끝에 길이 갈라지는 곳이 있었다.,
3,37,pass,걸음(step),encompass,"망라하다, 둘러[에워]싸다",This work encompasses a number of themes.,encompass,high,What does encompass mean?,"망라하다, 둘러[에워]싸다",etymology,1194,DAY 37,5,걸음(step),en(= cause: 하게 하다) + com(= together) + pass(= step) → 전체를 모두 둘러싸다,이 일은 많은 주제들을 망라한다.,
3,37,pass,걸음(step),compass,"나침반, (제도용) 컴퍼스",The North Star has been used as a kind of compass.,compass,high,What does compass mean?,"나침반, (제도용) 컴퍼스",etymology,1195,DAY 37,5,걸음(step),com(= together) + pass(= step) → 전체를 돌다,북극성은 일종의 나침반으로 사용되어 왔다.,
3,37,pass,걸음(step),password,"비밀번호, 암호",Enter a username and password to log in.,password,high,What does password mean?,"비밀번호, 암호",etymology,1196,DAY 37,5,걸음(step),pass(= step) + word → 지나가게 하는 말,로그인 하려면 사용자 이름과 비밀번호를 입력하시오,
3,37,pass,걸음(step),passenger,"승객, 여객",Each train on Line 5 has 10 passenger cars.,passenger,high,What does passenger mean?,"승객, 여객",etymology,1197,DAY 37,5,걸음(step),고대 프랑스어 passagier(= passer-by)에서 유래 → 지나가는 사람,5호선의 각 열차에는 열 칸의 객차가 있다.,
3,37,pass/pati/path,"겪다(suffer), 느끼다(feel), 참다(endure)",passion,"열정, 애착, 열광",He and his wife shared a passion for classical music.,passion|passionate,high,What does passion mean?,"열정, 애착, 열광",etymology,1198,DAY 37,1,"겪다(suffer), 느끼다(feel), 참다(endure)",pass(= pati: suffer) + ion(접사) → 고난을 겪는 길 → 열정,그와 그의 아내는 고전 음악에 대한 열정을 공유했다.,
3,37,pass/pati/path,"겪다(suffer), 느끼다(feel), 참다(endure)",passive,"수동적인, 소극적인",His passive attitude made me even angrier.,passive|passivity,high,What does passive mean?,"수동적인, 소극적인",etymology,1199,DAY 37,1,"겪다(suffer), 느끼다(feel), 참다(endure)",pass(= pati: endure) + ive(접사) → 참으려고 하는,그의 수동적인 태도가 나를 훨씬 더 화나게 만들었다.,
3,37,pass/pati/path,"겪다(suffer), 느끼다(feel), 참다(endure)",patient,참을성[인내심] 있는 n. 환자,Be more patient and wait until I’m finished.,patient|patience,high,What does patient mean?,참을성[인내심] 있는 n. 환자,etymology,1200,DAY 37,1,"겪다(suffer), 느끼다(feel), 참다(endure)",pati(= endure) + ent(접사) → 참는,인내심을 더 갖고 내가 끝날 때까지 기다려라.,
3,37,pass/pati/path,"겪다(suffer), 느끼다(feel), 참다(endure)",compatible,"양립[공존]할 수 있는, 호환이 되는",The following items are not compatible with Windows 2010.,compatible,high,What does compatible mean?,"양립[공존]할 수 있는, 호환이 되는",etymology,1201,DAY 37,1,"겪다(suffer), 느끼다(feel), 참다(endure)",com(= together) + pati(= suffer) + (i)ble(접사) → 동시에 겪을 수 있는,다음 항목들은 Windows 2010과 호환되지 않는다.,
3,37,pass/pati/path,"겪다(suffer), 느끼다(feel), 참다(endure)",pathos,"연민을 자아내는 힘, 비애감",The opera’s pathos will break your heart.,pathos,high,What does pathos mean?,"연민을 자아내는 힘, 비애감",etymology,1202,DAY 37,1,"겪다(suffer), 느끼다(feel), 참다(endure)","그리스어 pathos(= suffering, feeling)에서 유래 → 연민을 느낌",그 오페라의 비애감이 여러분의 마음을 아프게 할 것이다.,
3,37,pass/pati/path,"겪다(suffer), 느끼다(feel), 참다(endure)",empathy,"감정 이입, 공감",A good nurse develops empathy between herself and the patient.,empathy|empathic,high,What does empathy mean?,"감정 이입, 공감",etymology,1203,DAY 37,1,"겪다(suffer), 느끼다(feel), 참다(endure)",em(= en: in) + path(= feel) + y(= ia: 접사) → 감정을 쏟아 넣는,훌륭한 간호사는 자신과 환자 사이에 감정 이입을 발전시킨다.,
3,37,pass/pati/path,"겪다(suffer), 느끼다(feel), 참다(endure)",telepathic,"정신 감응[텔레파시]의, 이심전심의",How did he know that? - He must be telepathic.,telepathic|telepathy,high,What does telepathic mean?,"정신 감응[텔레파시]의, 이심전심의",etymology,1204,DAY 37,1,"겪다(suffer), 느끼다(feel), 참다(endure)",tele(= distant) + path(y)(= feeling) + ic(접사) → 먼 거리에서 느끼는,그가 그것을 어떻게 알았지? - 그는 이심전심인 게 틀림없어.,
3,37,patr/pater,아버지(father),patriot,애국자,The early American patriots attained freedom.,patriot|patriotic|patriotism,high,What does patriot mean?,애국자,etymology,1205,DAY 37,2,아버지(father),라틴어 patriota(= fellow-countryman: 동포)에서 유래 → 동포들을 생각하는 사람,미국 초기의 애국자들은 자유를 쟁취했다.,
3,37,patr/pater,아버지(father),patron,"(화가, 작가 등에 대한) 후원자, (특정 상점, 식당 등의) 고객",Leo X was the patron of many artists.,patron,high,What does patron mean?,"(화가, 작가 등에 대한) 후원자, (특정 상점, 식당 등의) 고객",etymology,1206,DAY 37,2,아버지(father),"라틴어 patronus(= defender, protector)에서 유래 → 아버지처럼 보호해 주는 사람",Leo 10세는 많은 화가들의 후원자였다.,
3,37,patr/pater,아버지(father),paternal,"아버지의, 아버지 같은, 부계의",My father’s father is my paternal grandfather.,paternal,high,What does paternal mean?,"아버지의, 아버지 같은, 부계의",etymology,1207,DAY 37,2,아버지(father),pater(= father) + n(= nus: 접사) + al(접사) → 아버지의,나의 아버지의 아버지는 내게 친할아버지이다.,
3,37,ped/pod,발(foot),pedal,"(자전거, 자동차 등의) 페달 v. 페달을 밟다",This sewing machine is operated by a foot pedal.,pedal,high,What does pedal mean?,"(자전거, 자동차 등의) 페달 v. 페달을 밟다",etymology,1208,DAY 37,3,발(foot),ped(= foot) + al(접사) → 발과 관련됨,이 재봉틀은 발 페달로 작동된다.,
3,37,ped/pod,발(foot),pedestrian,"보행자 a. 보행자용의, 보행자의",A bus hit a pedestrian on the street.,pedestrian,high,What does pedestrian mean?,"보행자 a. 보행자용의, 보행자의",etymology,1209,DAY 37,3,발(foot),pedestri(= pedester: ped(= foot)의 변이형) + an(접사) → 걸어 다니는 사람,버스가 길에 있던 보행자를 치었다.,
3,37,ped/pod,발(foot),expedition,"탐험, 원정, 탐험[원정]대",Three members of the Himalayan expedition were killed.,expedition|expeditionary,high,What does expedition mean?,"탐험, 원정, 탐험[원정]대",etymology,1210,DAY 37,3,발(foot),ex(= out) + ped(= foot) + it(e)(접사) + ion(접사) → 밖으로 걸어 다님,그 히말라야 원정대 중 세 명이 목숨을 잃었다.,
3,37,ped/pod,발(foot),podium,"(연설자, 지휘자 등이 올라서는) 단(壇), 지휘대",The speaker walked toward the podium to deliver his speech.,podium,high,What does podium mean?,"(연설자, 지휘자 등이 올라서는) 단(壇), 지휘대",etymology,1211,DAY 37,3,발(foot),pod(= foot) + ium(= ion: 접사) → 발을 디디는 곳,연사는 연설을 하기 위해 연단 쪽으로 걸어갔다,
3,37,ped/pod,발(foot),tripod,삼각대,Grace put her camera on a tripod.,tripod,high,What does tripod mean?,삼각대,etymology,1212,DAY 37,3,발(foot),tri(= three) + pod(= foot) → 발이 세 개인 받침대,Grace는 자신의 카메라를 삼각대 위에 올려놓았다.,
3,37,pel/peal/pul,몰다(drive),compel,"강요하다, 억지로 ~하게 만들다",As a schoolboy he was compelled to wear shorts even in winter.,compel|compulsion,high,What does compel mean?,"강요하다, 억지로 ~하게 만들다",etymology,1213,DAY 37,4,몰다(drive),com(= together) + pel(= pellere: drive) → 함께 몰다 → 강요하다,학생으로서 그는 겨울에도 반바지를 입어야 했다.,
3,37,pel/peal/pul,몰다(drive),dispel,"쫓아 버리다, 떨쳐 버리다","Light poured into the hall, dispelling the shadows.",dispel,high,What does dispel mean?,"쫓아 버리다, 떨쳐 버리다",etymology,1214,DAY 37,4,몰다(drive),dis(= away) + pel(= pellere: drive) → 멀리 몰아내다,"빛이 홀에 밀려들어와, 그 그림자들을 쫓아 버렸다.",
3,37,pel/peal/pul,몰다(drive),propel,"나아가게 하다, 몰고 가다",The boat is propelled by using a very long paddle.,propel,high,What does propel mean?,"나아가게 하다, 몰고 가다",etymology,1215,DAY 37,4,몰다(drive),pro(= forward) + pel(= pellere: drive) → 앞으로 몰고 가다,그 배는 매우 긴 노 하나를 이용해 (앞으로) 나아간다.,
3,37,pel/peal/pul,몰다(drive),repel,"격퇴하다, 물리치다, 접근하지 못하게 하다",The army was ready to repel an attack.,repel,high,What does repel mean?,"격퇴하다, 물리치다, 접근하지 못하게 하다",etymology,1216,DAY 37,4,몰다(drive),re(= back) + pel(= pellere: drive) → 뒤로 물러나게 하다,그 군대는 공격을 격퇴할 준비가 되어 있었다.,
3,37,pel/peal/pul,몰다(drive),appeal,"관심을 끌다, 호소하다, 간청하다 n. 호소, 매력",They appealed to him in vain for help.,appeal,high,What does appeal mean?,"관심을 끌다, 호소하다, 간청하다 n. 호소, 매력",etymology,1217,DAY 37,4,몰다(drive),ap(= ad: to) + peal(= pellere: drive) → 어느 쪽으로 몰고 가다,그들은 그에게 도움을 호소했지만 허사였다.,
3,37,pel/peal/pul,몰다(drive),impulse,"충동, 자극",I felt an impulse to cry out.,impulse|impulsive,high,What does impulse mean?,"충동, 자극",etymology,1218,DAY 37,4,몰다(drive),im(= in) + pul(= pellere: drive) + se(= sus: 접사) → 안에서 모는 행위 → 충동,나는 큰 소리로 외치고 싶은 충동을 느꼈다.,
3,37,pen/pun,"벌(punishment), 후회하다(regret)",penal,"형벌의, 형사상의",A strong penal system is necessary to ensure a safe society.,penal,high,What does penal mean?,"형벌의, 형사상의",etymology,1219,DAY 37,5,"벌(punishment), 후회하다(regret)",pen(= poena: punishment) + al(접사) → 형벌의,엄격한 형벌 제도는 안전한 사회를 보장하기 위해 필요하다.,
3,37,pen/pun,"벌(punishment), 후회하다(regret)",penalty,"처벌, 벌칙, 벌금, 불이익","The maximum penalty for the offence is a $1,000 fine.",penalty,high,What does penalty mean?,"처벌, 벌칙, 벌금, 불이익",etymology,1220,DAY 37,5,"벌(punishment), 후회하다(regret)",pen(= poena: punishment) + al(접사) + ty(접사) → 처벌,"그 불법 행위에 대한 최고 처벌은 벌금 1,000달러이다.",
3,37,pen/pun,"벌(punishment), 후회하다(regret)",repent,"뉘우치다, 회개하다",The young man repented his thoughtless act.,repent|repentant,high,What does repent mean?,"뉘우치다, 회개하다",etymology,1221,DAY 37,5,"벌(punishment), 후회하다(regret)",re(= again) + pen(t)(= penitire: regret) → 다시 후회하다,그 젊은이는 자신의 경솔한 행동을 뉘우쳤다.,
3,37,pen/pun,"벌(punishment), 후회하다(regret)",painful,"괴로운, 곤한, 아픈","If you fall, it can lead to a painful injury.",painful,high,What does painful mean?,"괴로운, 곤한, 아픈",etymology,1222,DAY 37,5,"벌(punishment), 후회하다(regret)",pain(= poena: punishment) + ful(= full of: 접사) → 벌로 가득한,"만약에 넘어지면, 그것은 괴로운 부상으로 이어질 수 있다.",
3,37,pen/pun,"벌(punishment), 후회하다(regret)",punish,"벌하다, 처벌하다, 응징하다",Smacking is not an acceptable way of punishing a child.,punish|punishment,high,What does punish mean?,"벌하다, 처벌하다, 응징하다",etymology,1223,DAY 37,5,"벌(punishment), 후회하다(regret)",라틴어 punire(= punish)에서 유래 → 벌을 주다,때리는 것은 아이를 벌하는 용인된 방법이 아니다.,
3,38,pend/pens,"매달다(hang), 지불하다(pay), 무게를 달다(weigh)",depend,"신뢰하다, 의존하다",He was the person we could depend on.,depend|dependence,high,What does depend mean?,"신뢰하다, 의존하다",etymology,1224,DAY 38,1,"매달다(hang), 지불하다(pay), 무게를 달다(weigh)",de(= down) + pend(= pendere: hang) → 아래로 매달려 있다,그는 우리가 신뢰할 수 있는 사람이었다.,
3,38,pend/pens,"매달다(hang), 지불하다(pay), 무게를 달다(weigh)",suspend,"일시 중지하다, 정학시키다",The company decided to suspend the production of the product.,suspend|suspension,high,What does suspend mean?,"일시 중지하다, 정학시키다",etymology,1225,DAY 38,1,"매달다(hang), 지불하다(pay), 무게를 달다(weigh)",sus(= sub: under) + pend(= hang) → 아래에 매달리다,그 회사는 그 제품의 생산을 일시 중지하기로 결정했다.,
3,38,pend/pens,"매달다(hang), 지불하다(pay), 무게를 달다(weigh)",pendant,펜던트(목걸이 줄에 걸게 되어 있는 보석),Her husband gave her a diamond pendant for their 10th anniversary.,pendant,high,What does pendant mean?,펜던트(목걸이 줄에 걸게 되어 있는 보석),etymology,1226,DAY 38,1,"매달다(hang), 지불하다(pay), 무게를 달다(weigh)",pend(= hang) + ant(접사) → 매달려 있는 것,그녀의 남편은 10주년을 기념해서 다이아몬드 펜던트를 그녀에게 주었다,
3,38,pend/pens,"매달다(hang), 지불하다(pay), 무게를 달다(weigh)",expend,"쓰다, 지출하다",Animals tend to expend most of their energy on eating.,expend|expenditure,high,What does expend mean?,"쓰다, 지출하다",etymology,1227,DAY 38,1,"매달다(hang), 지불하다(pay), 무게를 달다(weigh)",ex(= out) + pend(= pay) → 바깥으로 지불하다,동물들은 에너지의 대부분을 먹는 것에 쓰는 경향이 있다.,
3,38,pend/pens,"매달다(hang), 지불하다(pay), 무게를 달다(weigh)",pension,연금,He and his wife live on a pension from the state.,pension,high,What does pension mean?,연금,etymology,1228,DAY 38,1,"매달다(hang), 지불하다(pay), 무게를 달다(weigh)",pens(= pendere: weigh) + ion(접사) → 무게를 달아 돈을 주는 것,그와 그의 아내는 주에서 나오는 연금으로 생활한다.,
3,38,pend/pens,"매달다(hang), 지불하다(pay), 무게를 달다(weigh)",compensate,"보상하다, 보충하다",Nothing can compensate for the loss of his health.,compensate|compensation,high,What does compensate mean?,"보상하다, 보충하다",etymology,1229,DAY 38,1,"매달다(hang), 지불하다(pay), 무게를 달다(weigh)",com(= together) + pens(= pendere: weigh) + ate(접사) → 무게를 함께 달아서 똑같게 해주다,그가 건강을 잃은 것은 그 무엇으로도 보상할 수 없다.,complement|supplement
3,38,pend/pens,"매달다(hang), 지불하다(pay), 무게를 달다(weigh)",ponder,곰곰이 생각하다,He pondered the implications of the article.,ponder,high,What does ponder mean?,곰곰이 생각하다,etymology,1230,DAY 38,1,"매달다(hang), 지불하다(pay), 무게를 달다(weigh)",라틴어 ponderare(= weigh)에서 유래 → 무게를 달아 보다,그는 그 기사의 함축적인 의미를 곰곰이 생각했다.,
3,38,per,시도하다(try),experience,경험 v. 경험하다,It is important to learn from experience.,experience,high,What does experience mean?,경험 v. 경험하다,etymology,1231,DAY 38,2,시도하다(try),ex(= out of) + per(i)(= try) + ence(접사) → 시도를 통해 얻는 것,경험을 통해 배우는 것은 중요하다.,
3,38,per,시도하다(try),experiment,실험,I won’t support the idea of experiments on animals.,experiment,high,What does experiment mean?,실험,etymology,1232,DAY 38,2,시도하다(try),ex(= out of) + per(i)(= try) + ment(접사) → 시도해보는 것,나는 동물에게 실험을 한다는 생각을 지지하지 않을 것이다.,
3,38,per,시도하다(try),expert,전문가,Edward is an expert in architecture.,expert,high,What does expert mean?,전문가,etymology,1233,DAY 38,2,시도하다(try),라틴어 expertus(= a person who is wise through experience)에서 유래 → 경험을 통해서 현명한 사람,Edward는 건축 전문가이다.,
3,38,per,시도하다(try),peril,"위험, 모험",The country’s economy is now in peril.,peril,high,What does peril mean?,"위험, 모험",etymology,1234,DAY 38,2,시도하다(try),라틴어 periculum(= trial)에서 유래 → 시도하는 것,그 나라의 경제가 지금 위험에 처해 있다.,
3,38,pet/petit,구하다(seek),compete,경쟁하다,We compete with them on the quality of products.,compete|competition|competitive,high,What does compete mean?,경쟁하다,etymology,1235,DAY 38,3,구하다(seek),com(= together) + pet(e)(= petere: seek) → 서로 구하려 하다,우리는 제품의 품질 면에서 그들과 경쟁한다.,
3,38,pet/petit,구하다(seek),competence,"능력, 유능함",He has technical competence in engineering.,competence|competent,high,What does competence mean?,"능력, 유능함",etymology,1236,DAY 38,3,구하다(seek),com(= together) + pet(= seek) + ence(접사) → 서로 구하는 것을 얻는 힘,그는 공학 분야에서 기술적인 능력을 가지고 있다.,
3,38,pet/petit,구하다(seek),appetite,"식욕, 욕구",You should not reduce your appetite by eating between meals.,appetite,high,What does appetite mean?,"식욕, 욕구",etymology,1237,DAY 38,3,구하다(seek),ap(= ad: to) + petit(e)(= petere: seek) → ~에 대해 구하고자 하는 마음,간식을 먹음으로써 너의 식욕을 줄여서는 안 된다.,
3,38,pet/petit,구하다(seek),petition,"청원, 간청, 탄원(서)",The judge was favorable to his petition.,petition,high,What does petition mean?,"청원, 간청, 탄원(서)",etymology,1238,DAY 38,3,구하다(seek),petit(= seek) + ion(접사) → 구하는 것,그 판사는 그의 청원에 호의적이었다.,
3,38,pet/petit,구하다(seek),repeat,반복하다,She had to repeat the names over and over again to memorize them.,repeat|repetition,high,What does repeat mean?,반복하다,etymology,1239,DAY 38,3,구하다(seek),re(= again) + peat(= petere: seek) → 다시 구하다,그녀는 그 이름들을 외우기 위해서 계속해서 반복해야 했다.,
3,38,phan/phen/phas,"보여 주다(show), 발생(appearance)",phantom,"혼령, 유령",She believed that she met the phantom of her dead husband.,phantom,high,What does phantom mean?,"혼령, 유령",etymology,1240,DAY 38,4,"보여 주다(show), 발생(appearance)",라틴어 phantasma(= apparition: 유령)에서 유래,그녀는 죽은 자기 남편의 혼령을 만났다고 믿었다.,
3,38,phan/phen/phas,"보여 주다(show), 발생(appearance)",phenomenon,현상,This book was written about a supernatural phenomenon.,phenomenon,high,What does phenomenon mean?,현상,etymology,1241,DAY 38,4,"보여 주다(show), 발생(appearance)",그리스어 phainomenon(= appearance)에서 유래 → 발생하는 일,이 책은 초자연적인 현상에 관해서 쓰였다.,
3,38,phan/phen/phas,"보여 주다(show), 발생(appearance)",phase,"단계, 국면",Their negotiation entered a new phase.,phase,high,What does phase mean?,"단계, 국면",etymology,1242,DAY 38,4,"보여 주다(show), 발생(appearance)",라틴어 phasis(= appearance)에서 유래 → 보이는 측면,그들의 협상은 새로운 단계에 들어갔다.,
3,38,phan/phen/phas,"보여 주다(show), 발생(appearance)",fantasy,"공상, 환상 / a. 화려한, 고급의 n. 공상, 상상",His childhood fantasy about becoming a famous baseball player came true.,fantasy,high,What does fantasy mean?,"공상, 환상 / a. 화려한, 고급의 n. 공상, 상상",etymology,1243,DAY 38,4,"보여 주다(show), 발생(appearance)","그리스어 phantasia(= idea, image)에서 유래 → 마음으로 그려보는 것",유명한 야구 선수가 되겠다던 그의 어린 시절 공상이 실현되었다.,
3,38,phan/phen/phas,"보여 주다(show), 발생(appearance)",pant,헐떡이다,He panted heavily when he finished the race.,pant,high,What does pant mean?,헐떡이다,etymology,1244,DAY 38,4,"보여 주다(show), 발생(appearance)",그리스어 phantasioun(= have or form image)에서 유래 → 꿈을 꾸며 숨을 헐떡이다,그는 경주를 끝마쳤을 때 거칠게 숨을 헐떡였다.,
3,38,plaud/plod/plaus,"박수치다(clap, applaud), 때리다(beat)",applaud,"박수치다, 갈채를 보내다","When I started to applaud, the others joined in.",applaud|applause,high,What does applaud mean?,"박수치다, 갈채를 보내다",etymology,1245,DAY 38,5,"박수치다(clap, applaud), 때리다(beat)",ap(= ad: to) + plaud(= plaudere: clap) → ~에게 박수치다,내가 박수를 치기 시작하자 다른 사람들이 합세했다.,
3,38,plaud/plod/plaus,"박수치다(clap, applaud), 때리다(beat)",explosive,"폭파의, 폭발성의",The explosive device went off in the middle of the ocean.,explosive|explosion,high,What does explosive mean?,"폭파의, 폭발성의",etymology,1246,DAY 38,5,"박수치다(clap, applaud), 때리다(beat)",explos(라틴어 explodere(= clap)에서 유래) + ive(접사) → 터져 나오는,그 폭파 장치는 바다 한 가운데서 터졌다.,
3,38,plaud/plod/plaus,"박수치다(clap, applaud), 때리다(beat)",plausible,"그럴듯한, 이치에 맞는",The story in the book sounded plausible.,plausible,high,What does plausible mean?,"그럴듯한, 이치에 맞는",etymology,1247,DAY 38,5,"박수치다(clap, applaud), 때리다(beat)",plaus(= plaudere: applaud) + ible(접사) → 갈채를 받을 수 있는,그 책 속의 그 이야기는 그럴듯하게 들렸다.,
3,38,ple/plen/plet,"채우다(fill), 가득 찬(full)",implement,"도구, 수단 v. 실행[이행]하다, 채우다",He took his writing implements out of the bag.,implement|implementation,high,What does implement mean?,"도구, 수단 v. 실행[이행]하다, 채우다",etymology,1248,DAY 38,1,"채우다(fill), 가득 찬(full)",im(= in) + ple(= plere: fill) + ment(접사) → 부족한 것을 채워 넣음,그는 자신의 필기도구를 가방에서 꺼냈다.,
3,38,ple/plen/plet,"채우다(fill), 가득 찬(full)",complement,"보완물, 보충물 v. 보완하다, 보태다",White wine makes a nice complement to fish.,complement,high,What does complement mean?,"보완물, 보충물 v. 보완하다, 보태다",etymology,1249,DAY 38,1,"채우다(fill), 가득 찬(full)",com(intensive) + ple(= plere: fill) + ment(접사) → 완전히 채우는 것,백포도주는 생선 요리를 훌륭하게 보완해준다.,
3,38,ple/plen/plet,"채우다(fill), 가득 찬(full)",plenty,"풍부함, 풍부한 양",There’s plenty to do and see nearby.,plenty,high,What does plenty mean?,"풍부함, 풍부한 양",etymology,1250,DAY 38,1,"채우다(fill), 가득 찬(full)",라틴어 plenitatem(= fullness)에서 유래 → 가득함,근처에 할 것과 볼 것이 많이 있다.,
3,38,ple/plen/plet,"채우다(fill), 가득 찬(full)",replenish,"(다시) 채우다, 보충하다, (연료를) 공급하다",You need to replenish your energy for the next round.,replenish,high,What does replenish mean?,"(다시) 채우다, 보충하다, (연료를) 공급하다",etymology,1251,DAY 38,1,"채우다(fill), 가득 찬(full)",re(= again) + plen(= plenus: full) + ish(접사) → 다시 채우다,여러분은 다음 경기를 위해 에너지를 다시 채울 필요가 있다.,
3,38,ple/plen/plet,"채우다(fill), 가득 찬(full)",complete,"완벽한, 완전한, 전부의 v. 완성하다, 완료하다, 채우다",No arrows were found after a complete search of the area.,complete|completion,high,What does complete mean?,"완벽한, 완전한, 전부의 v. 완성하다, 완료하다, 채우다",etymology,1252,DAY 38,1,"채우다(fill), 가득 찬(full)",com(intensive) + plet(e)(= plere: fill) → 완전히 채워진,그 지역에 대한 완벽한 수색 후에도 어떤 화살도 발견되지 않았다.,
3,38,ple/plen/plet,"채우다(fill), 가득 찬(full)",deplete,"고갈시키다, 소모시키다",Her powers were severely depleted.,deplete|depletion,high,What does deplete mean?,"고갈시키다, 소모시키다",etymology,1253,DAY 38,1,"채우다(fill), 가득 찬(full)","de(= off, away) + plet(e)(= plere: fill) → 채워진 것을 없애다",그녀의 능력이 심각하게 고갈되었다.,
3,39,plic/ploy/ply,접다(fold),complicate,복잡하게 하다,We should not complicate the situation with minor things.,complicate|complication|complicated,high,What does complicate mean?,복잡하게 하다,etymology,1254,DAY 39,2,접다(fold),com(= together) + plic(= plicare: fold) + ate(접사) → 함께 포개지다,우리는 사소한 것들로 그 상황을 복잡하게 해서는 안 된다.,
3,39,plic/ploy/ply,접다(fold),explicit,"분명한, 명쾌한, 솔직한",Explicit language is more persuasive than vague language.,explicit|explicitly,high,What does explicit mean?,"분명한, 명쾌한, 솔직한",etymology,1255,DAY 39,2,접다(fold),ex(= out) + plic(it)(= plicare: fold) → 접힌 것을 밖으로 펼친,분명한 언어가 모호한 언어보다 더 설득력이 있다.,
3,39,plic/ploy/ply,접다(fold),replicate,"반복하다, 모사[복제]하다, 접어 젖히다",The scientists started to replicate their experiments.,replicate,high,What does replicate mean?,"반복하다, 모사[복제]하다, 접어 젖히다",etymology,1256,DAY 39,2,접다(fold),"re(= back, again) + plic(= plicare: fold) + ate(접사) → 다시 접다",그 과학자들은 자신들의 실험을 반복하기 시작했다,
3,39,plic/ploy/ply,접다(fold),simplicity,"단순, 간단, 평이, 간소",Simplicity is the key to brilliance.,simplicity|simplify|simple|simply,high,What does simplicity mean?,"단순, 간단, 평이, 간소",etymology,1257,DAY 39,2,접다(fold),sim(= one) + plic(i)(= plicare: fold) + ty(접사) → 한 겹으로 됨,단순함이 탁월함으로 가는 비결이다.,
3,39,plic/ploy/ply,접다(fold),deploy,"배치하다, 전개하다, 효율적으로 사용하다",Wellington deployed his troops skillfully.,deploy|deployment,high,What does deploy mean?,"배치하다, 전개하다, 효율적으로 사용하다",etymology,1258,DAY 39,2,접다(fold),de(= dis: apart) + ploy(= plicare: fold) → 접힌 것을 떼어내서 펼치다,Wellington은 능숙하게 자신의 병력을 배치했다.,
3,39,plic/ploy/ply,접다(fold),employ,"고용하다, 이용하다",She employed a gardener to mow the front yard.,employ|employment|employer|employee,high,What does employ mean?,"고용하다, 이용하다",etymology,1259,DAY 39,2,접다(fold),em(= en: in) + ploy(= plicare: fold) → 안으로 싸서 넣다,그녀는 앞마당의 잔디를 깎아 줄 정원사를 고용했다.,
3,39,plic/ploy/ply,접다(fold),imply,"넌지시 말하다, 내포하다, 암시하다, 함축하다",He seems to imply something that is not true.,imply|implication,high,What does imply mean?,"넌지시 말하다, 내포하다, 암시하다, 함축하다",etymology,1260,DAY 39,2,접다(fold),im(= in) + ply(= plicare: fold) → 안으로 접다,그는 사실이 아닌 것을 넌지시 말하는 것 같다.,
3,39,plic/ploy/ply,접다(fold),apply,"지원하다, 신청하다, 적용하다, 바르다",She applied for a job with an ambulance service.,apply|application|applicant,high,What does apply mean?,"지원하다, 신청하다, 적용하다, 바르다",etymology,1261,DAY 39,2,접다(fold),ap(= ad: to) + ply(= plicare: fold) → ~에 포개다,그녀는 구급차 서비스직에 지원했다.,
3,39,plic/ploy/ply,접다(fold),reply,"대답하다, 응수하다 n. 대답, 회신, 답변","I waited for Cathy to reply, but she said nothing.",reply,high,What does reply mean?,"대답하다, 응수하다 n. 대답, 회신, 답변",etymology,1262,DAY 39,2,접다(fold),"re(= back, again) + ply(= plicare: fold) → (말을) 접어 되돌려주다","나는 Cathy가 대답하기를 기다렸으나, 그녀는 아무 말도 하지 않았다",
3,39,plic/ploy/ply,접다(fold),multiply,"번식하다, 증가하다, 곱하다",It is true that rabbits multiply rapidly.,multiply,high,What does multiply mean?,"번식하다, 증가하다, 곱하다",etymology,1263,DAY 39,2,접다(fold),multi(=many) + ply(= plicare: fold) → 여러 번 접다,토끼가 빠르게 번식하는 것은 사실이다.,
3,39,plor,"외치다(cry out), 울다(weep)",explore,"탐험하다, 탐구하다, 조사하다",Montego Bay is a nice place to explore on foot.,explore|exploration|explorer,high,What does explore mean?,"탐험하다, 탐구하다, 조사하다",etymology,1264,DAY 39,3,"외치다(cry out), 울다(weep)","ex(= out) + plor(e)(= plorare: cry out, weep) → 밖으로 나가 외치다",Montego Bay는 도보로 탐험하기에 좋은 장소이다.,
3,39,plor,"외치다(cry out), 울다(weep)",implore,"간청하다, 애원하다",She implored me to think about this decision.,implore|imploration,high,What does implore mean?,"간청하다, 애원하다",etymology,1265,DAY 39,3,"외치다(cry out), 울다(weep)","im(= in: on, upon) + plor(e)(= plorare: cry out, weep) → ~을 달라고 울다",그녀는 내게 이 결정에 대해 생각해보라고 간청했다.,
3,39,popul,사람들(people),popular,"인기 있는, 대중적인, 일반적인",Rio de Janeiro is a popular tourist destination.,popular,high,What does popular mean?,"인기 있는, 대중적인, 일반적인",etymology,1266,DAY 39,4,사람들(people),popul(= populus: people) + ar(접사) → 대중적인,Rio de Janeiro는 인기 있는 관광지이다,
3,39,popul,사람들(people),populate,"거주하다, 살다",The Rio Grande valley was largely populated by Mexicans and Tejanos.,populate,high,What does populate mean?,"거주하다, 살다",etymology,1267,DAY 39,4,사람들(people),popul(= populus: people) + ate(접사) → 사람들이 있게 하다,Rio Grande 골짜기에는 주로 멕시코인과 테하노인이 거주했다.,
3,39,port,"운반하다(carry), 항구(harbor)",import,"수입하다, 이입하다, 의미하다 n. 수입(품), 의미, 중요성",Britain mainly imported tea from China.,import,high,What does import mean?,"수입하다, 이입하다, 의미하다 n. 수입(품), 의미, 중요성",etymology,1268,DAY 39,5,"운반하다(carry), 항구(harbor)",im(= in) + port(= carry) → 안으로 운반하다,영국은 주로 차를 중국에서 수입했다,
3,39,port,"운반하다(carry), 항구(harbor)",portable,"이동시킬 수 있는, 휴대용의, 운반할 수 있는",The portable house is no longer in the experimental stage.,portable,high,What does portable mean?,"이동시킬 수 있는, 휴대용의, 운반할 수 있는",etymology,1269,DAY 39,5,"운반하다(carry), 항구(harbor)",port(= carry) + able(접사) → 운반할 수 있는,이동식 주택은 더는 실험 단계에 있지 않다.,
3,39,port,"운반하다(carry), 항구(harbor)",portfolio,"포트폴리오, 서류 가방, 서류첩, 작품집",He is especially concerned about the safety of his investment portfolio.,portfolio,high,What does portfolio mean?,"포트폴리오, 서류 가방, 서류첩, 작품집",etymology,1270,DAY 39,5,"운반하다(carry), 항구(harbor)","port(= carry) + folio(= foglio: leaf, sheet) → 종이[서류] 나르기",그는 자신의 투자 포트폴리오의 안전에 관해 특히 걱정한다.,
3,39,port,"운반하다(carry), 항구(harbor)",opportunity,"기회, 호기",Be ready to grasp life-changing opportunities that come your way.,opportunity,high,What does opportunity mean?,"기회, 호기",etymology,1271,DAY 39,5,"운반하다(carry), 항구(harbor)","op(= ob: to) + portun(= harbor) + ity(접사) → 항구로 향하는 것, 항구 가까이에 가는 것",여러분의 길에 들어서는 인생 전환 기회를 움켜잡을 준비를 하세요.,
3,39,publ,사람들의(of the people),public,"공공의, 일반인의, 대중의 n. 대중, 일반 사람들, 국민",When was the last time you visited your local public library?,public|publicity|publicize,high,What does public mean?,"공공의, 일반인의, 대중의 n. 대중, 일반 사람들, 국민",etymology,1272,DAY 39,6,사람들의(of the people),라틴어 publicus(= of the people)에서 유래 → 여러 사람의,여러분이 마지막으로 지역 공공 도서관에 방문한 적이 언제였나요?,
3,39,publ,사람들의(of the people),publish,"출판하다, 발행하다, 공표하다","In 1911, she published her second novel.",publish|publication|publisher,high,What does publish mean?,"출판하다, 발행하다, 공표하다",etymology,1273,DAY 39,6,사람들의(of the people),publ(= publicus: of the people) + ish(접사) → 사람들의 것으로 하다,1911년에 그녀는 자신의 두 번째 소설을 출판했다.,
3,39,publ,사람들의(of the people),republic,"공화국, 사회",The coastline of the Republic of Ireland is immensely varied.,republic|republican,high,What does republic mean?,"공화국, 사회",etymology,1274,DAY 39,6,사람들의(of the people),"re(= res: affair, matter, thing) + publ(ic)(= publicus: of the people) → 국민들의 것임",아일랜드 공화국의 해안선은 매우 다채롭다.,
3,39,pos/pon/posit,"놓다(place, put, lay)",pose,"(위험, 문제, 의문 등을) 제기하다, (몸의) 자세를 취하다, ~인 체하다 / n. 포즈, 자세, 태도",Chemicals pose a threat to our health.,pose,high,What does pose mean?,"(위험, 문제, 의문 등을) 제기하다, (몸의) 자세를 취하다, ~인 체하다 / n. 포즈, 자세, 태도",etymology,1275,DAY 39,1,"놓다(place, put, lay)","pos(e)(= poser: place, put) → 놓다, 위치시키다",화학 물질은 우리의 건강을 위협한다.,
3,39,pos/pon/posit,"놓다(place, put, lay)",deposit,"(예금을) 예치하다, 보증금을 내다, ~에 두다[놓다] / n. 예금, 보증금, 예치금, 침전물",You need to deposit $100 to open your account.,deposit,high,What does deposit mean?,"(예금을) 예치하다, 보증금을 내다, ~에 두다[놓다] / n. 예금, 보증금, 예치금, 침전물",etymology,1276,DAY 39,1,"놓다(place, put, lay)",de(= away) + posit(= put) → 딴 곳에 따로 떼어두다,계좌를 개설하기 위해 100달러를 예치해야 합니다.,
3,39,pos/pon/posit,"놓다(place, put, lay)",impose,"(의무, 세금, 벌 등을) 부과하다, 강요하다",The government imposes a high tax on liquor.,impose|imposition,high,What does impose mean?,"(의무, 세금, 벌 등을) 부과하다, 강요하다",etymology,1277,DAY 39,1,"놓다(place, put, lay)","im(= in) + pos(e)(= put) → (의무, 부담 등을) 집어넣다",정부는 독한 술(독주)에 높은 세금을 부과한다.,
3,39,pos/pon/posit,"놓다(place, put, lay)",purpose,"목적, 의도, 의향, 취지",,purpose|purposely,high,What does purpose mean?,"목적, 의도, 의향, 취지",etymology,1278,DAY 39,1,"놓다(place, put, lay)",pur(= pro: before) + pos(e)(= put) → 어떤 것을 하겠다고 앞에 놓은 것,What is the purpose of your visit? 당신의 방문 목적이 무엇입니까?,
3,39,pos/pon/posit,"놓다(place, put, lay)",oppose,"반대하다, 대항하다, 마주보게 하다",,oppose,high,What does oppose mean?,"반대하다, 대항하다, 마주보게 하다",etymology,1279,DAY 39,1,"놓다(place, put, lay)",op(= ob: against) + pos(e)(= put) → 반대 방향에 놓다,,
3,39,She,opposed to the death penalty. 그는 사형 (제도)에 반대했다.,suppose,"생각하다, 가정하다, 추측하다, ~일 것 같다",Let’s suppose you are in Africa.,suppose,high,What does suppose mean?,"생각하다, 가정하다, 추측하다, ~일 것 같다",etymology,1280,DAY 39,2,opposed to the death penalty. 그는 사형 (제도)에 반대했다.,sup(= sub: under) + pos(e)(= put) → 아래에 두고 고려해보다,당신이 아프리카에 있다고 가정해보자.,
3,39,She,opposed to the death penalty. 그는 사형 (제도)에 반대했다.,posture,"자세, 몸가짐, 태도",Poor posture can lead to back pain.,posture,high,What does posture mean?,"자세, 몸가짐, 태도",etymology,1281,DAY 39,2,opposed to the death penalty. 그는 사형 (제도)에 반대했다.,pos(= put) + ture(접사) → 몸을 어떤 상태나 모습으로 놓는 것,안 좋은 자세는 허리 통증을 유발할 수 있다.,
3,39,She,opposed to the death penalty. 그는 사형 (제도)에 반대했다.,propose,"제안하다, 제의하다, 청혼하다",He proposed that we should put it to a vote.,propose|proposal|proposition,high,What does propose mean?,"제안하다, 제의하다, 청혼하다",etymology,1282,DAY 39,2,opposed to the death penalty. 그는 사형 (제도)에 반대했다.,pro(= forward) + pos(e)(= put) → (의견 등을) 앞에 내놓다,우리가 그것을 표결에 부쳐야 한다고 그가 제안했다.,
3,39,She,opposed to the death penalty. 그는 사형 (제도)에 반대했다.,component,"(구성) 요소, 부품, 성분",They make electronic components for computer products.,component,high,What does component mean?,"(구성) 요소, 부품, 성분",etymology,1283,DAY 39,2,opposed to the death penalty. 그는 사형 (제도)에 반대했다.,com(= together) + pon(= put) + ent(접사) → 제품 조립에 들어가는 것이 함께 놓인 것,그들은 컴퓨터 제품에 들어가는 전자 부품을 만든다.,
3,39,She,opposed to the death penalty. 그는 사형 (제도)에 반대했다.,postpone,"연기하다, 미루다",We have to postpone our vacation.,postpone,high,What does postpone mean?,"연기하다, 미루다",etymology,1284,DAY 39,2,opposed to the death penalty. 그는 사형 (제도)에 반대했다.,post(= after) + pon(e)(= put) → ~의 뒤로 놓다,우리는 휴가를 미뤄야 한다.,
3,39,poss,"할 수 있다(be able), 능력이 있다(have power)",possess,"소유하다, 지니다, (마음을) 사로잡다",No man can possess all he wants.,possess|possession,high,What does possess mean?,"소유하다, 지니다, (마음을) 사로잡다",etymology,1285,DAY 39,3,"할 수 있다(be able), 능력이 있다(have power)",poss(= potis: be able) + ess(= esse: be) → 권한을 가지다,어느 누구도 자신이 원하는 모든 것을 가질 수는 없다.,own|retain
3,39,poss,"할 수 있다(be able), 능력이 있다(have power)",potential,"잠재적인, 가능한 n. 잠재력",Doctors are aware of the new drug’s potential benefits.,potential,high,What does potential mean?,"잠재적인, 가능한 n. 잠재력",etymology,1286,DAY 39,3,"할 수 있다(be able), 능력이 있다(have power)",pot(= poss: have power) + ent(접사) + ial(접사) → ~할 수 있는 힘을 가진,의사들은 신약의 잠재적 효능에 대해 알고 있다.,
3,40,preci/prais,"가격(price), 가치(value)",precious,"귀중한, 값비싼, 소중한",I cannot afford to waste precious time.,precious,high,What does precious mean?,"귀중한, 값비싼, 소중한",etymology,1287,DAY 40,4,"가격(price), 가치(value)",preci(= price) + ous(접사) → 값이 많이 나가는,나는 소중한 시간을 낭비할 여유가 없다.,valuable|invaluable|priceless
3,40,preci/prais,"가격(price), 가치(value)",appreciate,"감사하다, 진가를 알다, 감상하다",I’d appreciate it if you could do that.,appreciate|appreciation|appreciative,high,What does appreciate mean?,"감사하다, 진가를 알다, 감상하다",etymology,1288,DAY 40,4,"가격(price), 가치(value)",ap(= ad: to) + preci(= value) + ate(접사) → ~에 대한 가치를 알다,그렇게 해주신다면 감사하겠습니다.,
3,40,preci/prais,"가격(price), 가치(value)",praise,"칭찬[칭송]하다, 찬양하다 n. 칭찬, 찬양",His teacher praised his good deeds.,praise|praiseworthy,high,What does praise mean?,"칭찬[칭송]하다, 찬양하다 n. 칭찬, 찬양",etymology,1289,DAY 40,4,"가격(price), 가치(value)",prais(e)(= value) → 가치를 인정해주다,그의 선생님은 그의 착한 행동을 칭찬했다.,
3,40,preci/prais,"가격(price), 가치(value)",appraise,"평가하다, 감정하다, 자세히 살펴보다",She appraised the painting at $1.3 million.,appraise|appraisal,high,What does appraise mean?,"평가하다, 감정하다, 자세히 살펴보다",etymology,1290,DAY 40,4,"가격(price), 가치(value)",ap(= ad: to) + prais(e)(= value) → ~에 대해 가치를 매기다,그녀는 그 그림에 대해 130만 달러의 감정가를 매겼다.,
3,40,prehend/pris,"붙잡다(seize, take)",comprehend,"이해하다, 포괄하다",I couldn’t comprehend what had happened.,comprehend|comprehension|comprehensive,high,What does comprehend mean?,"이해하다, 포괄하다",etymology,1291,DAY 40,5,"붙잡다(seize, take)",com(= together) + prehend(= seize) → 완전히 붙잡다,나는 무슨 일이 일어났었는지 이해할 수 없었다.,
3,40,prehend/pris,"붙잡다(seize, take)",apprehend,"체포하다, 염려하다",The police have failed to apprehend the thief.,apprehend|apprehensive,high,What does apprehend mean?,"체포하다, 염려하다",etymology,1292,DAY 40,5,"붙잡다(seize, take)",ap(= ad: to) + prehend(= seize) → 완전히 붙잡다,경찰이 그 도둑을 잡는 데 실패했다.,
3,40,prehend/pris,"붙잡다(seize, take)",imprison,"투옥하다, 감금하다, 가두다",His political enemies were imprisoned.,imprison|imprisonment,high,What does imprison mean?,"투옥하다, 감금하다, 가두다",etymology,1293,DAY 40,5,"붙잡다(seize, take)",im(= in) + prison(감옥) → 감옥 안에 붙들어 두다,그의 정치적인 적들은 투옥되었다.,
3,40,prehend/pris,"붙잡다(seize, take)",enterprise,"기업, 회사, (모험적인) 대규모 사업, 진취적 정신",She is the CEO of a multimillion-dollar enterprise.,enterprise,high,What does enterprise mean?,"기업, 회사, (모험적인) 대규모 사업, 진취적 정신",etymology,1294,DAY 40,5,"붙잡다(seize, take)",enter(= inter: between) + pris(e)(= take) → 일을 꽉 쥐고 추진해 나가는 곳,그녀는 수백 만 달러 기업의 최고 경영자이다.,company|corporation|firm
3,40,prehend/pris,"붙잡다(seize, take)",prey,"(사냥 동물의) 먹이, 희생자",,prey,high,What does prey mean?,"(사냥 동물의) 먹이, 희생자",etymology,1295,DAY 40,5,"붙잡다(seize, take)",고대 프랑스어 preie(= animal taken in the chase)에서 유래 → 추적해서 붙잡은 동물,The fox fell prey to the eagle. 그 여우는 독수리의 먹이가 되었다.,
3,40,press,"누르다, 압박하다(press, strain)",pressure,"압력, 압박(감), 기압",The mayor is under pressure to resign.,pressure,high,What does pressure mean?,"압력, 압박(감), 기압",etymology,1296,DAY 40,6,"누르다, 압박하다(press, strain)",press(누르다) + ure(접사) → 누르는 힘,그 시장은 사퇴하라는 압박을 받고 있다.,
3,40,press,"누르다, 압박하다(press, strain)",compress,"압축하다, 꼭 누르다, 요약하다",Snow in the cold region is compressed into ice.,compress,high,What does compress mean?,"압축하다, 꼭 누르다, 요약하다",etymology,1297,DAY 40,6,"누르다, 압박하다(press, strain)",com(= together) + press(누르다) → 어떤 것을 한꺼번에 누르다,추운 지역에서 눈은 압축되어 얼음이 된다.,
3,40,press,"누르다, 압박하다(press, strain)",express,"표현하다, 나타내다 a. 급행의, 속달의",Feel free to express your opinion.,express|expression|expressive,high,What does express mean?,"표현하다, 나타내다 a. 급행의, 속달의",etymology,1298,DAY 40,6,"누르다, 압박하다(press, strain)",ex(= out) + press(누르다) → (생각 등을) 밖으로 밀어내다,자유롭게 여러분의 의견을 표현하세요.,
3,40,press,"누르다, 압박하다(press, strain)",impress,"감동[감명]시키다, 깊은 인상을 주다, 명심시키다",I was impressed with his enthusiasm.,impress|impression|impressive,high,What does impress mean?,"감동[감명]시키다, 깊은 인상을 주다, 명심시키다",etymology,1299,DAY 40,6,"누르다, 압박하다(press, strain)",im(= in) + press(누르다) → ~에 눌러서 자국을 남기다,나는 그의 열정에 감동했다.,
3,40,press,"누르다, 압박하다(press, strain)",oppress,"억압하다, 탄압하다",The country was oppressed by a cruel ruler.,oppress|oppression|oppressive,high,What does oppress mean?,"억압하다, 탄압하다",etymology,1300,DAY 40,6,"누르다, 압박하다(press, strain)",op(= ob: against) + press(압박하다) → 반대로 압박을 가하다,그 나라는 잔인한 통치자에 의해 억압받았다.,
3,40,prim/prin(cip),처음의(first),primary,"첫째의, 제 1의, 수위의, 주요한",His primary concern is the safety of his family.,primary,high,What does primary mean?,"첫째의, 제 1의, 수위의, 주요한",etymology,1301,DAY 40,1,처음의(first),prim(e)(= first) + ary(접사) → 첫째의,그의 첫째 관심사는 자기 가족의 안전이다.,
3,40,prim/prin(cip),처음의(first),primitive,"원시시대의, 원시적인",Primitive people often lived in caves.,primitive,high,What does primitive mean?,"원시시대의, 원시적인",etymology,1302,DAY 40,1,처음의(first),prim(= first) + itive(접사) → 처음에 나타난,원시시대의 사람들은 흔히 동굴에서 살았다.,
3,40,prim/prin(cip),처음의(first),primate,영장류,Gorillas are the largest living primates.,primate,high,What does primate mean?,영장류,etymology,1303,DAY 40,1,처음의(first),prim(= first) + ate(접사) → 제일 높은 사람,고릴라는 가장 큰 살아 있는 영장류이다.,
3,40,prim/prin(cip),처음의(first),principal,"주요한, 제 1의 n. 교장, 장(長)",That is the principal difference between a dog and a cat.,principal,high,What does principal mean?,"주요한, 제 1의 n. 교장, 장(長)",etymology,1304,DAY 40,1,처음의(first),princip(= first) + al(접사) → 처음으로 잡은,그것이 개와 고양이의 주요한 차이이다.,
3,40,prim/prin(cip),처음의(first),principle,"원리, 원칙",This principle works outside the lab as well.,principle,high,What does principle mean?,"원리, 원칙",etymology,1305,DAY 40,1,처음의(first),"라틴어 principium(= a beginning)에서 유래 → 처음의 것, 기초",이 원리는 실험실 밖에서도 적용된다.,
3,40,priv,"가져가다(take away), 떼어 놓다(separate)",private,"개인적인, 개인의, 방해를 받지 않는",I left the room so they could talk in private.,private|privately,high,What does private mean?,"개인적인, 개인의, 방해를 받지 않는",etymology,1306,DAY 40,2,"가져가다(take away), 떼어 놓다(separate)",priv(= privare: take away) + ate(접사) → 따로 떨어진,These are my private photos. 이것들은 나의 개인적인 사진들이다.,
3,40,priv,"가져가다(take away), 떼어 놓다(separate)",deprive,"빼앗다, 박탈하다",They cannot deprive people of that basic right.,deprive,high,What does deprive mean?,"빼앗다, 박탈하다",etymology,1307,DAY 40,2,"가져가다(take away), 떼어 놓다(separate)",de(= apart) + prive(= privare: take away) → 떼어내다,그들은 사람들에게서 그 기본적인 권리를 빼앗을 수 없다.,
3,40,prov/prob,"검사하다(test), 입증하다(prove)",prove,"입증하다, 증명하다",The calculation will prove this theory is right.,prove,high,What does prove mean?,"입증하다, 증명하다",etymology,1308,DAY 40,3,"검사하다(test), 입증하다(prove)",prov(e) → 입증하다,그 계산은 이 학설이 옳다는 것을 입증할 것이다.,
3,40,prov/prob,"검사하다(test), 입증하다(prove)",probe,"(면밀히) 조사하다, 캐묻다 n. (철저한) 조사, 무인 우주 탐사선",Why do they probe into your personal life?,probe,high,What does probe mean?,"(면밀히) 조사하다, 캐묻다 n. (철저한) 조사, 무인 우주 탐사선",etymology,1309,DAY 40,3,"검사하다(test), 입증하다(prove)",라틴어 probare(= test)에서 유래 → 조사하다,왜 그들이 당신의 사적인 생활을 조사하는가?,
3,40,prov/prob,"검사하다(test), 입증하다(prove)",probable,"개연적인, 있음직한, 사실 같은",It is probable that she will raise the issue.,probable|probability|probably,high,What does probable mean?,"개연적인, 있음직한, 사실 같은",etymology,1310,DAY 40,3,"검사하다(test), 입증하다(prove)",prob(= test) + able(접사) → 검사할 수 있는,그녀가 그 문제를 제기할 개연성이 있다.,
3,40,prov/prob,"검사하다(test), 입증하다(prove)",proof,"증명, 증거",They have no absolute proof of his being guilty.,proof,high,What does proof mean?,"증명, 증거",etymology,1311,DAY 40,3,"검사하다(test), 입증하다(prove)","라틴어 proba(= test)에서 유래 → 증명, 증거",그들에게는 그가 유죄라는 분명한 증거가 없다.,
3,40,prov/prob,"검사하다(test), 입증하다(prove)",approve,"승인하다, 찬성하다",The committee approved the plan after a debate.,approve|approval,high,What does approve mean?,"승인하다, 찬성하다",etymology,1312,DAY 40,3,"검사하다(test), 입증하다(prove)",ap(= to) + prov(e)(= test) → 검사하다,그 위원회는 토론 후 그 계획을 승인했다.,agree|consent|permit
3,40,prov/prob,"검사하다(test), 입증하다(prove)",disprove,"틀렸음을 입증하다, 반증을 들다",The belief has been disproved by the experiment.,disprove,high,What does disprove mean?,"틀렸음을 입증하다, 반증을 들다",etymology,1313,DAY 40,3,"검사하다(test), 입증하다(prove)",dis(= not) + prove → 틀렸음을 입증하다,그 믿음은 그 실험에 의해 틀렸음이 입증되었다,
3,40,prop/propri,자신만의(one’s own),proper,"적당한, 타당한",Proper nutrition is important for health.,proper|properly,high,What does proper mean?,"적당한, 타당한",etymology,1314,DAY 40,4,자신만의(one’s own),라틴어 proprius(= one’s own)에서 유래 → 자신만을 위한,적절한 영양 공급이 건강에 중요하다.,
3,40,prop/propri,자신만의(one’s own),appropriate,"적합한, 적절한 v. 도용[전용]하다",Shorts are not appropriate attire for the party.,appropriate,high,What does appropriate mean?,"적합한, 적절한 v. 도용[전용]하다",etymology,1315,DAY 40,4,자신만의(one’s own),ap(= ad: to) + propri(= one’s own) + ate(접사) → 자신을 위해 가질 만한,반바지는 그 파티에 적절한 복장이 아니다.,
3,40,prop/propri,자신만의(one’s own),property,"재산, 자산, (사물의) 속성[특성]",He signed his property over to his daughter.,property,high,What does property mean?,"재산, 자산, (사물의) 속성[특성]",etymology,1316,DAY 40,4,자신만의(one’s own),prop(er)(= proprius: one’s own) + ty(접사) → 가진 것,그는 자신의 재산을 딸에게 넘기는 서명을 했다.,
3,40,psych,"마음, 정신(mind)",psychic,"초능력이 있는, 정신의",Paul was known as a psychic octopus.,psychic,high,What does psychic mean?,"초능력이 있는, 정신의",etymology,1317,DAY 40,5,"마음, 정신(mind)",psych(= mind) + ic(접사) → 마음의,Paul은 초능력 문어로 알려졌다.,
3,40,psych,"마음, 정신(mind)",psychiatrist,정신과 의사,He was interviewed by a psychiatrist.,psychiatrist,high,What does psychiatrist mean?,정신과 의사,etymology,1318,DAY 40,5,"마음, 정신(mind)",psych(= mind) + iatr(y)(= healing) + ist(접사) → 마음을 치유하는 사람,그는 정신과 의사와 면담을 했다.,
3,40,psych,"마음, 정신(mind)",psychology,"심리학, 심리 상태",I’m still undecided between psychology and history.,psychology|psychological,high,What does psychology mean?,"심리학, 심리 상태",etymology,1319,DAY 40,5,"마음, 정신(mind)","psych(o)(= mind) + logy(= science, study) → 마음을 연구하는 학문",나는 아직 심리학과 역사학 사이에서 결정을 내리지 못하고 있다.,
3,40,psych,"마음, 정신(mind)",psychoanalysis,정신 분석[학],They say that Freud is the father of psychoanalysis.,psychoanalysis,high,What does psychoanalysis mean?,정신 분석[학],etymology,1320,DAY 40,5,"마음, 정신(mind)",psych(o)(=mind) + ana(= throughout) + lysis(= lyein: unfasten) → 마음을 열어보기,Freud가 정신 분석학의 아버지라고들 한다.,
3,40,psych,"마음, 정신(mind)",psychotherapy,심리 치료[법],Psychotherapy treats personality disorders.,psychotherapy,high,What does psychotherapy mean?,심리 치료[법],etymology,1321,DAY 40,5,"마음, 정신(mind)",psych(o)(= mind) + therapy(= healing) → 마음의 치유법,심리 치료법은 성격 장애를 치료한다.,
3,41,puls,"추진(push), 맥박(beat)",impulsive,"충동적인, 감정에 끌린",We tend to make impulsive purchases.,impulsive,high,What does impulsive mean?,"충동적인, 감정에 끌린",etymology,1322,DAY 41,6,"추진(push), 맥박(beat)",im(= in: into) + puls(= push) + ive(접사) → 하도록 만드는,우리는 충동적인 구매를 하는 경향이 있다.,
3,41,puls,"추진(push), 맥박(beat)",compulsive,"강박적인, 상습적인",Many people suffer from compulsive eating disorders.,compulsive,high,What does compulsive mean?,"강박적인, 상습적인",etymology,1323,DAY 52,6,"추진(push), 맥박(beat)",com(= thoroughly) + puls(= push) + ive(접사) → 완전히 몰아가는,많은 사람들이 강박적인 식이 장애로 고생한다.,
3,41,puls,"추진(push), 맥박(beat)",pulse,"맥박, 고동 v. 활기가 넘치다, 맥박이 뛰다",I need to take your pulse every ten minutes.,pulse,high,What does pulse mean?,"맥박, 고동 v. 활기가 넘치다, 맥박이 뛰다",etymology,1324,DAY 52,6,"추진(push), 맥박(beat)",라틴어 pulsus(= beat)에서 유래 → 맥박,저는 당신의 맥박을 10분마다 측정해야 합니다.,
3,41,punc,"찌르다(prick), 가리키다(point)",punctual,"시간을 엄수하는, 어김없는",Can you be punctual on your delivery date?,punctual,high,What does punctual mean?,"시간을 엄수하는, 어김없는",etymology,1325,DAY 52,7,"찌르다(prick), 가리키다(point)",punc(= prick) + tual(접사) → 찌르는 행동의,배송 날짜를 엄수할 수 있나요?,
3,41,punc,"찌르다(prick), 가리키다(point)",punctuate,"구두점을 찍다, 중단시키다",We learn how to punctuate and spell.,punctuate|punctuation,high,What does punctuate mean?,"구두점을 찍다, 중단시키다",etymology,1326,DAY 52,7,"찌르다(prick), 가리키다(point)",punc(= prick) + tuate(접사) → 찌르다,우리는 구두점을 찍는 법과 철자법을 배운다.,
3,41,punc,"찌르다(prick), 가리키다(point)",acupuncture,"침술(鍼術), 침 치료",Acupuncture appears to be effective in relieving pain.,acupuncture,high,What does acupuncture mean?,"침술(鍼術), 침 치료",etymology,1327,DAY 52,7,"찌르다(prick), 가리키다(point)",acu(= acus: needle) + punc(= prick) + ture(접사) → 바늘로 찌르는 것,침술이 고통을 완화하는 데 효과가 있는 것 같아 보인다.,
3,41,punc,"찌르다(prick), 가리키다(point)",pungent,"자극성의, 톡 쏘는, 얼얼한",Garlic has a pungent taste and odor.,pungent,high,What does pungent mean?,"자극성의, 톡 쏘는, 얼얼한",etymology,1328,DAY 52,7,"찌르다(prick), 가리키다(point)",라틴어 pungentem(= prick)에서 유래 → 찌르는 듯한,마늘은 자극적인 맛과 향을 가졌다.,
3,41,put,생각하다(think),compute,"계산하다, 산출하다",Final results had not yet been computed.,compute|computation,high,What does compute mean?,"계산하다, 산출하다",etymology,1329,DAY 52,1,생각하다(think),com(= together) + put(e)(= putare: think) → 함께 생각하다 → 함께 계산하다,최종 결과가 아직 산출되지 않았다.,
3,41,put,생각하다(think),dispute,"반박하다, 이의를 제기하다 n. 논란, 논쟁",They do not dispute the fact that the company is in trouble.,dispute,high,What does dispute mean?,"반박하다, 이의를 제기하다 n. 논란, 논쟁",etymology,1330,DAY 52,1,생각하다(think),dis(= apart) + put(e)(= putare: think) → 따로따로 생각하다,그들은 그 회사가 어려움을 겪고 있다는 사실에 이의를 제기하지 않는다.,
3,41,put,생각하다(think),reputation,"평판, 명성",Her reputation as a heroine grew and grew.,reputation,high,What does reputation mean?,"평판, 명성",etymology,1331,DAY 53,1,생각하다(think),re(= again) + put(= putare: think) + at(e)(접사) + ion(접사) → 다시 생각남 → 명성,영웅으로서의 그녀의 명성은 점점 더 커졌다.,
3,41,quer/quir,"찾아보다(seek), 묻다(ask), 얻다(obtain)",conquer,"정복하다, 물리치다",The Normans conquered England in 1066.,conquer|conquest,high,What does conquer mean?,"정복하다, 물리치다",etymology,1332,DAY 53,2,"찾아보다(seek), 묻다(ask), 얻다(obtain)",con(= together) + quer(= quaerere: seek) → 함께 힘써 찾아보다,노르만족은 1066년에 잉글랜드를 정복했다.,
3,41,quer/quir,"찾아보다(seek), 묻다(ask), 얻다(obtain)",query,"문의, 질문 v. 의문을 제기하다, 묻다",Please call us if you have any queries about the contract.,query,high,What does query mean?,"문의, 질문 v. 의문을 제기하다, 묻다",etymology,1333,DAY 53,2,"찾아보다(seek), 묻다(ask), 얻다(obtain)",라틴어 quaere(= ask)에서 유래 → 묻는 것,계약서에 문의가 있는 경우 저희에게 연락 주세요.,
3,41,quer/quir,"찾아보다(seek), 묻다(ask), 얻다(obtain)",acquire,"얻다, 습득하다, 획득하다",We acquire knowledge from experiences.,acquire|acquisition,high,What does acquire mean?,"얻다, 습득하다, 획득하다",etymology,1334,DAY 53,2,"찾아보다(seek), 묻다(ask), 얻다(obtain)",ac(= ad: to) + quir(e)(= quaerere: obtain) → 얻어내는 방향으로 가다,우리는 경험으로부터 지식을 얻는다.,
3,41,quer/quir,"찾아보다(seek), 묻다(ask), 얻다(obtain)",inquire,"묻다, 알아보다",“Why are you doing that?” the boy inquired.,inquire|inquiry,high,What does inquire mean?,"묻다, 알아보다",etymology,1335,DAY 53,2,"찾아보다(seek), 묻다(ask), 얻다(obtain)",in(= into) + quir(e)(= quaerere: ask) → 깊이 묻다,“왜 그걸 하고 있니?”라고 그 소년이 물었다.,
3,41,quer/quir,"찾아보다(seek), 묻다(ask), 얻다(obtain)",require,"필요로 하다, 요구하다",Our pets require a lot of care and attention.,require|requirement,high,What does require mean?,"필요로 하다, 요구하다",etymology,1336,DAY 53,2,"찾아보다(seek), 묻다(ask), 얻다(obtain)",re(= again) + quir(e)(= quaerere: seek) → 다시 찾다,우리 애완동물들은 많은 보살핌과 관심을 필요로 한다.,require|demand|insist
3,41,quer/quir,"찾아보다(seek), 묻다(ask), 얻다(obtain)",exquisite,"매우 아름다운, 정교한, 강렬한",,exquisite,high,What does exquisite mean?,"매우 아름다운, 정교한, 강렬한",etymology,1337,DAY 53,2,"찾아보다(seek), 묻다(ask), 얻다(obtain)",ex(= out) + quisit(e)(= quaerere의 변이형: seek) → 외부에서 찾아볼 만한 → 아름다운,Look at this exquisite painting. 이 매우 아름다운 그림을 보세요.,
3,41,rat,"생각하다(think), 계산하다(calculate)",rate,"비율, 요금, 속도 v. 평가하다, 등급을 매기다",Australia’s unemployment rate rose to 6.5% in February.,rate,high,What does rate mean?,"비율, 요금, 속도 v. 평가하다, 등급을 매기다",etymology,1338,DAY 53,3,"생각하다(think), 계산하다(calculate)",라틴어 rata(= fixed amount by thinking)에서 유래 → 생각하여 결정된 값,호주의 실업률이 2월에 6.5퍼센트로 올랐다.,rate|charge|fee
3,41,annual,membership fee (회원의) 연회비,rational,"이성적인, 합리적인",There must be some rational explanation for what happened.,rational|ration,high,What does rational mean?,"이성적인, 합리적인",etymology,1339,DAY 53,4,membership fee (회원의) 연회비,ration(= rationem: calculation) + al(접사) → 계산이 들어간 → 이성적인,일어난 일에 대한 어느 정도의 합리적인 설명이 있어야만 한다.,
3,41,annual,membership fee (회원의) 연회비,ratio,"비율, 비",The ratio of men to women at the conference was ten to,ratio,high,What does ratio mean?,"비율, 비",etymology,1340,DAY 53,4,membership fee (회원의) 연회비,라틴어 ratio(= calculation)에서 유래 → 계산하여 나온 비율,one. 회의에 참석한 남녀 비율은 10대 1이었다.,
3,41,rect,"바른(right), 직선의(straight), 안내하다(guide)",rectify,(잘못된 것을) 바로잡다,Raising the minimum wage won’t do much to rectify inequality.,rectify,high,What does rectify mean?,(잘못된 것을) 바로잡다,etymology,1341,DAY 53,5,"바른(right), 직선의(straight), 안내하다(guide)",rect(= right) + ify(접사) → 바른 쪽으로 이끌다 → 바로잡다,최저 임금을 올리는 것은 불평등을 바로잡는 데 별 도움이 되지 않을 것이다.,
3,41,rect,"바른(right), 직선의(straight), 안내하다(guide)",rectangle,직사각형,Write the number in the rectangle.,rectangle|rectangular,high,What does rectangle mean?,직사각형,etymology,1342,DAY 53,5,"바른(right), 직선의(straight), 안내하다(guide)",rect(= straight) + angle(= angle: 각도) → 직선으로 이루어진 각도 → 직사각형,직사각형 안에 숫자를 쓰시오.,
3,41,rect,"바른(right), 직선의(straight), 안내하다(guide)",correct,"올바른, 정확한 v. 바로잡다, 정정하다",Correct behavior is required to achieve this aim.,correct|correction,high,What does correct mean?,"올바른, 정확한 v. 바로잡다, 정정하다",etymology,1343,DAY 53,5,"바른(right), 직선의(straight), 안내하다(guide)",cor(= completely) + rect(= straight) → 완벽하게 바른 → 올바른,이 목표를 달성하기 위해 올바른 행동이 요구된다.,
3,41,rect,"바른(right), 직선의(straight), 안내하다(guide)",direct,"지도하다, 지시하다, 안내하다 a. 직접의, 직접적인",Could you direct me to the subway station?,direct|direction,high,What does direct mean?,"지도하다, 지시하다, 안내하다 a. 직접의, 직접적인",etymology,1344,DAY 53,5,"바른(right), 직선의(straight), 안내하다(guide)",di(= dis: apart) + rect(= guide) → 따로따로 안내하다 → 지도하다,지하철역으로 가는 길을 안내해 주시겠어요?,
3,41,rect,"바른(right), 직선의(straight), 안내하다(guide)",erect,"똑바로 선 v. (똑바로) 세우다, 건립하다",The rabbit looked all around with its ears erect.,erect,high,What does erect mean?,"똑바로 선 v. (똑바로) 세우다, 건립하다",etymology,1345,DAY 53,5,"바른(right), 직선의(straight), 안내하다(guide)",e(= up) + rect(= straight) → 위쪽으로 똑바른,그 토끼는 귀를 똑바로 세우고 사방을 둘러보았다.,
3,41,reg/regul,다스리다(rule),region,"지방, 지역",Snow is expected in mountain regions.,region|regional,high,What does region mean?,"지방, 지역",etymology,1346,DAY 53,6,다스리다(rule),reg(= rule) + ion(접사) → 다스리는 지역,산악 지역에 눈이 예상된다.,
3,41,reg/regul,다스리다(rule),regular,"규칙적인, 정기적인",Regular exercise is important for our health.,regular|regularity,high,What does regular mean?,"규칙적인, 정기적인",etymology,1347,DAY 53,6,다스리다(rule),regul(= rule) + ar(접사) → 다스림이 가능한 → 규칙적인,규칙적인 운동은 우리의 건강에 중요하다.,
3,41,reg/regul,다스리다(rule),regulate,"규제하다, 조정[조절]하다",People sweat to regulate their body temperature.,regulate|regulation,high,What does regulate mean?,"규제하다, 조정[조절]하다",etymology,1348,DAY 53,6,다스리다(rule),regul(= rule) + ate(접사) → 다스리다 → 규제하다,사람들은 자신의 체온을 조절하기 위해 땀을 흘린다.,
3,41,rupt,깨다(break),abrupt,"돌연한, 갑작스러운",His departure was abrupt and completely unexpected.,abrupt,high,What does abrupt mean?,"돌연한, 갑작스러운",etymology,1349,DAY 53,7,깨다(break),ab(= off) + rupt(= break) → 멀리서 깨진 → 느닷없이 깨진,그의 출발은 갑작스러웠고 전혀 예상치 못한 것이었다.,
3,41,rupt,깨다(break),bankrupt,"파산한, 결핍된 v. 파산시키다 n. 파산자",Many companies went bankrupt after interest rates rose.,bankrupt|bankruptcy,high,What does bankrupt mean?,"파산한, 결핍된 v. 파산시키다 n. 파산자",etymology,1350,DAY 53,7,깨다(break),bank(= banca: table) + rupt(= break) → 계산대가 부서진 → 파산한,많은 회사들이 금리가 오른 후 파산했다.,
3,41,rupt,깨다(break),interrupt,"방해하다, 가로막다","Sorry to interrupt, but can I add something here?",interrupt,high,What does interrupt mean?,"방해하다, 가로막다",etymology,1351,DAY 53,7,깨다(break),inter(= between) + rupt(= break) → 사이를 깨고 들어가다,"방해해서 미안하지만, 여기서 뭔가를 추가해도 될까?",
3,41,sacr/sain,신성한(holy),sacred,"신성한, 성스러운",The sun was believed to be sacred in ancient Egypt.,sacred,high,What does sacred mean?,"신성한, 성스러운",etymology,1352,DAY 53,1,신성한(holy),sacr(= holy) + ed(접사) → 신성하게 여겨지는,고대 이집트에서는 태양이 신성하다고 믿어졌다.,
3,41,sacr/sain,신성한(holy),sacrifice,희생하다 n. 희생,I sacrificed everything to win the competition.,sacrifice,high,What does sacrifice mean?,희생하다 n. 희생,etymology,1353,DAY 53,1,신성한(holy),sacr(i)(= sacer: holy) + fice(= facere: make) → 신성하게 만들다,대회에서 우승하기 위해 나는 모든 것을 희생했다.,
3,41,sacr/sain,신성한(holy),saint,"성자, 성인",They named their children after saints.,saint,high,What does saint mean?,"성자, 성인",etymology,1354,DAY 54,1,신성한(holy),라틴어 sanctus(= holy)에서 유래 → 신성한 사람,그들은 성인들의 이름을 따서 자녀들의 이름을 지었다.,
3,42,scend,오르다(climb),ascend,올라가다,The wind got colder as we ascended.,ascend|ascendant,high,What does ascend mean?,올라가다,etymology,1355,DAY 42,2,오르다(climb),a(= ad: to) + scend(= climb) → ~로 오르다,우리가 위로 올라갈수록 바람이 점점 더 차가워졌다.,
3,42,scend,오르다(climb),descend,내려가다,I found everything damp when I descended to the cellar.,descend|descendant,high,What does descend mean?,내려가다,etymology,1356,DAY 42,2,오르다(climb),de(= down) + scend(= climb) → 아래로 가다,지하실로 내려갔을 때 나는 모든 것이 습한 것을 알았다.,
3,42,scend,오르다(climb),transcend,초월하다,The characters in the computer game can transcend time and space.,transcend,high,What does transcend mean?,초월하다,etymology,1357,DAY 42,2,오르다(climb),tran(= trans: across) + scend(= climb) → 가로질러 오르다,컴퓨터 게임의 등장인물들은 시공을 초월할 수 있다.,surpass|outperform
3,42,sci,알다(know),conscious,"의식이 있는, 의식적인",A patient who is not conscious should be placed on his side.,conscious|consciousness,high,What does conscious mean?,"의식이 있는, 의식적인",etymology,1358,DAY 42,3,알다(know),con(= com: together) + sci(= know) + ous(접사) → 함께 아는,의식이 없는 환자는 옆으로 눕혀야 한다.,
3,42,sci,알다(know),science,과학,I felt interested in studying science.,science|scientific,high,What does science mean?,과학,etymology,1359,DAY 42,3,알다(know),라틴어 scientia(= knowledge)에서 유래,나는 과학을 공부하는 것에 흥미를 느꼈다.,
3,42,sci,알다(know),conscience,양심,,conscience|conscientious,high,What does conscience mean?,양심,etymology,1360,DAY 42,3,알다(know),con(= com: together) + science(= knowledge) → 누구나 함께 알고 있는 것,This is a matter of our conscience. 이것은 우리의 양심 문제이다.,
3,42,sci,알다(know),subconscious,잠재의식적인,Everyone has subconscious desires.,subconscious,high,What does subconscious mean?,잠재의식적인,etymology,1361,DAY 42,3,알다(know),sub(= under) + con(= com: together) + sci(= know) + ous(접사) → 아래에 함께 알고 있는,모든 사람은 잠재의식적인 욕망을 가지고 있다.,
3,42,scrib/script,쓰다(write),describe,"묘사하다, 설명하다",Can you describe the suspect?,describe|description,high,What does describe mean?,"묘사하다, 설명하다",etymology,1362,DAY 42,4,쓰다(write),de(= down) + scrib(e)(=write) → 아래에 쓰다,그 용의자를 설명해줄 수 있나요?,
3,42,scrib/script,쓰다(write),ascribe,~의 탓으로 돌리다,Max ascribed his failure to bad luck.,ascribe,high,What does ascribe mean?,~의 탓으로 돌리다,etymology,1363,DAY 42,4,쓰다(write),a(= ad: to) + scrib(e)(=write) → ~에 쓰다,Max는 자신의 실패를 불운 탓으로 돌렸다.,attribute|blame
3,42,scrib/script,쓰다(write),transcribe,"(생각, 말을 글로) 기록하다",The interview will be transcribed a few days later.,transcribe,high,What does transcribe mean?,"(생각, 말을 글로) 기록하다",etymology,1364,DAY 42,4,쓰다(write),tran(= trans: across) + scrib(e)(=write) → (방식을) 넘어가서 쓰다,그 인터뷰는 며칠 뒤에 글로 옮겨 기록될 것이다,
3,42,scrib/script,쓰다(write),scribble,휘갈겨 쓰다,He scribbled down his phone number and gave it to her.,scribble,high,What does scribble mean?,휘갈겨 쓰다,etymology,1365,DAY 42,4,쓰다(write),라틴어 scribere(=write)에서 유래,그는 자기 전화번호를 휘갈겨 쓰더니 그것을 그녀에게 주었다.,
3,42,scrib/script,쓰다(write),script,"대본, 원고, 글씨체",That line wasn’t in the script.,script,high,What does script mean?,"대본, 원고, 글씨체",etymology,1366,DAY 42,4,쓰다(write),script(=write) → 써 놓은 것,저 대사는 대본에 없었다.,
3,42,scrib/script,쓰다(write),transcript,"필사본, 성적 증명서",I don’t know how the transcript has been leaked to the press.,transcript,high,What does transcript mean?,"필사본, 성적 증명서",etymology,1367,DAY 42,4,쓰다(write),tran(= trans: across) + script(=write) → (방식을) 넘어가서 써 놓은 것,나는 그 필사본이 어떻게 언론에 누출되었는지 모른다.,
3,42,sect,자르다(cut),section,"구획, 부문",That section of the road was damaged badly.,section,high,What does section mean?,"구획, 부문",etymology,1368,DAY 42,5,자르다(cut),sect(= cut) + ion(접사) → 잘라 놓은 것,도로의 그 구획은 몹시 손상되었다.,
3,42,sect,자르다(cut),insect,곤충,I flipped the insect from my shoulder.,insect,high,What does insect mean?,곤충,etymology,1369,DAY 42,5,자르다(cut),in(= into) + sect(= cut) → 안으로 잘라 놓은 것처럼 생긴 것,나는 어깨에서 곤충을 툭 털어냈다.,
3,42,sect,자르다(cut),intersect,교차하다,The highways intersect at right angles.,intersect|intersection,high,What does intersect mean?,교차하다,etymology,1370,DAY 42,5,자르다(cut),inter(= between) + sect(= cut) → 사이를 자르다,그 고속도로들은 직각으로 교차한다.,
3,42,sect,자르다(cut),dissect,해부하다,"In biology class, we dissected frogs.",dissect,high,What does dissect mean?,해부하다,etymology,1371,DAY 42,5,자르다(cut),dis(= apart) + sect(= cut) → 따로 잘라 놓다,생물 시간에 우리는 개구리를 해부했다.,
3,42,sect,자르다(cut),segment,"부분, 조각",These streets divide the area into segments.,segment,high,What does segment mean?,"부분, 조각",etymology,1372,DAY 42,5,자르다(cut),라틴어 secare(= cut)의 명사형 segmentum(= a cutting)에서 유래 → 잘라 놓은 것,이 도로들이 그 지역을 여러 부분으로 나눈다.,
3,42,sembl,닮다(be like),resemble,닮다,Her daughters closely resemble each other.,resemble|resemblance,high,What does resemble mean?,닮다,etymology,1373,DAY 42,6,닮다(be like),re(= again) + sembl(e)(= sembler: be like) → 다시 유사하다,그녀의 딸들은 서로 많이 닮았다.,
3,42,sembl,닮다(be like),dissemble,"감추다, 위장하다",My friend tried to dissemble his disappointment with a smile.,dissemble,high,What does dissemble mean?,"감추다, 위장하다",etymology,1374,DAY 42,6,닮다(be like),dis(= not) + sembl(e)(= sembler: be like) → 유사하게 보이지 않다,내 친구는 미소로 자신의 실망감을 감추려고 노력했다.,
3,42,sembl,닮다(be like),assembly,"집회, 의회, 조립",They asked for freedom of speech and freedom of assembly.,assembly,high,What does assembly mean?,"집회, 의회, 조립",etymology,1375,DAY 42,6,닮다(be like),고대 프랑스어 assemblee(= gathering)에서 유래 → 모이는 것,그들은 표현의 자유와 집회의 자유를 요구했다.,
3,42,sens/sent,"느낌(feeling), 지각(perception),",sense,"감(각), 지각, 의미 v. 감지하다, 느끼다",I get a real sense of satisfaction out of being able to help people.,sense|ensible|sensitive|sensitivity,high,What does sense mean?,"감(각), 지각, 의미 v. 감지하다, 느끼다",etymology,1376,DAY 42,1,"느낌(feeling), 지각(perception),",라틴어 sensus(= perception)에서 유래 → 감지,나는 사람들을 도울 수 있다는 것에서 진정한 만족감을 얻는다.,
3,42,sens/sent,"느낌(feeling), 지각(perception),",sensory,"감각의, 지각의",We can use sensory information to make fine judgments.,sensory,high,What does sensory mean?,"감각의, 지각의",etymology,1377,DAY 42,1,"느낌(feeling), 지각(perception),",sens(= sensus: perception) + ory(접사) → 감지하는,우리는 훌륭한 판단을 내리기 위해 감각 정보를 사용할 수 있다.,
3,42,sens/sent,"느낌(feeling), 지각(perception),",sensation,"느낌, 감각, 감동, 감흥, 감정",I felt a cold sensation as I approached her room.,sensation|sensational,high,What does sensation mean?,"느낌, 감각, 감동, 감흥, 감정",etymology,1378,DAY 42,1,"느낌(feeling), 지각(perception),","sens(= sensus: feeling) + at(= ate: 접사) + ion(접사) → 오감으로 아는 것, 감각이 있는 것",그녀의 방에 접근하면서 나는 차가운 느낌이 들었다.,
3,42,sens/sent,"느낌(feeling), 지각(perception),",sentiment,"정서, 감정, 감상",His misstatement was calculated to arouse war sentiment.,sentiment|sentimental,high,What does sentiment mean?,"정서, 감정, 감상",etymology,1379,DAY 42,1,"느낌(feeling), 지각(perception),","sent(i)(= sentire: feel) + ment(접사) → 감정, 느낌",그의 허위 진술은 전의를 불러일으키기 위해 계산되었다.,
3,42,sens/sent,"느낌(feeling), 지각(perception),",assent,"찬성하다, 동의하다, 승낙하다 n. 찬성, 승인",Most people assented to the suggestion.,assent,high,What does assent mean?,"찬성하다, 동의하다, 승낙하다 n. 찬성, 승인",etymology,1380,DAY 42,1,"느낌(feeling), 지각(perception),",as(= ad: to) + sent(= sentire: feel) → 다른 사람들과 같이 느끼다,대부분의 사람은 그 제안에 찬성했다.,
3,42,sens/sent,"느낌(feeling), 지각(perception),",dissent,"이의를 제기하다, 의견을 달리하다 n. 반대, 의견 차이",He dissented from the decision of the committee.,dissent,high,What does dissent mean?,"이의를 제기하다, 의견을 달리하다 n. 반대, 의견 차이",etymology,1381,DAY 42,1,"느낌(feeling), 지각(perception),","dis(= apart, differently) + sent(= sentire: feel) → 다른 사람들의 느낌과는 떨어져 있다, 다르게 느끼다",그는 위원회의 결정에 이의를 제기했다.,
3,42,sens/sent,"느낌(feeling), 지각(perception),",consent,"승낙하다, 동의하다, 찬성하다 n. 승낙, 동의, 찬성",At last he consented to make a speech.,consent|consensus,high,What does consent mean?,"승낙하다, 동의하다, 찬성하다 n. 승낙, 동의, 찬성",etymology,1382,DAY 42,1,"느낌(feeling), 지각(perception),",con(= com: with) + sent(= sentire: feel) → 어떤 것에 대해 같이 느끼다,마침내 그는 연설할 것을 승낙했다.,
3,42,sens/sent,"느낌(feeling), 지각(perception),",resent,"분개하다, 화내다, 원망하다",She resented his attachment to the past.,resent|resentment,high,What does resent mean?,"분개하다, 화내다, 원망하다",etymology,1383,DAY 42,1,"느낌(feeling), 지각(perception),",re(= again) + sent(= sentire: feel) → 다시 느껴보다,그녀는 과거에 대한 그의 집착에 분개했다.,
3,42,sens/sent,"느낌(feeling), 지각(perception),",sentence,"문장, 선고, 형벌 v. 선고하다, 형에 처하다, 판결하다",She forgot to put a period at the end of the sentence.,sentence,high,What does sentence mean?,"문장, 선고, 형벌 v. 선고하다, 형에 처하다, 판결하다",etymology,1384,DAY 42,1,"느낌(feeling), 지각(perception),",sent(= sentire: feel) + ence(접사) → 생각이나 의견(을 쓴 것),그녀는 문장 끝에 마침표를 찍는 것을 잊었다.,
3,42,sens/sent,"느낌(feeling), 지각(perception),",scent,"향(기), 냄새 v. ~의 냄새를 맡다, 알아채다",The sweet scent of fruit and roses stirred his senses.,scent|scented|scentless,high,What does scent mean?,"향(기), 냄새 v. ~의 냄새를 맡다, 알아채다",etymology,1385,DAY 42,1,"느낌(feeling), 지각(perception),","라틴어 sentire(= feel, perceive)에서 유래 → 감각으로 느끼는 것",과일과 장미의 달콤한 향이 그의 감각을 자극했다.,
3,42,sequ,"따라가다, 뒤를 잊다(follow)",sequence,"순서, 연달아 일어남, 연속(물) v. 차례로 나열하다",You can’t simply print the pages in sequence.,sequence|sequent|sequential,high,What does sequence mean?,"순서, 연달아 일어남, 연속(물) v. 차례로 나열하다",etymology,1386,DAY 42,2,"따라가다, 뒤를 잊다(follow)",sequ(= sequi: follow) + ence(접사) → 따라다니는 것,당신은 절대로 그 페이지들을 순서대로 출력할 수 없다.,
3,42,sequ,"따라가다, 뒤를 잊다(follow)",consequent,"결과로서 일어나는, 필연적인",The drought and consequent famine struck most of the village.,consequent|consequence|consequential,high,What does consequent mean?,"결과로서 일어나는, 필연적인",etymology,1387,DAY 42,2,"따라가다, 뒤를 잊다(follow)",con(= com: with) + sequ(= sequi: follow) + ent(접사) → 뒤에 함께 따라오는,가뭄과 그 결과로 생긴 기근이 마을 대부분을 가격했다.,
3,42,sequ,"따라가다, 뒤를 잊다(follow)",subsequent,"그 다음의, 차후의",Subsequent generations would likely be less affected.,subsequent|subsequently,high,What does subsequent mean?,"그 다음의, 차후의",etymology,1388,DAY 42,2,"따라가다, 뒤를 잊다(follow)","sub(= closely, up to) + sequ(= sequi: follow) + ent(접사) → 바로 뒤따라가는",그 다음 세대들은 영향을 덜 받을 것이다.,
3,43,ser/sert,"결합하다, 결속시키다(join, join together)",serial,"순차적인, 일련의, 연재되는 n. 연속극, 연재물",Eight pictures were displayed in serial order.,serial,high,What does serial mean?,"순차적인, 일련의, 연재되는 n. 연속극, 연재물",etymology,1389,DAY 43,3,"결합하다, 결속시키다(join, join together)",ser(i)(= serere: join) + al(접사) → 연결된,여덟 개의 그림이 순차적으로 전시되어 있었다.,
3,43,ser/sert,"결합하다, 결속시키다(join, join together)",assert,"주장하다, 단언하다",Mr. Spencer asserted his innocence twice.,assert|assertion|assertive,high,What does assert mean?,"주장하다, 단언하다",etymology,1390,DAY 43,3,"결합하다, 결속시키다(join, join together)",as(= ad: to) + sert(= serere: join) → 연속해서 자기 쪽으로 생각이나 말 등을 결합하다,Spencer 씨는 자신의 무죄를 두 번 주장했다.,
3,43,ser/sert,"결합하다, 결속시키다(join, join together)",desert,"버리다, 떠나다 n. 사막",The city had been deserted for over a century.,desert,high,What does desert mean?,"버리다, 떠나다 n. 사막",etymology,1391,DAY 43,3,"결합하다, 결속시키다(join, join together)",de(= undo) + sert(= serere: join together) → 함께 결합되어 있는 것을 떼어 버리다,그 도시는 한 세기 넘게 버려져 있었다.,
3,43,ser/sert,"결합하다, 결속시키다(join, join together)",exert,"행사하다, 발휘하다, 가하다",Music from around the world has always exerted influences on jazz.,exert|exertion,high,What does exert mean?,"행사하다, 발휘하다, 가하다",etymology,1392,DAY 43,3,"결합하다, 결속시키다(join, join together)",ex(= out) + (s)ert(= serere: join) → 힘을 모아 밖으로 내어 놓다,전 세계의 음악은 항상 재즈에 영향력을 행사해 왔다.,
3,43,serv,"보관하다(keep), 보살피다(watch over), 지키다(keep safe)",reserve,"예약하다, 유보하다, 보유하다 n. 매장량, 비축물, 보호 구역",I’d like to reserve a table for two.,reserve|reservation,high,What does reserve mean?,"예약하다, 유보하다, 보유하다 n. 매장량, 비축물, 보호 구역",etymology,1393,DAY 43,4,"보관하다(keep), 보살피다(watch over), 지키다(keep safe)",re(= back) + serv(e)(= keep) → 보관해 두다,저는 두 명 자리를 예약하고 싶어요.,
3,43,serv,"보관하다(keep), 보살피다(watch over), 지키다(keep safe)",conserve,"보호하다, 보존하다, 절약하다",We must conserve forests for their natural beauty.,conserve|conservation|conservative,high,What does conserve mean?,"보호하다, 보존하다, 절약하다",etymology,1394,DAY 43,4,"보관하다(keep), 보살피다(watch over), 지키다(keep safe)",con(= com: intensive) + serv(e)(= watch over) → 완전하게 보살피다,우리는 숲의 자연적인 아름다움을 위해 숲을 보호해야 한다.,
3,43,serv,"보관하다(keep), 보살피다(watch over), 지키다(keep safe)",observe,"목격하다, 관찰하다, 준수하다",Scientists have observed increasing evidence of forest damage.,observe|observation|observance,high,What does observe mean?,"목격하다, 관찰하다, 준수하다",etymology,1395,DAY 43,4,"보관하다(keep), 보살피다(watch over), 지키다(keep safe)",ob(= in front of) + serv(e)(= keep safe) → 앞에서 지키다,과학자들은 늘어나고 있는 산림 훼손의 증거를 목격해 왔다.,
3,43,sid/sess,앉다(sit),reside,"살다, 거주하다, 존재하다",He resided in the city of Richmond.,reside|residence|resident,high,What does reside mean?,"살다, 거주하다, 존재하다",etymology,1396,DAY 43,5,앉다(sit),"re(= back, again) + sid(e)(= sedere: sit) → 뒤에 앉아 있다[앞으로 나아가지 않고 머무르다]",그는 Richmond 시에 살았다.,
3,43,sid/sess,앉다(sit),preside,"사회를 보다, 주재하다",The young mayor will have to preside at the meeting.,preside,high,What does preside mean?,"사회를 보다, 주재하다",etymology,1397,DAY 43,5,앉다(sit),pre(= before) + sid(e)(= sedere: sit) → 앞에 앉다,그 젊은 시장이 그 회의에서 사회를 봐야 할 것이다.,
3,43,sid/sess,앉다(sit),subside,"가라앉다, 진정되다, 내려앉다",The wind gradually subsided.,subside,high,What does subside mean?,"가라앉다, 진정되다, 내려앉다",etymology,1398,DAY 43,5,앉다(sit),sub(= under) + sid(e)(= sedere: sit) → 아래에 앉게 하다,바람이 점차 가라앉았다.,
3,43,sid/sess,앉다(sit),obsess,"강박 관념을 갖게 하다, 사로잡다",Some people are obsessed with their weight.,obsess|obsession,high,What does obsess mean?,"강박 관념을 갖게 하다, 사로잡다",etymology,1399,DAY 43,5,앉다(sit),ob(= against) + sess(= sedere: sit) → 들러붙다,어떤 사람들은 자신들의 몸무게에 대한 강박 관념에 사로잡혀 있다.,
3,43,sid/sess,앉다(sit),session,"학기, 수업, 시간, 개회 중임, 회의",This course will be offered during the fall session.,session,high,What does session mean?,"학기, 수업, 시간, 개회 중임, 회의",etymology,1400,DAY 43,5,앉다(sit),sess(= sedere: sit) + ion(접사) → 앉아 있음,이 강좌는 가을 학기 동안 제공될 것이다,
3,43,sign,표시하다(mark),assign,"(일, 책임 등을) 맡기다, 할당하다, (가치, 기능을) 부여하다",I was assigned the task of taking care of the babies.,assign|assignment,high,What does assign mean?,"(일, 책임 등을) 맡기다, 할당하다, (가치, 기능을) 부여하다",etymology,1401,DAY 43,1,표시하다(mark),as(= ad: to) + sign(=mark) → 해야 할 일을 표시하다,나는 아기들을 돌보는 일을 맡았다.,
3,43,sign,표시하다(mark),resign,"사임[사직]하다, 포기하다, 체념하다","He wanted to resign, but his boss persuaded him to stay.",resign|resignation,high,What does resign mean?,"사임[사직]하다, 포기하다, 체념하다",etymology,1402,DAY 43,1,표시하다(mark),re(= back) + sign(=mark) → 일에서 물러나겠다고 표시하다,"그는 사직하고 싶었지만, 그의 상사는 그에게 남으라고 설득했다.",
3,43,sign,표시하다(mark),design,"설계[디자인]하다, 고안하다 n. 설계, 디자인, 고안, 계획",A team of engineers designed the new car.,design,high,What does design mean?,"설계[디자인]하다, 고안하다 n. 설계, 디자인, 고안, 계획",etymology,1403,DAY 43,1,표시하다(mark),de(= out) + sign(=mark) → 밖으로 표시해 나타내다,한 팀의 공학자들이 그 신차를 설계했다,
3,43,sign,표시하다(mark),signature,서명(하기),We need your signature at the bottom of the form.,signature|sign,high,What does signature mean?,서명(하기),etymology,1404,DAY 43,1,표시하다(mark),sign(=mark) + at(e)(접사)+ ure(접사) → 사인으로 표시를 함,신청서 맨 아래에 당신의 서명이 필요합니다.,
3,43,sign,표시하다(mark),signify,"의미하다, 나타내다, 중요하다",,signify|significant|significance,high,What does signify mean?,"의미하다, 나타내다, 중요하다",etymology,1405,DAY 43,1,표시하다(mark),sign(=mark) + ify(접사) → 기호 등으로 표시해 보이다,The color green signifies nature. 초록색은 자연을 나타낸다.,
3,43,sign,표시하다(mark),signal,"신호, 징조 v. 신호를 보내다, 조짐을 보이다",We can’t start until we get the signal.,signal,high,What does signal mean?,"신호, 징조 v. 신호를 보내다, 조짐을 보이다",etymology,1406,DAY 43,1,표시하다(mark),sign(=mark) + al(접사) → 눈에 보이게 해 놓은 표시,신호를 받을 때까지 출발할 수 없다.,
3,43,sign,표시하다(mark),designate,"지명[임명]하다, 지정하다, 표시하다",He was designated as captain.,designate|designated|designation,high,What does designate mean?,"지명[임명]하다, 지정하다, 표시하다",etymology,1407,DAY 43,1,표시하다(mark),de(= out) + sign(=mark) + ate(접사) → 선택한 것을 표시해 밖으로 보이다,그는 주장으로 지명되었다.,
3,43,sist,서 있다(stand),assist,"돕다, 원조하다, 도움이 되다",I will do everything to assist you.,assist|assistant|assistance,high,What does assist mean?,"돕다, 원조하다, 도움이 되다",etymology,1408,DAY 43,2,서 있다(stand),as(= ad: to) + sist(= stand) → 가까이에 서서 힘이 되어주다,당신을 돕기 위해 모든 일을 하겠다.,
3,43,sist,서 있다(stand),consist,"~로 구성되다, ~에 있다, 존재하다",The book consists of seven chapters.,consist,high,What does consist mean?,"~로 구성되다, ~에 있다, 존재하다",etymology,1409,DAY 43,2,서 있다(stand),con(= together) + sist(= stand) → 함께 어떤 무리에 서 있다,그 책은 7강으로 구성되어 있다.,constitute|compose|comprise
3,43,sist,서 있다(stand),consistency,"일관성, 한결같음",Consistency is the key to weight loss success.,consistency|consistent,high,What does consistency mean?,"일관성, 한결같음",etymology,1410,DAY 43,2,서 있다(stand),con(= together) + sist(= stand) + ency(접사) → 함께 서서 동의하거나 조화를 이룬 상태,일관성이 체중 감량 성공에 핵심이다.,
3,43,sist,서 있다(stand),persist,"지속하다, 집요하게 계속하다, 우겨대다",This symptom can persist for days.,persist|persistent|persistence,high,What does persist mean?,"지속하다, 집요하게 계속하다, 우겨대다",etymology,1411,DAY 43,2,서 있다(stand),per(= thoroughly: 철저히) + sist(= stand) → 철저하게 한 곳에 서 있다,이 증상이 여러 날 지속될 수 있다.,
3,43,sist,서 있다(stand),exist,"존재하다, 생존하다",Do you think aliens exist?,exist|existence,high,What does exist mean?,"존재하다, 생존하다",etymology,1412,DAY 43,2,서 있다(stand),ex(= out) + (s)ist(= stand) → 밖으로 나와 서 있다,외계인이 존재한다고 생각하니?,
3,43,sist,서 있다(stand),insist,"주장하다, 고집하다, 우기다, 요구하다",He kept insisting on his innocence.,insist|insistent|insistence,high,What does insist mean?,"주장하다, 고집하다, 우기다, 요구하다",etymology,1413,DAY 43,2,서 있다(stand),in(= on) + sist(= stand) → 어떤 의견 위에 버티고 서 있다,그는 계속 자신의 무죄를 주장했다.,
3,43,soci,동반자(companion),social,"사회적인, 사회의, 사교상의",Health care is an important social issue.,social|society,high,What does social mean?,"사회적인, 사회의, 사교상의",etymology,1414,DAY 43,3,동반자(companion),soci(= companion) + al(접사) → 다른 사람과 더불어 살아가는,보건은 중요한 사회적 이슈이다.,
3,43,soci,동반자(companion),sociable,"사교적인, 붙임성 있는",She is very sociable and loves to travel.,sociable|sociability,high,What does sociable mean?,"사교적인, 붙임성 있는",etymology,1415,DAY 43,3,동반자(companion),soci(= companion) + able(접사) → 사람들과 어울릴 수 있는,그녀는 매우 사교적이고 여행하는 것을 좋아한다.,
3,43,soci,동반자(companion),sociology,사회학,He has a degree in politics and sociology.,sociology|sociological,high,What does sociology mean?,사회학,etymology,1416,DAY 43,3,동반자(companion),"soci(= companion) + ology(= science, study) → 다른 사람과 더불어 사는 것에 관한 학문",그는 정치학과 사회학의 학위를 갖고 있다.,
3,43,soci,동반자(companion),associate,"연상하다, 연관 짓다, 교제하다",What do you associate with winter?,associate|association,high,What does associate mean?,"연상하다, 연관 짓다, 교제하다",etymology,1417,DAY 43,3,동반자(companion),as(= ad: to) + soci(= companion) + ate(접사) → ~에게 동료가 되다,겨울하면 무엇이 연상되나요?,
3,43,soci,동반자(companion),socialism,사회주의,Do you think socialism can coexist with capitalism?,socialism|socialist,high,What does socialism mean?,사회주의,etymology,1418,DAY 43,3,동반자(companion),soci(= companion) + al(접사) + ism(접사) → 사회를 조직하는 것과 관련된 사상,사회주의가 자본주의와 공존할 수 있다고 생각하니?,
3,43,solv/solut,느슨하게 하다(loosen),solve,"풀다, 해결하다",Researchers are working to solve the traffic problem.,solve|solvable|solution,high,What does solve mean?,"풀다, 해결하다",etymology,1419,DAY 43,4,느슨하게 하다(loosen),solv(e)(= loosen) → 느슨하게 하다,연구원들은 교통문제를 해결하기 위해 연구하고 있다.,
3,43,solv/solut,느슨하게 하다(loosen),resolve,"결심하다, 결정하다, 해결[해소]하다",The sisters finally resolved their conflict.,resolve|resolute|resolution,high,What does resolve mean?,"결심하다, 결정하다, 해결[해소]하다",etymology,1420,DAY 43,4,느슨하게 하다(loosen),re(= back) + solv(e)(= loosen) → 문제점을 다시 돌아보고 해결하다,He resolved to quit smoking. 그는 담배를 끊겠다는 결심을 했다.,
3,43,solv/solut,느슨하게 하다(loosen),dissolve,"녹다, 용해시키다, 해산하다, (결혼, 사업 등의 관계를) 끝내다",,dissolve,high,What does dissolve mean?,"녹다, 용해시키다, 해산하다, (결혼, 사업 등의 관계를) 끝내다",etymology,1421,DAY 43,4,느슨하게 하다(loosen),dis(= apart) + solve(= loosen) → 따로 떨어뜨려 느슨하게 만들다,Salt easily dissolves in water. 소금은 물에 쉽게 녹는다.,
3,43,solv/solut,느슨하게 하다(loosen),absolute,"완전한, 절대적인, 확실한",They have absolute evidence of her guilt.,absolute|absolutely,high,What does absolute mean?,"완전한, 절대적인, 확실한",etymology,1422,DAY 43,4,느슨하게 하다(loosen),ab(= away from) + solut(e)(= loosen) → 느슨한 것과는 거리가 먼,그들은 그녀의 유죄에 대한 확실한 증거를 갖고 있다.,
3,44,soph,현명한(wise),sophomore,"(대학, 고교의) 2학년생",She dropped out of college in her sophomore year.,sophomore,high,What does sophomore mean?,"(대학, 고교의) 2학년생",etymology,1423,DAY 44,5,현명한(wise),soph(o)(= wise) + more(=morosi: foolish) → 현명하기도 하고 어리석기도 한 사람,그녀는 2학년 때 대학을 중퇴했다.,
3,44,soph,현명한(wise),philosophy,철학,Science without philosophy is very dangerous.,philosophy|philosopher,high,What does philosophy mean?,철학,etymology,1424,DAY 44,5,현명한(wise),philo(= love) + soph(= wise) + y(접사) → 지혜에 대한 사랑,철학이 없는 과학은 매우 위험하다.,
3,44,soph,현명한(wise),sophisticated,"복잡한, 정교한, 세련된, 경험 많은, 노련한, 약삭빠른",highly sophisticated computer system,sophisticated|sophistication,high,What does sophisticated mean?,"복잡한, 정교한, 세련된, 경험 많은, 노련한, 약삭빠른",etymology,1425,DAY 44,5,현명한(wise),sophist(= wise man) + ic(접사) + ate(접사) + (e)d(접사) → 현자처럼 풍부한 경험과 지식을 가지고 만든,대단히 복잡한 컴퓨터 시스템,
3,44,spec/spect,"보다(look, watch)",specimen,"표본, 견본",The specimen was thought to be a dinosaur.,specimen,high,What does specimen mean?,"표본, 견본",etymology,1426,DAY 44,1,"보다(look, watch)",spec(i)(= look) + men(=mean) → 보는 수단,그 표본은 공룡으로 생각되었다.,
3,44,spec/spect,"보다(look, watch)",species,"(공통된 특성을 가진) 종류, 종",The forest is the home of many species of birds.,species,high,What does species mean?,"(공통된 특성을 가진) 종류, 종",etymology,1427,DAY 44,1,"보다(look, watch)",spec(= look) + ies(접사) → 특정한 모습을 보이는 것,그 숲은 많은 종의 새가 사는 곳이다,
3,44,spec/spect,"보다(look, watch)",specific,"구체적인, 특정한",Be more specific when you talk about your idea.,specific|specify,high,What does specific mean?,"구체적인, 특정한",etymology,1428,DAY 44,1,"보다(look, watch)",spec(i)(= look) + fic(접사) → 볼만하게 만든,네 생각에 관해 이야기할 때는 더 구체적으로 해라.,
3,44,spec/spect,"보다(look, watch)",spectrum,"스펙트럼, 분광, (변동이 있는 것의) 범위, 연속체",Red and violet are at opposite ends of the spectrum.,spectrum,high,What does spectrum mean?,"스펙트럼, 분광, (변동이 있는 것의) 범위, 연속체",etymology,1429,DAY 44,1,"보다(look, watch)",spect(= look) + rum(접사) → 보는 것,빨강과 보라색은 스펙트럼의 반대편 끝에 있다.,
3,44,spec/spect,"보다(look, watch)",spectacle,"광경, 장관",It was a spectacle not to be missed.,spectacle|spectacular,high,What does spectacle mean?,"광경, 장관",etymology,1430,DAY 44,1,"보다(look, watch)",spect(a)(= spectare: look) + cle(접사) → 볼만한 것,그것은 놓칠 수 없는 장관이었다.,
3,44,spec/spect,"보다(look, watch)",spectator,"관객, 구경꾼",He was the only spectator in the movie theater.,spectator,high,What does spectator mean?,"관객, 구경꾼",etymology,1431,DAY 44,1,"보다(look, watch)",spect(a)(= spectare: look) + tor(접사) → 보는 사람,그가 그 영화관의 유일한 관객이었다.,
3,44,spec/spect,"보다(look, watch)",inspect,"조사하다, 검사하다",The police went to inspect the crime scene.,inspect|inspection,high,What does inspect mean?,"조사하다, 검사하다",etymology,1432,DAY 44,1,"보다(look, watch)",in(= inside) + spect(= spectus: look) → 아래를 들여다보다,경찰이 범죄 현장을 조사하러 갔다.,examine|check|investigate
3,44,spec/spect,"보다(look, watch)",respect,"존경, 존중 v. 존경하다, 존중하다",Show respect to your coworkers.,respect|respectful,high,What does respect mean?,"존경, 존중 v. 존경하다, 존중하다",etymology,1433,DAY 44,1,"보다(look, watch)",re(= again) + spect(= spectus: look) → 돌아보다,동료들에게 존경심을 보여라.,
3,44,spec/spect,"보다(look, watch)",suspect,의심하다 n. 용의자,I suspected the lady wasn’t a real doctor.,suspect|suspicious,high,What does suspect mean?,의심하다 n. 용의자,etymology,1434,DAY 44,1,"보다(look, watch)",su(s)(= sub: under) + spect(= spectus: look) → 들여다 보다,나는 그 여자가 진짜 의사가 아니라고 의심했다.,
3,44,spec/spect,"보다(look, watch)",retrospect,"회고, 회상","In retrospect, I think that I was wrong.",retrospect,high,What does retrospect mean?,"회고, 회상",etymology,1435,DAY 44,1,"보다(look, watch)",retro(= back) + spect(= spectus: look) → 돌이켜 봄,"돌아보니, 내가 틀렸던 것 같다.",
3,44,spec/spect,"보다(look, watch)",aspect,"측면, 양상",Let’s consider the problem from every aspect.,aspect,high,What does aspect mean?,"측면, 양상",etymology,1436,DAY 44,1,"보다(look, watch)",a(= ad: to) + spect(= spectus: look) → ~로 보이는 것,그 문제를 모든 측면에서 고려해 봅시다,
3,44,spec/spect,"보다(look, watch)",speculate,"추측하다, 이리저리 생각하다",It’s hard to speculate about the future.,speculate,high,What does speculate mean?,"추측하다, 이리저리 생각하다",etymology,1437,DAY 44,1,"보다(look, watch)","spec(ul)(= specere: look, regard) + ate(접사) → 보다, 생각하다",미래에 대해 추측하는 것은 어렵다.,
3,44,spec/spect,"보다(look, watch)",expect,"예상하다, 예측하다",I expect to arrive at the port by next week.,expect|expectation,high,What does expect mean?,"예상하다, 예측하다",etymology,1438,DAY 44,1,"보다(look, watch)",ex(= out of) + (s)pect(= spectus: look) → 내다 보다,나는 다음 주에는 항구에 도착할 것으로 예상한다.,
3,44,sper/spair,희망하다(hope),desperate,"필사적인, 자포자기의",He was making a desperate effort to find a route.,desperate|desperately,high,What does desperate mean?,"필사적인, 자포자기의",etymology,1439,DAY 44,2,희망하다(hope),de(=without) + sper(= sperare: hope) + ate(접사) → 희망이 없는 상태,그는 길을 찾으려 필사적인 노력을 하고 있었다.,
3,44,sper/spair,희망하다(hope),despair,"절망, 자포자기",Let’s start a journey from despair to happiness.,despair,high,What does despair mean?,"절망, 자포자기",etymology,1440,DAY 44,2,희망하다(hope),de(=without) + spair(= sperare: hope) → 희망이 없는 것,절망에서 행복으로 가는 여정을 시작하자.,
3,44,sphere,sphere 구(sphere),sphere,"구체, 영역",I can calculate the volume of a sphere.,sphere,high,What does sphere mean?,"구체, 영역",etymology,1441,DAY 44,3,sphere 구(sphere),"라틴어 sphaera(= globe, ball)에서 유래 → 구체",나는 구체의 부피를 계산할 수 있다.,
3,44,sphere,sphere 구(sphere),hemisphere,"(지구의) 반구, (뇌의) 반구",Australia is a country in the Southern Hemisphere.,hemisphere,high,What does hemisphere mean?,"(지구의) 반구, (뇌의) 반구",etymology,1442,DAY 44,3,sphere 구(sphere),hemi(= half) + sphere → 반구,호주는 남반구에 있는 나라이다,
3,44,sphere,sphere 구(sphere),atmosphere,"대기, 분위기",The atmosphere of Mars could not support life.,atmosphere,high,What does atmosphere mean?,"대기, 분위기",etymology,1443,DAY 44,3,sphere 구(sphere),atmo(= air) + sphere → 공기가 있는 구역,화성의 대기는 생명체를 지탱할 수 없을 것이다.,
3,44,spir,숨 쉬다(breathe),spirit,"영혼, 정신, 기백",My grandfather’s spirit is right here with me.,spirit|spiritual,high,What does spirit mean?,"영혼, 정신, 기백",etymology,1444,DAY 44,4,숨 쉬다(breathe),spir(i)(= spirare: breathe) + t(= tus: 접사) → 숨 쉬는 것,우리 할아버지의 영혼이 바로 여기 저와 함께 있습니다.,
3,44,spir,숨 쉬다(breathe),expire,"(기간 따위가) 끝나다, 만기가 되다, 숨을 내쉬다",His term of office will expire next month.,expire|expiration,high,What does expire mean?,"(기간 따위가) 끝나다, 만기가 되다, 숨을 내쉬다",etymology,1445,DAY 44,4,숨 쉬다(breathe),"ex(= out) + (s)pir(e)(= breathe) → 밖으로 숨 쉬다, 불어 꺼뜨리다",그의 임기가 다음 달에 끝날 것이다.,
3,44,spir,숨 쉬다(breathe),conspire,"공모하다, 음모를 꾸미다",The two conspired to ruin the festival.,conspire|conspiracy,high,What does conspire mean?,"공모하다, 음모를 꾸미다",etymology,1446,DAY 44,4,숨 쉬다(breathe),con(= together) + spir(e)(= breathe) → 함께 숨 쉬다,그 두 사람은 축제를 망치려고 공모했다.,
3,44,spir,숨 쉬다(breathe),respiration,호흡,A rescuer has tried artificial respiration on him.,respiration|respiratory,high,What does respiration mean?,호흡,etymology,1447,DAY 44,4,숨 쉬다(breathe),re(= again) + spir(= spirare: breath) + (t)ion(접사) → 계속 숨 쉬는 것,구조자가 그에게 인공호흡을 시도했다.,
3,44,spir,숨 쉬다(breathe),inspire,"영감을 주다, 고무하다",This story inspires me every time I read it.,inspire|inspiration,high,What does inspire mean?,"영감을 주다, 고무하다",etymology,1448,DAY 44,4,숨 쉬다(breathe),in(= inside) + spir(e)(= breathe) → 안으로 불어넣다,이 이야기는 읽을 때마다 나에게 영감을 준다.,
3,44,spir,숨 쉬다(breathe),aspire,"열망하다, 포부를 갖다",Danny aspired to make it to the national league.,aspire|aspiration,high,What does aspire mean?,"열망하다, 포부를 갖다",etymology,1449,DAY 44,4,숨 쉬다(breathe),a(= ad: to) + spir(e)(= breathe) → 을 향해 숨 쉬다,Danny는 전국 리그까지 나가기를 열망했다.,
3,44,spir,숨 쉬다(breathe),perspire,땀을 흘리다,Those who perspire a lot have less blood than normal.,perspire|perspiration,high,What does perspire mean?,땀을 흘리다,etymology,1450,DAY 44,4,숨 쉬다(breathe),per(= through) + spir(e)(= breathe) → 계속 숨 쉬다,땀을 많이 흘리는 사람들은 정상인보다 혈액이 더 적다.,
3,44,spond/spons,"약속하다(promise), 대답하다(answer)",respond,"응답하다, 대답하다",How would you respond to a different question?,respond|responsive,high,What does respond mean?,"응답하다, 대답하다",etymology,1451,DAY 44,5,"약속하다(promise), 대답하다(answer)",re(= back) + spond(= answer) → 대답하다,다른 질문에 어떻게 응답하시겠습니까?,
3,44,spond/spons,"약속하다(promise), 대답하다(answer)",correspond,"일치하다, 부합하다",The goods do not correspond to the samples.,correspond|correspondent,high,What does correspond mean?,"일치하다, 부합하다",etymology,1452,DAY 44,5,"약속하다(promise), 대답하다(answer)",cor(= together) + re(= back) + spond(= answer) → 함께 상응하다,상품이 샘플과 일치하지 않는다.,
3,44,spond/spons,"약속하다(promise), 대답하다(answer)",sponsor,"후원자, 보증인 v. 후원하다",He had a sponsor named Ken Beckman.,sponsor,high,What does sponsor mean?,"후원자, 보증인 v. 후원하다",etymology,1453,DAY 44,5,"약속하다(promise), 대답하다(answer)",spons(= spond: promise) + or(접사) → 약속하는 사람,그에게는 Ken Beckman이라는 후원자가 있었다.,
3,44,spond/spons,"약속하다(promise), 대답하다(answer)",responsible,"책임 있는, 책임감이 있는",I was responsible for supplying water to players.,responsible|responsibility,high,What does responsible mean?,"책임 있는, 책임감이 있는",etymology,1454,DAY 44,5,"약속하다(promise), 대답하다(answer)",re(= again) + spons(= spond: promise) + ible(접사) → 다시 약속할 수 있는,나는 선수들에게 물을 제공하는 책임이 있었다.,
3,45,sta,서다(stand),stable,"안정된, 견고한",The marine environment is relatively stable.,stable,high,What does stable mean?,"안정된, 견고한",etymology,1455,DAY 45,1,서다(stand),sta(= stand) + ble(접사) → (움직이지 않고) 서 있는,해양 환경은 비교적 안정되어 있다.,
3,45,sta,서다(stand),status,"지위, 신분",Angela achieved celebrity status overnight.,status,high,What does status mean?,"지위, 신분",etymology,1456,DAY 45,1,서다(stand),sta(= stand) + tus(접사) → 서 있는 자리,Angela는 하룻밤 사이에 유명 인사의 지위에 올랐다.,
3,45,sta,서다(stand),statue,조각상,The Statue of Liberty stands in New York.,statue,high,What does statue mean?,조각상,etymology,1457,DAY 45,1,서다(stand),라틴어 statua(=monumental figure)에서 유래 → 기념비처럼 서 있는 것,자유의 여신상은 뉴욕에 서 있다.,
3,45,sta,서다(stand),standard,"기준, 표준 a. 표준의, 규격에 맞는",We have very high safety standards in this laboratory.,standard,high,What does standard mean?,"기준, 표준 a. 표준의, 규격에 맞는",etymology,1458,DAY 45,1,서다(stand),stand(= standan: sta(= stand)의 변이형) + ard(= hardus: hard) → 견고히 서 있는 것 → 기준,우리는 이 실험실에 매우 높은 안전 기준을 가지고 있다.,
3,45,sta,서다(stand),constant,"끊임없는, 거듭되는",The children need constant supervision.,constant,high,What does constant mean?,"끊임없는, 거듭되는",etymology,1459,DAY 45,1,서다(stand),con(= together) + sta(= stand) + nt(접사) → (늘) 함께 서 있는,아이들은 끊임없는 감독을 필요로 한다.,
3,45,sta,서다(stand),ecstasy,"무아의 경지, 환희",It was a sort of religious ecstasy.,ecstasy,high,What does ecstasy mean?,"무아의 경지, 환희",etymology,1460,DAY 45,1,서다(stand),ec(= ex: out) + sta(= stand) + sy(= sis: 접사) → 벗어나 서 있는 상태,그것은 일종의 종교적 환희였다.,
3,45,sta,서다(stand),establish,"세우다, 설립[설정]하다, 확고히 하다",Our goal is to establish a new research center.,establish|establishment,high,What does establish mean?,"세우다, 설립[설정]하다, 확고히 하다",etymology,1461,DAY 45,1,서다(stand),라틴어 stabilire(=make stable)에서 유래 → 안정적으로 서 있게 하다,우리의 목표는 새로운 연구 센터를 세우는 것이다.,
3,45,sta,서다(stand),estate,"재산, 토지, 사유지",His estate passed to his daughter.,estate,high,What does estate mean?,"재산, 토지, 사유지",etymology,1462,DAY 45,1,서다(stand),"고대 프랑스어 estat(= status, position)에서 유래 → (재산을 통한) 누군가의 지위나 위치",그의 재산은 딸에게 상속되었다.,
3,45,sta,서다(stand),instance,"사례, 경우",The study cites instances of water pollution in this neighborhood.,instance,high,What does instance mean?,"사례, 경우",etymology,1463,DAY 45,1,서다(stand),in(= in) + sta(= stand) + (a)nce(접사) → 안에 서 있는 것 → 사례,그 연구는 이 지역의 수질 오염의 사례를 인용한다.,
3,45,sta,서다(stand),substance,"본질, 물질",The leaves were covered with a strange sticky substance.,substance|substantial,high,What does substance mean?,"본질, 물질",etymology,1464,DAY 45,1,서다(stand),sub(= under) + sta(= stand) + (a)nce(접사) → 아래에 있는 것 → 본질,나뭇잎에 이상한 끈적끈적한 물질이 덮여 있었다.,
3,45,sta,서다(stand),steady,"꾸준한, 한결같은, 흔들림 없는",Progress has been slow but steady.,steady|steadiness,high,What does steady mean?,"꾸준한, 한결같은, 흔들림 없는",etymology,1465,DAY 45,1,서다(stand),stead(= steti: sta(= stand)의 변이형) + y(접사) → 확고히 서 있는,발전은 느렸지만 꾸준했다.,
3,45,sta,서다(stand),system,"체계, 방식, 시스템",There is no exact system of delivery in Haiti.,system,high,What does system mean?,"체계, 방식, 시스템",etymology,1466,DAY 45,1,서다(stand),sy(= syn: together) + ste(= histanai: sta(= stand)의 변이형) + m(=ma: 접사) → 함께 서 있는 것 → 체계,아이티에는 정확한 운송 시스템이 없다.,
3,45,stingu/stinc,"찌르다(pierce), 끄다(quench)",distinguish,"구별하다, 식별하다",It’s important to distinguish between business and pleasure.,distinguish,high,What does distinguish mean?,"구별하다, 식별하다",etymology,1467,DAY 45,2,"찌르다(pierce), 끄다(quench)",di(= apart) + stingu(= pierce) + ish(접사) → 찌른 자국으로 분리하다,사업과 재미를 구별하는 것은 중요하다,
3,45,stingu/stinc,"찌르다(pierce), 끄다(quench)",extinguish,"(불을) 끄다, 끝내다, 없애다",Please extinguish all cigarettes.,extinguish,high,What does extinguish mean?,"(불을) 끄다, 끝내다, 없애다",etymology,1468,DAY 45,2,"찌르다(pierce), 끄다(quench)",ex(= thoroughly) + (s)tingu(= quench) + ish(접사) → 완전히 끄다,모든 담배를 꺼주세요.,
3,45,stingu/stinc,"찌르다(pierce), 끄다(quench)",distinct,"뚜렷한, 분명한, 별개의",Plant growth is most distinct in spring and early summer.,distinct|distinction,high,What does distinct mean?,"뚜렷한, 분명한, 별개의",etymology,1469,DAY 45,2,"찌르다(pierce), 끄다(quench)",di(= apart) + stinc(= stingu: pierce) + t(= tus: 접사) → 찌른 자국으로 분리시킨,식물 성장은 봄과 초여름에 매우 뚜렷하다.,
3,45,stingu/stinc,"찌르다(pierce), 끄다(quench)",instinct,"본능, 타고난 소질",Her first instinct was to run.,instinct|instinctive,high,What does instinct mean?,"본능, 타고난 소질",etymology,1470,DAY 45,2,"찌르다(pierce), 끄다(quench)",in(= into) + stinc(= stingu: pierce) + t(= tus: 접사) → 찔러서 안에서 일깨움,그녀의 첫 번째 본능은 뛰는 것이었다.,
3,45,stitu,세우다(set up),constitute,"구성하다, 설립하다",We must redefine what constitutes a family.,constitute|constitution,high,What does constitute mean?,"구성하다, 설립하다",etymology,1471,DAY 45,3,세우다(set up),con(= together) + stitu(= set up) + te(= tus: 접사) → 함께 세우다 → 구성하다,우리는 무엇이 가정을 구성하는지 재정의해야 한다.,
3,45,stitu,세우다(set up),institute,"도입하다, 시작하다 n. 연구소, 협회, 기관",We will institute a number of methods to improve safety.,institute,high,What does institute mean?,"도입하다, 시작하다 n. 연구소, 협회, 기관",etymology,1472,DAY 45,3,세우다(set up),in(= in) + stitu(= set up) + te(= tus: 접사) → 내부에 세우다 → 도입하다,우리는 안전을 향상시키기 위한 여러 방법을 도입할 예정이다.,
3,45,stitu,세우다(set up),substitute,"대신하다, 대치하다 n. 대신하는 사람, 대체물, 교체 선수",They substituted coal for oil.,substitute|substitution,high,What does substitute mean?,"대신하다, 대치하다 n. 대신하는 사람, 대체물, 교체 선수",etymology,1473,DAY 45,3,세우다(set up),sub(= under) + stitu(= set up) + te(= tus: 접사) → 아래에 세우다,그들은 석유를 석탄으로 대치했다.,
3,45,strict/strain,"팽팽히 당기다(draw tight), bind(묶다)",district,"지구, 지역, 구역",This district is mainly a plain land with rivers.,district,high,What does district mean?,"지구, 지역, 구역",etymology,1474,DAY 45,4,"팽팽히 당기다(draw tight), bind(묶다)",di(= apart) + strict(= bind) → 따로따로 묶인 곳 → 구역,이 지역은 대부분 강이 있는 평지이다.,
3,45,strict/strain,"팽팽히 당기다(draw tight), bind(묶다)",restrict,"제한하다, 한정하다",The government passed a law to restrict the sale of guns.,restrict|restriction,high,What does restrict mean?,"제한하다, 한정하다",etymology,1475,DAY 45,4,"팽팽히 당기다(draw tight), bind(묶다)",re(= back) + strict(= draw tight) → 뒤로 팽팽히 당기다 → 제한을 두다,정부는 총기 판매를 제한하는 법을 통과시켰다.,
3,45,strict/strain,"팽팽히 당기다(draw tight), bind(묶다)",restrain,"저지[제지]하다, 억제하다",Please restrain yourself from coughing during the performance.,restrain,high,What does restrain mean?,"저지[제지]하다, 억제하다",etymology,1476,DAY 45,4,"팽팽히 당기다(draw tight), bind(묶다)",re(= back) + strain(= draw tight) → 뒤로 잡아당겨 나아가지 못하게 하다,공연 중에 기침을 하지 않도록 스스로 억제해주세요.,
3,45,struct,짓다(build),structure,"구조, 구조물",The structure of the ear is very complex.,structure,high,What does structure mean?,"구조, 구조물",etymology,1477,DAY 45,5,짓다(build),struct(= build) + ure(접사) → 지어놓은 것,귀의 구조는 매우 복잡하다.,
3,45,struct,짓다(build),construct,"건설하다, 세우다, 구성하다 n. 건축물, 구성체",The walls are constructed of concrete.,construct|construction,high,What does construct mean?,"건설하다, 세우다, 구성하다 n. 건축물, 구성체",etymology,1478,DAY 45,5,짓다(build),con(= together) + struct(= build) → 함께 짓다,그 벽은 콘크리트로 건설되었다.,
3,45,struct,짓다(build),instruct,"가르치다, 교육하다, 지시하다",My brother instructs children how to swim.,instruct|instruction,high,What does instruct mean?,"가르치다, 교육하다, 지시하다",etymology,1479,DAY 45,5,짓다(build),in(= on) + struct(= build) → 지어 올리다 → 지식 등을 가르치다,내 형은 아이들에게 수영을 가르친다.,
3,45,struct,짓다(build),obstruct,"막다, 방해하다",The broken-down bus obstructed the traffic.,obstruct|obstruction,high,What does obstruct mean?,"막다, 방해하다",etymology,1480,DAY 45,5,짓다(build),ob(= against) + struct(= build) → 짓는 것을 가로막다,그 고장 난 버스가 교통을 방해했다.,
3,45,sult/sal,"뛰어오르다(leap), 뛰어 나아가다(spring forward)",insult,모욕하다 n. 모욕,He insulted her by calling her a fool.,insult,high,What does insult mean?,모욕하다 n. 모욕,etymology,1481,DAY 45,1,"뛰어오르다(leap), 뛰어 나아가다(spring forward)",in(= in) + sult(= leap) → 안으로 뛰어들다,그는 그녀를 바보라고 부름으로써 그녀를 모욕했다.,
3,45,sult/sal,"뛰어오르다(leap), 뛰어 나아가다(spring forward)",result,결과,The theory is the result of many years of his research.,result,high,What does result mean?,결과,etymology,1482,DAY 45,1,"뛰어오르다(leap), 뛰어 나아가다(spring forward)",re(= back) + sult(= leap) → 되돌아 뛰어오는 것,그 이론은 오랜 세월 동안의 그의 연구가 낳은 결과이다.,
3,45,sult/sal,"뛰어오르다(leap), 뛰어 나아가다(spring forward)",salmon,연어,The salmon return to the river where they were born.,salmon,high,What does salmon mean?,연어,etymology,1483,DAY 45,1,"뛰어오르다(leap), 뛰어 나아가다(spring forward)",라틴어 salmonem(= leaper)에서 유래 → 뛰어오르는 것,연어는 그들이 태어났던 강으로 돌아온다.,
3,45,sum,"잡다, 취하다(take)",assume,"가정하다, 추측하다",You don’t have to assume the worst.,assume|assumption,high,What does assume mean?,"가정하다, 추측하다",etymology,1484,DAY 45,2,"잡다, 취하다(take)",as(= ad: to) + sum(e)(= sumere: take) → ~ 방향으로 생각을 잡아보다,최악의 상황을 가정할 필요는 없다.,
3,45,sum,"잡다, 취하다(take)",consume,"소비하다, 먹다",We can save money if we consume less energy.,consume|consumption,high,What does consume mean?,"소비하다, 먹다",etymology,1485,DAY 45,2,"잡다, 취하다(take)",con(= com: together) + sum(e)(= sumere: take) → 함께 취하다,우리가 에너지를 덜 소비하면 돈을 절약할 수 있다.,
3,45,sum,"잡다, 취하다(take)",presume,추정하다,I presumed her to be his wife.,presume,high,What does presume mean?,추정하다,etymology,1486,DAY 45,2,"잡다, 취하다(take)",pre(= before) + sum(e)(= sumere: take) → 미리 생각을 취하다,나는 그녀가 그의 아내라고 추정했다,
3,45,sum,"잡다, 취하다(take)",resume,재개하다,She decided to resume her career after two years of maternity leave.,resume,high,What does resume mean?,재개하다,etymology,1487,DAY 45,2,"잡다, 취하다(take)",re(= again) + sum(e)(= sumere: take) → 다시 행동을 취하다,그녀는 2년의 출산 휴가 후에 직장 생활을 재개하기로 결심했다.,
3,46,surg/sour,"오르다(rise), 솟다(spring up)",surge,급등 v. 급등하다,We are struggling to keep up with the recent surge in demand.,surge,high,What does surge mean?,급등 v. 급등하다,etymology,1488,DAY 46,3,"오르다(rise), 솟다(spring up)",라틴어 surgere(= rise)에서 유래 → 오르는 것,우리는 최근의 수요 급등에 맞추기 위해 애를 쓰고 있다.,
3,46,surg/sour,"오르다(rise), 솟다(spring up)",source,원천,Which foods are good sources of calcium?,source,high,What does source mean?,원천,etymology,1489,DAY 46,3,"오르다(rise), 솟다(spring up)",고대 프랑스어 sourse(= a rising fountainhead of a river or stream: 강이나 냇물의 솟아오르는 수원지) → 솟아오르는 곳,어느 음식이 칼슘의 좋은 원천일까?,
3,46,surg/sour,"오르다(rise), 솟다(spring up)",resource,자원,We agreed to invest our resources into the industry.,resource,high,What does resource mean?,자원,etymology,1490,DAY 46,3,"오르다(rise), 솟다(spring up)",re(= again) + source(원천) → 다시 원천이 되어 주는 것,우리는 우리의 자원을 그 산업에 투자하기로 합의했다.,
3,46,tact/teg,"만지다, 접촉하다(touch)",tact,"재치, 요령",He has the tact to overcome a crisis.,tact,high,What does tact mean?,"재치, 요령",etymology,1491,DAY 46,4,"만지다, 접촉하다(touch)",tact(= touch) → 만져서 판단하는 능력,그는 위기를 극복하는 재치가 있다.,
3,46,tact/teg,"만지다, 접촉하다(touch)",contact,"연락, 접촉 v. 연락하다",I finally made contact with my friend in Seoul.,contact,high,What does contact mean?,"연락, 접촉 v. 연락하다",etymology,1492,DAY 46,4,"만지다, 접촉하다(touch)",con(= together) + tact(= touch) → 서로 접촉하다,나는 마침내 서울에 있는 내 친구와 연락이 닿았다.,
3,46,tact/teg,"만지다, 접촉하다(touch)",tactile,촉각의,Reading books offers children a tactile experience.,tactile,high,What does tactile mean?,촉각의,etymology,1493,DAY 46,4,"만지다, 접촉하다(touch)",tact(= touch) + ile(접사) → 만지는,책을 읽는 것은 아이들에게 촉각의 경험을 제공한다.,
3,46,tact/teg,"만지다, 접촉하다(touch)",integrate,통합하다,The company is planning to integrate some departments.,integrate|integration,high,What does integrate mean?,통합하다,etymology,1494,DAY 46,4,"만지다, 접촉하다(touch)",in(= not) + teg(= touch) + r(= er: 접사) + ate(접사) → 만지지 않고 온전한 상태로 두다,그 회사는 몇 개의 부서들을 통합할 계획 중이다.,
3,46,tact/teg,"만지다, 접촉하다(touch)",integrity,"진실성, 온전함",She wants a man with integrity as her husband.,integrity,high,What does integrity mean?,"진실성, 온전함",etymology,1495,DAY 46,4,"만지다, 접촉하다(touch)",in(= not) + teg(= touch) + r(= er: 접사) + ity(접사) → 건들지 않은 온전한 성질,그녀는 진실함을 가진 남자를 남편으로 원한다.,
3,46,tail,자르다(cut),tailor,재단사,The tailor at the clothing store measured me for a new suit.,tailor,high,What does tailor mean?,재단사,etymology,1496,DAY 46,5,자르다(cut),tail(= taill: cut) + or(접사) → 자르는 사람,그 옷 가게의 재단사는 새 정장을 위해 내 치수를 쟀다.,
3,46,tail,자르다(cut),retail,소매 v. 소매하다,He collected information on the retail prices.,retail|retailor,high,What does retail mean?,소매 v. 소매하다,etymology,1497,DAY 46,5,자르다(cut),re(= again) + tail(= taill: cut) → 반복해서 잘라 파는 것,그는 소매 물가에 대한 정보를 수집했다.,
3,46,tail,자르다(cut),detail,세부 사항,Let’s handle the details later.,detail,high,What does detail mean?,세부 사항,etymology,1498,DAY 46,5,자르다(cut),de(= entirely: 완전히) + tail(= taill: cut) → 완전히 잘라낸 것,세부 사항들은 나중에 다룹시다.,
3,46,tain/ten/tin,"붙잡다(hold), 유지하다(keep)",contain,"포함하다, 담다",This food doesn’t contain any trans fat.,contain,high,What does contain mean?,"포함하다, 담다",etymology,1499,DAY 46,6,"붙잡다(hold), 유지하다(keep)",con(= com: together) + tain(= hold) → 함께 붙잡고 있다,이 식품은 어떤 트랜스 지방도 포함하고 있지 않다.,
3,46,tain/ten/tin,"붙잡다(hold), 유지하다(keep)",maintain,"유지하다, 관리하다",The two companies still maintain close relations.,maintain|maintenance,high,What does maintain mean?,"유지하다, 관리하다",etymology,1500,DAY 46,6,"붙잡다(hold), 유지하다(keep)",main(=manu: hand) + tain(= hold) → 손으로 붙잡고 있다,그 두 회사는 여전히 긴밀한 관계를 유지하고 있다.,
3,46,tain/ten/tin,"붙잡다(hold), 유지하다(keep)",sustain,"유지하다, 지속시키다",Our economy will sustain the current growth rate.,sustain|sustainable,high,What does sustain mean?,"유지하다, 지속시키다",etymology,1501,DAY 46,6,"붙잡다(hold), 유지하다(keep)",sus(= sub: below) + tain(= hold) → 아래에서 붙잡고 있다,우리 경제는 현재의 성장률을 유지할 것이다.,
3,46,tain/ten/tin,"붙잡다(hold), 유지하다(keep)",content,만족하는 n. 내용물,They seemed more content as they aged.,content,high,What does content mean?,만족하는 n. 내용물,etymology,1502,DAY 46,6,"붙잡다(hold), 유지하다(keep)",con(= com: together) + ten(= hold) + t(= tus: 접사) → 함께 붙잡고 있는,그들은 나이가 들수록 더 만족하는 것 같았다.,
3,46,tain/ten/tin,"붙잡다(hold), 유지하다(keep)",continue,계속하다,He continued to record what I was saying.,continue|continuous|continual,high,What does continue mean?,계속하다,etymology,1503,DAY 46,6,"붙잡다(hold), 유지하다(keep)",라틴어 continuare(= join together or be continuous)에서 유래 → 연결이 되도록 계속하다,그는 내가 하는 말을 계속 기록했다.,
3,46,tain/ten/tin,"붙잡다(hold), 유지하다(keep)",continent,대륙,Europe and Asia are sometimes considered to be one continent.,continent|continental,high,What does continent mean?,대륙,etymology,1504,DAY 46,6,"붙잡다(hold), 유지하다(keep)",con(= com: together) + tin(= hold) + ent(접사) → 함께 붙잡고 있는 것,유럽과 아시아는 때때로 하나의 대륙으로 여겨진다.,
3,46,techn/techno,"기술(art, skill)",technique,"기법, 기술, 기교",This publication instructs you in some techniques of problem solving.,technique|technical,high,What does technique mean?,"기법, 기술, 기교",etymology,1505,DAY 46,1,"기술(art, skill)","그리스어 tekhne(= art, skill)에서 유래 → 기술",이 출판물은 여러분에게 몇 가지 문제 해결 기법을 가르쳐준다.,
3,46,techn/techno,"기술(art, skill)",technician,"전문가, 기술자",They will send a technician out to fix the problem.,technician,high,What does technician mean?,"전문가, 기술자",etymology,1506,DAY 46,1,"기술(art, skill)","techn(= art, skill) + ician(접사) → 기술을 가진 사람",그들은 그 문제를 해결하기 위해 전문가를 보낼 것이다.,
3,46,techn/techno,"기술(art, skill)",technocracy,"기술주의 (국가), 기술자 지배",Technocracy aims at the elimination of dependence on human beings.,technocracy|technocratic,high,What does technocracy mean?,"기술주의 (국가), 기술자 지배",etymology,1507,DAY 46,1,"기술(art, skill)","techno(= art, skill) + crac(= kratos: rule, power) + y(접사) → 기술에 의한 지배",기술주의는 인간에 대한 의존을 없애는 것을 목표로 한다.,
3,46,techn/techno,"기술(art, skill)",technology,"(과학) 기술, 기술 체계",Advances in technology have improved our lifestyle.,technology|technologist|technological,high,What does technology mean?,"(과학) 기술, 기술 체계",etymology,1508,DAY 46,1,"기술(art, skill)","techno(= art, skill) + logy(= science, study) → 기술에 관한 학문",과학 기술의 진보가 우리의 생활 방식을 향상시켜 왔다.,
3,46,techn/techno,"기술(art, skill)",technography,"과학사, 기술사",Technography describes the use and networks of technology in a broad sense.,technography,high,What does technography mean?,"과학사, 기술사",etymology,1509,DAY 46,1,"기술(art, skill)","techno(= art, skill) + graphy(= process of writing or recording) → 기술을 쓰거나 기록하는 방법",과학사는 넓은 의미에서 과학 기술의 사용과 과학 기술망을 기술한다.,
3,46,tempor,"시간(time), 시기(season), 순간(moment)",temporal,"현세적인, 시간의",The Pope has no temporal power over unbelievers.,temporal,high,What does temporal mean?,"현세적인, 시간의",etymology,1510,DAY 46,2,"시간(time), 시기(season), 순간(moment)","tempor(= tempus: time, season, moment) + al(접사) → 시간의",교황은 무신론자들에 대해 현세적인 권력이 없다.,
3,46,tempor,"시간(time), 시기(season), 순간(moment)",temporary,"일시적인, 임시의",Some of the treatments gave her temporary pain relief.,temporary|temporarily,high,What does temporary mean?,"일시적인, 임시의",etymology,1511,DAY 46,2,"시간(time), 시기(season), 순간(moment)","tempor(= tempus: time, season, moment) + ary(접사) → 한때의",치료제 중 일부가 그녀에게 일시적인 통증 완화를 가져다주었다.,
3,46,tend/tens/tent,"늘리다, 뻗다(stretch)",attend,"참석하다, 주의를 기울이다, 돌보다",Fewer people attended the conference than had been planned for.,attend|attendance|attention|attendant,high,What does attend mean?,"참석하다, 주의를 기울이다, 돌보다",etymology,1512,DAY 46,3,"늘리다, 뻗다(stretch)",at(= ad: to) + tend(= stretch) → ~을 향해 뻗다,계획된 것보다 더 적은 사람들이 회의에 참석했다.,
3,46,tend/tens/tent,"늘리다, 뻗다(stretch)",extend,"뻗다, 연장하다, 확장하다","He stepped forward, extending his hand as he walked.",extend|extensive,high,What does extend mean?,"뻗다, 연장하다, 확장하다",etymology,1513,DAY 46,3,"늘리다, 뻗다(stretch)",ex(= out) + tend(= stretch) → 밖으로 뻗다,그는 앞으로 나아갔고 걸어가며 자신의 손을 뻗었다.,
3,46,tend/tens/tent,"늘리다, 뻗다(stretch)",tend,"경향이 있다, 돌보다",We tend to use several cognitive distortions to alter our view of reality.,tend|tendency,high,What does tend mean?,"경향이 있다, 돌보다",etymology,1514,DAY 46,3,"늘리다, 뻗다(stretch)",라틴어 tendere(= stretch)에서 유래 → 특정한 방향으로 마음이 동하게 하다,우리는 현실에 대한 시각을 바꾸기 위해 여러 인지 왜곡을 사용하는 경향이 있다.,
3,46,tend/tens/tent,"늘리다, 뻗다(stretch)",intend,"(~하려고) 생각하다, 의도[작정]하다, 의미하다",I don’t intend staying longer than a year.,intend|intention,high,What does intend mean?,"(~하려고) 생각하다, 의도[작정]하다, 의미하다",etymology,1515,DAY 46,3,"늘리다, 뻗다(stretch)",in(= toward) + tend(= stretch) → (마음을) ~을 향하여 뻗다,나는 일 년보다 더 오래 머무르려고 생각한 것은 아니야.,
3,46,tend/tens/tent,"늘리다, 뻗다(stretch)",contend,"겨루다, 다투다, 주장하다, 논쟁하다",They contended with each other for the remaining positions.,contend|contention|contentious,high,What does contend mean?,"겨루다, 다투다, 주장하다, 논쟁하다",etymology,1516,DAY 46,3,"늘리다, 뻗다(stretch)",con(intensive) + tend(= stretch) → 무엇인가를 차지하려고 서로 당기다,그들은 남아 있는 자리를 두고 서로 겨뤘다.,
3,46,tend/tens/tent,"늘리다, 뻗다(stretch)",superintendent,"관리자, 감독관 a. 감독하는, 지배하는",The park superintendent made an effort to restore the former ecosystem.,superintendent|superintend,high,What does superintendent mean?,"관리자, 감독관 a. 감독하는, 지배하는",etymology,1517,DAY 46,3,"늘리다, 뻗다(stretch)",super(= above) + in(= toward) + tend(= stretch) + ent(접사) → 위에서 ~을 향해 뻗는[관리하는] 사람,공원 관리자는 이전의 생태계를 회복하기 위해 노력했다.,
3,46,tend/tens/tent,"늘리다, 뻗다(stretch)",bartender,바텐더,The bartender gave him the beer.,bartender,high,What does bartender mean?,바텐더,etymology,1518,DAY 46,3,"늘리다, 뻗다(stretch)","bar(막대기, 술집) + tend(= stretch) + er(접사) → 바를 돌보는 사람",그 바텐더는 그에게 맥주를 주었다.,
3,46,tend/tens/tent,"늘리다, 뻗다(stretch)",distend,"팽창시키다, 넓히다",Investigators found children suffering from distended bellies.,distend,high,What does distend mean?,"팽창시키다, 넓히다",etymology,1519,DAY 46,3,"늘리다, 뻗다(stretch)",dis(= apart) + tend(= stretch) → 따로따로 끌어당기다,조사관들은 팽창한 배로 고통 받는 아이들을 발견했다,
3,46,tend/tens/tent,"늘리다, 뻗다(stretch)",tense,"긴장한, 팽팽한",I could sense the tense atmosphere.,tense|tension,high,What does tense mean?,"긴장한, 팽팽한",etymology,1520,DAY 46,3,"늘리다, 뻗다(stretch)",라틴어 tendere(= stretch)에서 유래 → 끌어당겨진,나는 긴장된 분위기를 감지할 수 있었다.,
3,46,tend/tens/tent,"늘리다, 뻗다(stretch)",intense,"극심한, 강렬한, 열정적인",He felt intense pressure to succeed.,intense|intensify|intensity,high,What does intense mean?,"극심한, 강렬한, 열정적인",etymology,1521,DAY 46,3,"늘리다, 뻗다(stretch)",in(= toward) + tens(e)(= stretch) → ~쪽으로 뻗은,그는 성공하고자 하는 극심한 압박감을 느꼈다.,
3,46,tend/tens/tent,"늘리다, 뻗다(stretch)",extension,"연장, 확대, 내선",The extension of the subway to a downtown terminal cost $16 million.,extension,high,What does extension mean?,"연장, 확대, 내선",etymology,1522,DAY 46,3,"늘리다, 뻗다(stretch)",ex(= out) + tens(= stretch) + ion(접사) → 바깥으로 뻗은 것,"시내 터미널까지의 지하철 연장은 1,600만 달러가 들었다.",
3,46,tend/tens/tent,"늘리다, 뻗다(stretch)",extent,"규모, 정도, 범위",The full extent of the damage may not be known.,extent,high,What does extent mean?,"규모, 정도, 범위",etymology,1523,DAY 46,3,"늘리다, 뻗다(stretch)",ex(= out) + tent(= stretch) → 밖으로 뻗어 있는 정도,전체 피해 규모는 알려지지 않을 수도 있다.,
3,46,tend/tens/tent,"늘리다, 뻗다(stretch)",intent,"의도, 의미, 취지 a. 열의가 있는, 전념하는",All plans start with good intent.,intent,high,What does intent mean?,"의도, 의미, 취지 a. 열의가 있는, 전념하는",etymology,1524,DAY 46,3,"늘리다, 뻗다(stretch)",in(= toward) + tent(= stretch) → ~을 향하여 (마음을) 뻗음,모든 계획은 좋은 의도로 시작된다.,
3,47,termin,"경계(boundary), 끝(end), 한계(limit)",exterminate,"몰살시키다, 근절하다, 멸종시키다",Wolves were systematically exterminated.,exterminate|extermination,high,What does exterminate mean?,"몰살시키다, 근절하다, 멸종시키다",etymology,1525,DAY 47,4,"경계(boundary), 끝(end), 한계(limit)",ex(= out of) + termin(= terminus: end) + ate(접사) → 완전히 끝내버리다,늑대는 체계적으로 몰살되었다.,
3,47,termin,"경계(boundary), 끝(end), 한계(limit)",terminate,"끝나다, 기한이 다하다, 종결시키다",This contract terminates in February 2020.,terminate|termination,high,What does terminate mean?,"끝나다, 기한이 다하다, 종결시키다",etymology,1526,DAY 47,4,"경계(boundary), 끝(end), 한계(limit)",termin(= terminus: end) + ate(접사) → 끝내다,이 계약은 2020년 2월에 끝난다.,
3,47,termin,"경계(boundary), 끝(end), 한계(limit)",terminology,"(전문) 용어, 술어학",Scientific clarity is impossible without scientific terminology.,terminology|terminological,high,What does terminology mean?,"(전문) 용어, 술어학",etymology,1527,DAY 47,4,"경계(boundary), 끝(end), 한계(limit)","termin(= terminus: boundary) + ology(= science, study) → 경계를 짓는 것에 관한 학문",과학적 명료성은 과학 전문 용어 없이는 불가능하다.,
3,47,termin,"경계(boundary), 끝(end), 한계(limit)",terminal,"불치의, 말기의, 끝의 n. 터미널, 종점",The number of terminal illness patients is increasing every year.,terminal,high,What does terminal mean?,"불치의, 말기의, 끝의 n. 터미널, 종점",etymology,1528,DAY 47,4,"경계(boundary), 끝(end), 한계(limit)","termin(= termen: end, limit) + al(접사) → 끝의",불치병 환자의 수가 매년 증가하고 있다.,
3,47,termin,"경계(boundary), 끝(end), 한계(limit)",determine,"알아내다, 결정하다, 결심하다",The insurance company couldn’t determine the cause of the fire.,determine|determination,high,What does determine mean?,"알아내다, 결정하다, 결심하다",etymology,1529,DAY 47,4,"경계(boundary), 끝(end), 한계(limit)","de(= off) + termin(e)(= terminus: end, limit) → 끝을 잘라버리다, 한계를 짓다",보험회사는 화재 원인을 알아낼 수가 없었다.,
3,47,terr,겁주다(frighten),terror,"(극심한) 두려움, 공포(의 대상), 테러",There was a look of terror on his face.,terror|terrorism|terrorist,high,What does terror mean?,"(극심한) 두려움, 공포(의 대상), 테러",etymology,1530,DAY 47,1,겁주다(frighten),terr(= frighten) + or(접사) → 겁을 주는 것,그의 얼굴에는 공포에 질린 표정이 있었다.,fear|horror|panic
3,47,terr,겁주다(frighten),terrify,"(몹시) 무섭게 하다, 겁먹게 하다",The threat of nuclear war terrifies everyone.,terrify|terrifying|terrific,high,What does terrify mean?,"(몹시) 무섭게 하다, 겁먹게 하다",etymology,1531,DAY 47,1,겁주다(frighten),terr(= frighten) + ify(접사) → 겁이 나게 만들다,핵전쟁의 위협은 모든 사람들을 공포에 떨게 한다.,
3,47,terr,"땅(land), 지구(earth)",territory,"영토, 지역, 영역",Those mountains are in French territory.,territory|territorial,high,What does territory mean?,"영토, 지역, 영역",etymology,1532,DAY 47,1,"땅(land), 지구(earth)",terr(i)(= land) + tory(접사) → 일정 영역 안의 땅,그 산들은 프랑스 영토에 속한다.,
3,47,terr,"땅(land), 지구(earth)",terrain,"지형, 지세, 지역",This vehicle is good at passing over rough terrain.,terrain,high,What does terrain mean?,"지형, 지세, 지역",etymology,1533,DAY 47,1,"땅(land), 지구(earth)",고대 프랑스어 terrain(= piece of land)에서 유래 → 특정 지역의 땅,이 차량은 험한 지형[지역]을 지나가기에 좋다.,
3,47,terr,"땅(land), 지구(earth)",terrestrial,"지구(상)의, 육지의, 현세[속세]의",The country is located right above the terrestrial equator.,terrestrial|extra-terrestrial,high,What does terrestrial mean?,"지구(상)의, 육지의, 현세[속세]의",etymology,1534,DAY 47,1,"땅(land), 지구(earth)","terr(estri)(= earth, land) + al(접사) → 지구[땅]에 관한",그 나라는 지구 적도 바로 위에 위치한다.,
3,47,test,증언하다(witness),testify,"증언하다, 증명하다",He testified before Congress yesterday.,testify,high,What does testify mean?,"증언하다, 증명하다",etymology,1535,DAY 47,2,증언하다(witness),test(=witness) + ify(접사) → 증인의 역할을 하다,그가 어제 국회에서 증언했다.,
3,47,test,증언하다(witness),testimony,"(입증해주는) 증거, 증언",The results are the testimony to the students’ hard work.,testimony|testimonial,high,What does testimony mean?,"(입증해주는) 증거, 증언",etymology,1536,DAY 47,2,증언하다(witness),test(i)(=witness) + mony(=monium: 접사) → 증거나 사실을 보이는 것,그 결과는 학생들이 열심히 노력한 것에 대한 증거이다.,
3,47,test,증언하다(witness),contest,"대회, 시합, 경쟁 v. 경쟁을 벌이다, 이의를 제기하다",She won the contest for the biggest dog.,contest|contestant,high,What does contest mean?,"대회, 시합, 경쟁 v. 경쟁을 벌이다, 이의를 제기하다",etymology,1537,DAY 47,2,증언하다(witness),con(= together) + test(=witness) → 증인들이 서로의 주장을 펴다,그녀는 가장 큰 개를 선발하는 대회에서 우승했다.,
3,47,test,증언하다(witness),protest,"항의하다, 시위하다, 이의를 제기하다 n. 항의, 시위",Our coach protested the referee’s call.,protest|protestant,high,What does protest mean?,"항의하다, 시위하다, 이의를 제기하다 n. 항의, 시위",etymology,1538,DAY 47,2,증언하다(witness),pro(= before) + test(=witness) → 앞에 나가서 (부당함을) 증언하다,우리 감독은 심판의 판정에 항의했다.,
3,47,test,증언하다(witness),detest,"혐오하다, 몹시 싫어하다",He detests living in the city.,detest,high,What does detest mean?,"혐오하다, 몹시 싫어하다",etymology,1539,DAY 47,2,증언하다(witness),de(= down) + test(=witness) → 좋지 않게 증언하다[말하다],그는 도시에 사는 것을 정말 싫어한다.,
3,47,text,"짜다, 엮다(weave)",text,"본문, 글, 문서, 원고 v. (휴대전화로) 문자를 보내다",Could you send it in text file?,text|textbook,high,What does text mean?,"본문, 글, 문서, 원고 v. (휴대전화로) 문자를 보내다",etymology,1540,DAY 47,3,"짜다, 엮다(weave)",라틴어 textus(= thing woven)에서 유래 → 글자로 짜여진 것,그것을 문서 파일로 보내주실 수 있나요?,
3,47,text,"짜다, 엮다(weave)",context,"문맥, 맥락, 전후 사정",You should find the meaning of a word in context.,context,high,What does context mean?,"문맥, 맥락, 전후 사정",etymology,1541,DAY 47,3,"짜다, 엮다(weave)",con(= together) + text(= weave) → 일이나 글자가 함께 짜여 있는 상황,문맥 속에서 단어의 의미를 찾아야 한다.,
3,47,text,"짜다, 엮다(weave)",textile,"직물, 옷감","Its main exports are textiles, especially silk and cotton.",textile,high,What does textile mean?,"직물, 옷감",etymology,1542,DAY 47,3,"짜다, 엮다(weave)",text(= weave) + ile(접사) → 짜여 있는 천,"그곳의 주된 수출품은 직물인데, 특히 비단과 면이다.",
3,47,text,"짜다, 엮다(weave)",texture,"감촉, 질감",I felt the smooth texture of silk.,texture,high,What does texture mean?,"감촉, 질감",etymology,1543,DAY 47,3,"짜다, 엮다(weave)",text(= weave) + ure(접사) → 짜여진 조직에 대한 느낌,나는 비단의 부드러운 감촉을 느꼈다.,
3,47,tort/tor,"비틀다, 쥐어짜다(twist, wring)",torture,"고문하다, 괴롭히다 n. 고문, 심한 고통, 가책",Political opponents of the country were tortured.,torture,high,What does torture mean?,"고문하다, 괴롭히다 n. 고문, 심한 고통, 가책",etymology,1544,DAY 47,4,"비틀다, 쥐어짜다(twist, wring)",tort(= twist) + ure(접사) → 비틀어 괴롭히는 것,그 나라의 정치적 반대자들은 고문을 당했다.,
3,47,tort/tor,"비틀다, 쥐어짜다(twist, wring)",distort,"(형체, 모습을) 일그러뜨리다, 비틀다, (사실, 생각을) 왜곡하다",His face was distorted by pain.,distort|distortion,high,What does distort mean?,"(형체, 모습을) 일그러뜨리다, 비틀다, (사실, 생각을) 왜곡하다",etymology,1545,DAY 47,4,"비틀다, 쥐어짜다(twist, wring)",dis(= away) + tort(= twist) → 비틀어서 사실과 멀어지게 하다,그의 얼굴은 고통으로 일그러졌다.,
3,47,tort/tor,"비틀다, 쥐어짜다(twist, wring)",torment,"고통을 안겨주다, 괴롭히다 n. 고통, 고뇌, 고민거리",Flies constantly tormented the cattle.,torment,high,What does torment mean?,"고통을 안겨주다, 괴롭히다 n. 고통, 고뇌, 고민거리",etymology,1546,DAY 47,4,"비틀다, 쥐어짜다(twist, wring)",tor(= twist) + ment(접사) → 비틀어 고통을 주다,파리가 소를 끊임없이 괴롭혔다.,
3,47,tort/tor,"비틀다, 쥐어짜다(twist, wring)",retort,"쏘아붙이다, 응수하다 n. 쏘아붙이기, 응수, 대꾸",“That’s not true!” he retorted.,retort,high,What does retort mean?,"쏘아붙이다, 응수하다 n. 쏘아붙이기, 응수, 대꾸",etymology,1547,DAY 47,4,"비틀다, 쥐어짜다(twist, wring)",re(= back) + tort(= twist) → 받은 말을 비틀어서 다시 주다,“그것은 사실이 아니야!”라고 그는 응수했다.,
3,47,tract/treat,당기다(draw),attract,"마음을 끌다, 끌어당기다, 매혹하다, 유인하다",What attracts me most is the chance to travel.,attract|attractive|attraction,high,What does attract mean?,"마음을 끌다, 끌어당기다, 매혹하다, 유인하다",etymology,1548,DAY 47,5,당기다(draw),"at(= ad: toward) + tract(= draw) → 어떤 쪽으로 당기다 attraction n. 매력, 관광 명소(= tourist attraction)",나의 마음에 가장 드는 것은 여행을 할 기회이다.,
3,47,tract/treat,당기다(draw),contract,"계약(서) v. 줄어들다, 수축하다","If you break the contract, you will get sued.",contract|contraction,high,What does contract mean?,"계약(서) v. 줄어들다, 수축하다",etymology,1549,DAY 47,5,당기다(draw),con(= together) + tract(= draw) → 자신의 이익을 위해 의견을 모아 놓은 것,"계약을 파기하면, 너는 고소당할 거야.",
3,47,tract/treat,당기다(draw),subtract,"빼다, 감하다, 공제하다","If you subtract 3 from 8, you get 5.",subtract|subtraction,high,What does subtract mean?,"빼다, 감하다, 공제하다",etymology,1550,DAY 47,5,당기다(draw),sub(= under) + tract(= draw) → 아래로 잡아당기다,8에서 3을 빼면 5이다.,
3,47,tract/treat,당기다(draw),distract,"주의를 흐트러뜨리다, 산만하게 하다, 기분을 풀어주다",Don’t distract the other students.,distract|distraction,high,What does distract mean?,"주의를 흐트러뜨리다, 산만하게 하다, 기분을 풀어주다",etymology,1551,DAY 47,5,당기다(draw),dis(= apart) + tract(= draw) → (집중하던) 생각을 다른 곳으로 잡아당기다,다른 학생들의 주의를 산만하게 하지 마라.,
3,47,tract/treat,당기다(draw),extract,"뽑아내다, 추출하다, 발췌하다 n. 추출, 발췌(문)",The article is extracted from her new book.,extract|extraction,high,What does extract mean?,"뽑아내다, 추출하다, 발췌하다 n. 추출, 발췌(문)",etymology,1552,DAY 47,5,당기다(draw),ex(= out) + tract(= draw) → 밖으로 뽑아내다,They extract oils from plants. 그들은 식물에서 기름을 추출한다.,
3,47,tract/treat,당기다(draw),portray,"표현하다, 묘사하다",It was impossible to portray the scene in words.,portray|portrayal|portrait,high,What does portray mean?,"표현하다, 묘사하다",etymology,1553,DAY 47,5,당기다(draw),por(= forward) + tray(= tract: draw) → 앞으로 끌어내서 나타내다,그 장면을 말로 표현하기는 불가능했다(그 장면은 매우 아름다웠다).,
3,47,tract/treat,당기다(draw),treat,"다루다, 대우하다, 치료하다, 한턱내다 n. (남에게 베푸는) 특별한 것, 한턱",You should treat people with respect.,treat|treatment,high,What does treat mean?,"다루다, 대우하다, 치료하다, 한턱내다 n. (남에게 베푸는) 특별한 것, 한턱",etymology,1554,DAY 47,5,당기다(draw),treat(= tractare: draw) → 어떤 일을 끌어내서 하다,다른 사람을 존중하면서 대우해야 한다.,
3,47,tract/treat,당기다(draw),retreat,"물러서다, 퇴각하다, 철회하다 n. 후퇴, 철수, 철회",The troops could neither advance nor retreat.,retreat,high,What does retreat mean?,"물러서다, 퇴각하다, 철회하다 n. 후퇴, 철수, 철회",etymology,1555,DAY 47,5,당기다(draw),re(= back) + treat(= draw) → 뒤로 잡아당기다[물러나다],그 군대 병력들은 전진도 후퇴도 할 수 없었다.,
3,47,tract/treat,당기다(draw),track,"길, 발자국, 선로, 흔적, 자취, (경주용) 트랙 v. 자취를 추적하다",Dinosaur tracks were found in this area.,track,high,What does track mean?,"길, 발자국, 선로, 흔적, 자취, (경주용) 트랙 v. 자취를 추적하다",etymology,1556,DAY 47,5,당기다(draw),track(= tract: draw) → 수레가 끌고 간 자국이 남은 길,공룡 발자국이 이 지역에서 발견되었다.,
3,47,tract/treat,당기다(draw),trail,"자취, 흔적, 오솔길, 실마리 v. 질질 끌다, 추적하다",,trail,high,What does trail mean?,"자취, 흔적, 오솔길, 실마리 v. 질질 끌다, 추적하다",etymology,1557,DAY 47,5,당기다(draw),중세 영어 trail(= track or smell left by a person or animal)에 서 유래 → 사람이나 동물에 의해 남겨진 흔적이나 냄새,The criminal left a trail of blood. 그 범인은 핏자국을 남겼다.,
3,48,trad,"전달하다(impart), 배신하다(betray)",tradition,전통,It’s a tradition to bring flowers to patients.,tradition|traditional,high,What does tradition mean?,전통,etymology,1558,DAY 48,1,"전달하다(impart), 배신하다(betray)",trad(= tradere: impart 주다) + (i)tion(접사) → 전달해주기,환자들에게 꽃을 가져다주는 것은 전통이다.,
3,48,trad,"전달하다(impart), 배신하다(betray)",betray,배반[배신]하다,I never thought he would betray me.,betray|betrayal,high,What does betray mean?,배반[배신]하다,etymology,1559,DAY 48,1,"전달하다(impart), 배신하다(betray)",be(접사) + tray(= tradere: betray) → 배신하다,그가 나를 배반하리라고는 결코 생각하지 않았다.,
3,48,trad,"전달하다(impart), 배신하다(betray)",traitor,"배반자, 반역자",Money made him a traitor to his country.,traitor,high,What does traitor mean?,"배반자, 반역자",etymology,1560,DAY 48,1,"전달하다(impart), 배신하다(betray)",trai(= tradere: betray) + tor(접사) → 배반[반역]하는 사람,돈은 그를 조국의 배반자로 만들었다.,
3,48,treat,"다루다(handle), 조작하다(manage)",mistreat,학대[혹사]하다,Animals are often abused and mistreated.,mistreat,high,What does mistreat mean?,학대[혹사]하다,etymology,1561,DAY 48,2,"다루다(handle), 조작하다(manage)",mis(= wrong) + treat(= handle) → 잘못 다루다,동물들은 자주 학대받고 혹사당한다.,
3,48,treat,"다루다(handle), 조작하다(manage)",treaty,조약,They formed a treaty of peace and goodwill this year.,treaty,high,What does treaty mean?,조약,etymology,1562,DAY 48,2,"다루다(handle), 조작하다(manage)","라틴어 tractare(=manage, handle)에서 유래 → 조작하는 것, 다루는 것",그들은 올해 평화와 친선 조약을 맺었다.,
3,48,trem,떨다(tremble),tremble,"(몸을) 떨다, 떨리다",My legs still tremble when I think about the accident.,tremble,high,What does tremble mean?,"(몸을) 떨다, 떨리다",etymology,1563,DAY 48,3,떨다(tremble),라틴어 tremulare(= tremble)에서 유래 → 떨다,그 사고를 생각하면 다리가 아직도 떨린다.,
3,48,trem,떨다(tremble),tremor,떨림,This device detects even slight earthquake tremors.,tremor,high,What does tremor mean?,떨림,etymology,1564,DAY 48,3,떨다(tremble),"trem(= tremble) + or(접사) → 전율, 떨림",이 기기는 지진의 작은 떨림조차 탐지한다.,
3,48,trem,떨다(tremble),tremendous,"무서운, 굉장한, 무시무시한",The car drove at a tremendous speed.,tremendous,high,What does tremendous mean?,"무서운, 굉장한, 무시무시한",etymology,1565,DAY 48,3,떨다(tremble),trem(= tremble) + endous(= endus: 접사),그 차는 무서운 속도로 달렸다.,enormous|vast|awesome
3,48,tribut,할당하다(allot),tribute,"찬사, 칭찬",I will pay tribute to him as a partner.,tribute,high,What does tribute mean?,"찬사, 칭찬",etymology,1566,DAY 48,4,할당하다(allot),"라틴어 tribuere(= allot, assign)에서 유래 → 바친 것",나는 그에게 파트너로서 찬사를 보내겠다.,
3,48,tribut,할당하다(allot),attribute,(~을 …의) 결과로[덕분으로] 보다 n. 자질,We attribute her success to hard work.,attribute,high,What does attribute mean?,(~을 …의) 결과로[덕분으로] 보다 n. 자질,etymology,1567,DAY 48,4,할당하다(allot),at(= ad: to) + tribut(e)(= allot) → 계속 갖고 있지 않고 누군가에게 주다,우리는 그녀의 성공을 열심히 노력한 결과로 본다.,
3,48,tribut,할당하다(allot),contribute,"공헌하다, 기부하다",The sons have contributed to the family business.,contribute|contribution,high,What does contribute mean?,"공헌하다, 기부하다",etymology,1568,DAY 48,4,할당하다(allot),con(= com: together) + tribut(e)(= allot) → 한데 모으다,그 아들들은 가업에 공헌해왔다.,
3,48,tribut,할당하다(allot),distribute,"배부[배포]하다, 배분하다",I will distribute these brochures to participants.,distribute|distribution,high,What does distribute mean?,"배부[배포]하다, 배분하다",etymology,1569,DAY 48,4,할당하다(allot),"dis(= away, apart) + tribut(e)(= allot) → 떼어 주다",제가 참가자들에게 이 안내 책자를 배부하겠습니다.,
3,48,tuit,"지켜보다(watch), 돌보다(look after)",tuition,"수업, 교습, 수업료",Graduate school tuition has increased by 10 percent.,tuition,high,What does tuition mean?,"수업, 교습, 수업료",etymology,1570,DAY 48,5,"지켜보다(watch), 돌보다(look after)",tuit(= watch) + ion(접사) → 지켜보는 행동,대학원 수업료가 10퍼센트 인상되었다.,
3,48,tuit,"지켜보다(watch), 돌보다(look after)",tutor,"가정교사, 개별 지도 교사",She worked as a part-time tutor for two students.,tutor,high,What does tutor mean?,"가정교사, 개별 지도 교사",etymology,1571,DAY 48,5,"지켜보다(watch), 돌보다(look after)","라틴어 tutorem(=watcher, guardian)에서 유래 → 지켜보는 사람",그녀는 두 명의 학생들을 위한 시간제 가정교사로 일했다.,
3,48,tuit,"지켜보다(watch), 돌보다(look after)",tutorial,"개별 지도 시간, 사용 지침서",You might find these online video tutorials helpful.,tutorial,high,What does tutorial mean?,"개별 지도 시간, 사용 지침서",etymology,1572,DAY 48,5,"지켜보다(watch), 돌보다(look after)",tut(= tuit: watch) + orial(접사) → 지켜보는 사람과 같은 역할을 하는 것,이 온라인 비디오 사용 지침서들이 도움이 된다는 것을 알게 될 겁니다.,
3,48,tuit,"지켜보다(watch), 돌보다(look after)",intuition,직관(력),"He used his intuition, not a map, to find my house.",intuition|intuitive|intuitively,high,What does intuition mean?,직관(력),etymology,1573,DAY 48,5,"지켜보다(watch), 돌보다(look after)","in(= at, on) + tuit(= tueri: watch) + ion(접사) → 지켜보는 행동",그는 우리 집을 찾으려고 지도가 아니라 직관력을 사용했다.,
3,48,turb,"혼란(turmoil), 혼란하게 하다(disorder), 뒤섞다(turn)",turbulent,"격동의, 격변의, 난기류의",They were crossing the turbulent river.,turbulent|turbulence,high,What does turbulent mean?,"격동의, 격변의, 난기류의",etymology,1574,DAY 48,6,"혼란(turmoil), 혼란하게 하다(disorder), 뒤섞다(turn)",turb(= turba: turmoil) + ulent(= ulentus: full of 접사) → 혼란으로 가득한,그들은 요동치는 강을 건너고 있었다.,
3,48,turb,"혼란(turmoil), 혼란하게 하다(disorder), 뒤섞다(turn)",disturb,"방해하다, 흩뜨리다",Please don’t disturb me while I’m thinking.,disturb|disturbance,high,What does disturb mean?,"방해하다, 흩뜨리다",etymology,1575,DAY 48,6,"혼란(turmoil), 혼란하게 하다(disorder), 뒤섞다(turn)",dis(= completely) + turb(= turbare: disorder) → 혼란하게 하다,제가 생각하는 동안 저를 방해하지 마세요.,
3,48,turb,"혼란(turmoil), 혼란하게 하다(disorder), 뒤섞다(turn)",perturb,(심리적으로) 동요하게 하다,She seemed perturbed at the change of plan.,perturb,high,What does perturb mean?,(심리적으로) 동요하게 하다,etymology,1576,DAY 48,6,"혼란(turmoil), 혼란하게 하다(disorder), 뒤섞다(turn)",per(= through) + turb(= turbare: disorder) → 혼란하게 하다,그녀는 계획 변경으로 동요한 것 같았다.,
3,48,turb,"혼란(turmoil), 혼란하게 하다(disorder), 뒤섞다(turn)",turbine,터빈,The building has a big wind turbine to generate energy.,turbine,high,What does turbine mean?,터빈,etymology,1577,DAY 48,6,"혼란(turmoil), 혼란하게 하다(disorder), 뒤섞다(turn)",라틴어 turbinem(= spinning)에서 유래 → 회전하는 것,그 건물에는 에너지를 만들기 위한 큰 풍력 터빈이 있다.,
3,48,turb,"혼란(turmoil), 혼란하게 하다(disorder), 뒤섞다(turn)",turbid,"액체가 탁한, 흐린",The alligators live in the turbid water of the Amazon.,turbid,high,What does turbid mean?,"액체가 탁한, 흐린",etymology,1578,DAY 48,6,"혼란(turmoil), 혼란하게 하다(disorder), 뒤섞다(turn)",turb(= turba: turmoil) + id(접사) → 뒤섞여 만들어진,그 악어들은 아마존 강의 탁한 물에서 산다.,
3,48,typ,각인(impression),type,"종류, 유형",We’re going to see many types of sharks.,type,high,What does type mean?,"종류, 유형",etymology,1579,DAY 48,7,각인(impression),그리스어 typos(= impression)에서 유래 → 형태,우리는 많은 종류의 상어들을 볼 것이다.,
3,48,typ,각인(impression),prototype,"원형(原型), 기본형",I finally made a prototype of the robot.,prototype,high,What does prototype mean?,"원형(原型), 기본형",etymology,1580,DAY 48,7,각인(impression),proto(= first) + typ(e)(= typos: impression) → 첫 번째 모양,나는 결국 그 로봇의 원형을 만들었다,
3,48,typ,각인(impression),stereotype,고정관념,We are likely to be affected by stereotypes.,stereotype|stereotypical,high,What does stereotype mean?,고정관념,etymology,1581,DAY 48,7,각인(impression),stereo(= solid) + typ(e)(= typos: impression) → 고정시킨 형태,우리는 고정관념에 의해 영향을 받기 쉽다.,
3,48,typ,각인(impression),archetype,전형,The Iliad is regarded as the archetype of epic poetry.,archetype,high,What does archetype mean?,전형,etymology,1582,DAY 48,7,각인(impression),arche(= first) + typ(e)(= typos: impression) → 주요한 모양,<일리아드>는 서사시의 전형으로 여겨진다.,
3,48,und,물결치다(move[rise] in waves),redundant,"과다한, 불필요한",The novel has too much redundant detail.,redundant|redundance,high,What does redundant mean?,"과다한, 불필요한",etymology,1583,DAY 48,8,물결치다(move[rise] in waves),red(= re: again) + und(= undare: rise in waves) + ant(접사) → 계속 흘러넘치는,그 소설에는 과다한 세부적인 내용이 너무 많다.,
3,48,und,물결치다(move[rise] in waves),abound,"아주 많다, 풍부하다",Theories abound about how the Earth began.,abound|abundance,high,What does abound mean?,"아주 많다, 풍부하다",etymology,1584,DAY 48,8,물결치다(move[rise] in waves),"ab(= off, away) + (o)und(= undare: move in waves) → 넘쳐흐르다",지구가 어떻게 시작되었는지에 대한 설(說)이 아주 많다.,
3,48,urb,도시(city),urban,"도시의, 도회지의",The speed limit is strictly enforced on urban roads.,urban|urbanize|urbanization,high,What does urban mean?,"도시의, 도회지의",etymology,1585,DAY 48,1,도시(city),urb(= city) + an(접사) → 도시의,그 속도 제한은 도시 도로에서 강력하게 시행된다.,
3,48,urb,도시(city),suburb,교외,I live in a suburb and commute into the nearby town to work.,suburb|suburban,high,What does suburb mean?,교외,etymology,1586,DAY 48,1,도시(city),sub(= near) + urb(= city) → 도시 근처,나는 교외에 살면서 일하러 이웃 도시로 통근한다.,
3,48,us/ut,사용하다(use),use,"사용하다, 쓰다 n. 사용, 용도",What type of soap do you use?,use,high,What does use mean?,"사용하다, 쓰다 n. 사용, 용도",etymology,1587,DAY 48,2,사용하다(use),라틴어 usus(= use)에서 유래 → 사용하다,어떤 종류의 비누를 쓰세요?,
3,48,the,use of technology (과학) 기술의 사용,peruse,숙독[정독]하다,He perused every word of the book.,peruse,high,What does peruse mean?,숙독[정독]하다,etymology,1588,DAY 48,3,use of technology (과학) 기술의 사용,per(= completely) + us(e) → (지력을) 철저히 사용해 읽다,그는 책에 있는 모든 단어를 숙독했다.,
3,48,the,use of technology (과학) 기술의 사용,abuse,"남용[오용]하다, 학대하다 n. 남용, 오용, 학대","If you abuse your body now, you’ll pay the price when you’re older.",abuse|abusive,high,What does abuse mean?,"남용[오용]하다, 학대하다 n. 남용, 오용, 학대",etymology,1589,DAY 48,3,use of technology (과학) 기술의 사용,ab(= away) + us(e) → 올바른 사용에서 벗어나다 → 오용하다,"지금 몸을 남용[혹사]하면, 더 나이 들어서 대가를 치르게 될 것이다.",
3,48,the,use of technology (과학) 기술의 사용,utensil,"기구, 용구, 가정용품",Cooking utensils are provided in the kitchen.,utensil,high,What does utensil mean?,"기구, 용구, 가정용품",etymology,1590,DAY 48,3,use of technology (과학) 기술의 사용,라틴어 utensilia(= things for use)에서 유래 → 사용할 물건,요리 기구들이 주방에 갖춰져 있다.,
3,48,util,유용한(useful),utility,"유용(성), 공익사업",This chemical has no utility as an agricultural fertilizer.,utility,high,What does utility mean?,"유용(성), 공익사업",etymology,1591,DAY 48,4,유용한(useful),util(= useful) + ity(접사) → 유용성,이 화학 물질에는 농업용 비료로서 유용성이 없다.,
3,48,util,유용한(useful),utilitarian,"공리주의자 a. 실용적인, 공리주의의",The house is built by utilitarian materials.,utilitarian,high,What does utilitarian mean?,"공리주의자 a. 실용적인, 공리주의의",etymology,1592,DAY 48,4,유용한(useful),utilit(y) + arian(접사) → 실용주의적인 사람,그 집은 실용적인 재료들로 지어졌다.,
3,48,util,유용한(useful),utilize,"활용하다, 이용하다",This room is mainly utilized for training purposes.,utilize|utilization,high,What does utilize mean?,"활용하다, 이용하다",etymology,1593,DAY 48,4,유용한(useful),util(= useful) + ize(접사) → 유용하게 만들다,이 방은 주로 훈련 용도로 활용된다.,utilize|use|exploit
3,49,vac/van,텅 빈(empty),vacate,"비우다, 떠나다",Guests must vacate their rooms by 11:00 a.m.,vacate,high,What does vacate mean?,"비우다, 떠나다",etymology,1594,DAY 49,5,텅 빈(empty),vac(= empty) + ate(접사) → 텅 비게 만들다,손님들은 오전 11시까지 방을 비워야 한다.,
3,49,vac/van,텅 빈(empty),vacation,"방학, 휴가",Schoolchildren are on vacation now.,vacation,high,What does vacation mean?,"방학, 휴가",etymology,1595,DAY 49,5,텅 빈(empty),"vacat(e) + ion(접사) → 텅 빈 상태 → 방학, 휴가",학생들은 현재 방학 중이다.,vacation|holiday|break
3,49,vac/van,텅 빈(empty),vacancy,"결원, 공석, 빈방",His resignation created a vacancy.,vacancy|vacant,high,What does vacancy mean?,"결원, 공석, 빈방",etymology,1596,DAY 49,5,텅 빈(empty),vac(= empty) + ancy(접사) → 텅 비어 있는 상태,그의 사임으로 결원이 생겼다.,
3,49,vac/van,텅 빈(empty),vacuum,"공백, 공허, 진공 v. 진공청소기로 청소하다",Her husband’s death left a vacuum in her life.,vacuum,high,What does vacuum mean?,"공백, 공허, 진공 v. 진공청소기로 청소하다",etymology,1597,DAY 49,5,텅 빈(empty),라틴어 vacuum(= empty place)에서 유래 → 텅 비어 있는 곳,남편의 죽음은 그녀의 삶에 공허함을 남겼다.,
3,49,vac/van,텅 빈(empty),evacuate,"대피시키다, 비우다",Local officials evacuated the village right before the explosion.,evacuate|evacuation,high,What does evacuate mean?,"대피시키다, 비우다",etymology,1598,DAY 49,5,텅 빈(empty),e(= ex: out) + vac(u)(= vacuus: empty) + ate(접사) → 밖으로 나가 텅 비게 만들다,지역 공무원들이 폭발이 있기 직전에 그 마을을 비웠다[사람들을 대피시켰다].,
3,49,vac/van,텅 빈(empty),vanity,"자만심, 허영심, 헛됨",Boasting reveals vanity.,vanity|vain,high,What does vanity mean?,"자만심, 허영심, 헛됨",etymology,1599,DAY 49,5,텅 빈(empty),van(= empty) + ity(접사) → 텅 비어 있는 상태,자랑은 허영을 드러낸다.,
3,49,vad/vas,가다(go),evade,"피하다, 빠져 나가다",You’re simply trying to evade the problem.,evade|evasion,high,What does evade mean?,"피하다, 빠져 나가다",etymology,1600,DAY 49,6,가다(go),e(= away) + vad(e)(= vadere: go) → 멀리 가다 → 빠져 나가다,당신은 그저 문제를 피하려고 하고 있어요.,
3,49,vad/vas,가다(go),pervade,"널리 퍼지다, 만연하다","After World War II, western culture is pervading the third world.",pervade|pervasive,high,What does pervade mean?,"널리 퍼지다, 만연하다",etymology,1601,DAY 49,6,가다(go),per(= through) + vad(e)(= vadere: go) → 관통하여 가다,"제 2차 세계대전 후, 서양 문화가 제 3세계에 널리 퍼지고 있다.",
3,49,vad/vas,가다(go),invasion,"침략, 침입, 쇄도",The temple was burned during the Japanese invasion of Korea.,invasion|invade,high,What does invasion mean?,"침략, 침입, 쇄도",etymology,1602,DAY 49,6,가다(go),in(= in) + vas(= go) + ion(접사) → 안으로 들어가다 → 침략하다,그 절은 일본의 한국 침략 기간 동안 불에 탔다.,
3,49,vad/vas,가다(go),evasive,"책임 회피의, 회피적인, 얼버무리는","He was quite vague, even evasive about it.",evasive|evasiveness,high,What does evasive mean?,"책임 회피의, 회피적인, 얼버무리는",etymology,1603,DAY 49,6,가다(go),e(= ex: away) + vas(= go) + ive(접사) → 밖으로 나가는 → 회피하는,"그는 대단히 모호했는데, 심지어 그것에 대해 얼버무리기도 했다.",
3,49,vail,"유능한, 강한(strong)",avail,"쓸모 있다, 도움이 되다",Good chance will avail you nothing without effort.,avail|available,high,What does avail mean?,"쓸모 있다, 도움이 되다",etymology,1604,DAY 49,7,"유능한, 강한(strong)",a(= to) + vail(= strong) → 유능한 쪽으로 향하다 → 쓸모 있다,좋은 기회가 와도 노력하지 않으면 쓸모가 없다.,
3,49,vail,"유능한, 강한(strong)",prevail,"만연하다, 우세하다",Silence prevailed along the funeral route.,prevail|prevalent,high,What does prevail mean?,"만연하다, 우세하다",etymology,1605,DAY 49,7,"유능한, 강한(strong)",pre(= before) + vail(= strong) → 강하게 앞세우다,장례 행렬을 따라 침묵이 만연했다.,
3,49,val,가치 있는(worth),value,가치,The value of health cannot be measured by money.,value|valuable,high,What does value mean?,가치,etymology,1606,DAY 49,1,가치 있는(worth),라틴어 valere(= be worth)에서 유래 → 가치가 있는 것,건강의 가치는 돈으로 측정될 수 없다.,
3,49,val,가치 있는(worth),evaluate,평가하다,We will evaluate how well the policy is working.,evaluate|evaluation,high,What does evaluate mean?,평가하다,etymology,1607,DAY 49,1,가치 있는(worth),e(= ex: out) + val(u)(= value) + ate(접사) → 밖으로 가치를 드러내다,우리는 그 정책이 얼마나 잘 작용하고 있는지 평가할 것이다.,assess|appraise|estimate
3,49,val,가치 있는(worth),valid,"유효한, 타당한",Please check if your password is valid.,valid|validity,high,What does valid mean?,"유효한, 타당한",etymology,1608,DAY 49,1,가치 있는(worth),val(= worth) + id(접사) → 가치가 있는,당신의 비밀번호가 유효한지 확인하세요.,
3,49,val,가치 있는(worth),equivalent,"동등한, 해당하는",The two boxers are equivalent in weight.,equivalent|equivalence,high,What does equivalent mean?,"동등한, 해당하는",etymology,1609,DAY 49,1,가치 있는(worth),equi(= equal) + val(= worth) + ent(접사) → 같은 가치가 있는,그 두 권투 선수는 몸무게가 같다.,
3,49,vent/ven,오다(come),advent,"출현, 도래",The advent of market system hastened the political democracy.,advent,high,What does advent mean?,"출현, 도래",etymology,1610,DAY 49,2,오다(come),ad(= toward) + vent(= venire: come) → ~로 오는 것,시장 체제의 출현은 정치적 민주화를 재촉했다.,
3,49,vent/ven,오다(come),prevent,"예방하다, 막다",There is nothing to prevent us from going.,prevent|prevention,high,What does prevent mean?,"예방하다, 막다",etymology,1611,DAY 49,2,오다(come),pre(= before) + vent(= venire: come) → 먼저 오다,우리가 가는 것을 막을 것은 없다.,
3,49,vent/ven,오다(come),adventure,모험,Life is one big adventure.,adventure|adventurous,high,What does adventure mean?,모험,etymology,1612,DAY 49,2,오다(come),ad(= to) + vent(= venire: come) + ure(접사) → ~로 오는 것,삶은 하나의 큰 모험이다.,
3,49,vent/ven,오다(come),invent,발명하다,I want to invent a useful device for the disabled.,invent|invention,high,What does invent mean?,발명하다,etymology,1613,DAY 49,2,오다(come),in(= in) + vent(= venire: come) → 안에 내려오다,나는 장애인들을 위한 유용한 장비를 발명하고 싶다.,
3,49,vent/ven,오다(come),convention,"회의, 대회",My boss wanted to send me to the convention.,convention,high,What does convention mean?,"회의, 대회",etymology,1614,DAY 49,2,오다(come),con(= com: together) + vent(= venire: come) + ion(접사) → 함께 오는 것,나의 상사는 그 회의에 나를 보내기를 원했다.,
3,49,vent/ven,오다(come),event,"사건, 행사",The festival was the main event of 2017.,event,high,What does event mean?,"사건, 행사",etymology,1615,DAY 49,2,오다(come),e(= ex: out) + vent(= venire: come) → 밖으로 나오는 것,그 축제는 2017년도의 주요 사건이었다.,
3,49,vent/ven,오다(come),avenue,"가(街), 길",The hotel is on Fifth Avenue.,avenue,high,What does avenue mean?,"가(街), 길",etymology,1616,DAY 49,2,오다(come),a(= ad: to) + ven(= venire: come) + ue(접사) → ~로 오는 것,그 호텔은 5번 가에 있다.,
3,49,vent/ven,오다(come),convenient,"편한, 편리한, 가까운",Let’s meet at 8 tomorrow morning if it’s convenient for you.,convenient|convenience,high,What does convenient mean?,"편한, 편리한, 가까운",etymology,1617,DAY 49,2,오다(come),con(= com: together) + ven(i)(= venire: come) + ent(접사) → (서로 도와) 함께 오는,그게 편하시다면 내일 아침 8시에 만납시다.,
3,49,vent/ven,오다(come),souvenir,기념품,My wife bought me a shirt as a souvenir from Russia.,souvenir,high,What does souvenir mean?,기념품,etymology,1618,DAY 49,2,오다(come),sou(= sub: below) + ven(ir)(= venire: come) → (생각이) 아래에서 올라오게 하는 것,나의 아내는 러시아 기념품으로 나에게 셔츠를 사다 주었다.,
3,49,vers/vert,"줄(line), 돌리다(turn)",verse,운문,Most of his essay is written in verse.,verse,high,What does verse mean?,운문,etymology,1619,DAY 49,3,"줄(line), 돌리다(turn)",vers(e)(= line) → 줄을 바꾸어 가면서 쓰는 글,그의 에세이는 대부분 운문으로 쓰여 있다.,
3,49,vers/vert,"줄(line), 돌리다(turn)",diverse,다양한,The shop sells a diverse range of gifts.,diverse|diversity,high,What does diverse mean?,다양한,etymology,1620,DAY 49,3,"줄(line), 돌리다(turn)",di(= dis: apart) + vers(e)(= turn) → 다른 여러 방향으로 돌린,그 상점은 다양한 범주의 선물을 판매한다.,
3,49,vers/vert,"줄(line), 돌리다(turn)",reverse,"뒤집다, 거꾸로 하다",They declared they would not reverse the decision.,reverse,high,What does reverse mean?,"뒤집다, 거꾸로 하다",etymology,1621,DAY 49,3,"줄(line), 돌리다(turn)",re(= back) + vers(e)(= turn) → 뒤로 돌리다,그들은 그 결정을 뒤집지 않을 것이라고 선언했다,
3,49,vers/vert,"줄(line), 돌리다(turn)",adversity,역경,He showed courage in adversity.,adversity,high,What does adversity mean?,역경,etymology,1622,DAY 49,3,"줄(line), 돌리다(turn)",ad(= to) + vers(= turn) + ity(접사) → 반대로 돌려서 가는 것,그는 역경 속에서 용기를 보여 주었다,
3,49,vers/vert,"줄(line), 돌리다(turn)",version,"변형, 버전, 판(版)",It is a version of his experiment to calculate the speed of light.,version,high,What does version mean?,"변형, 버전, 판(版)",etymology,1623,DAY 49,3,"줄(line), 돌리다(turn)",vers(= turn) + ion(접사) → 돌린[바꾼] 것,그것은 빛의 속도를 계산하기 위한 그의 실험의 한 변형이다.,
3,49,vers/vert,"줄(line), 돌리다(turn)",convert,"전환하다[되다], 바꾸다, 개조하다",He ordered a sofa that converts into a bed.,convert|conversion|convertible,high,What does convert mean?,"전환하다[되다], 바꾸다, 개조하다",etymology,1624,DAY 49,3,"줄(line), 돌리다(turn)",con(= com: together) + vert(= turn) → 함께 돌리다,그는 침대로 전환되는 소파를 주문했다.,
3,49,vers/vert,"줄(line), 돌리다(turn)",vertical,수직의,The cliff was almost vertical.,vertical,high,What does vertical mean?,수직의,etymology,1625,DAY 49,3,"줄(line), 돌리다(turn)",vert(= turn) + ic(접사) + al(접사) → 돌려 수직이 된,그 절벽은 거의 수직이었다.,
3,50,vey/voy,"길(way), 여행(journey)",convey,"전하다, 운반하다","In her pictures, she tries to convey a sense of humanism.",convey,high,What does convey mean?,"전하다, 운반하다",etymology,1626,DAY 50,4,"길(way), 여행(journey)",con(= com: together) + vey(=way) → 함께 길에 나서다,그녀의 그림에서 그녀는 인류애를 전하려고 노력한다.,
3,50,vey/voy,"길(way), 여행(journey)",voyage,"여행, 항해",He is planning an around-the-world voyage next year.,voyage,high,What does voyage mean?,"여행, 항해",etymology,1627,DAY 50,4,"길(way), 여행(journey)",고대 프랑스어 voiage(= journey)에서 유래,그는 내년에 세계 일주 여행을 계획 중이다.,
3,50,vict/vinc,정복하다(conquer),victory,승리,They were heading for victory in their battle over basic human rights.,victory|victorious,high,What does victory mean?,승리,etymology,1628,DAY 50,5,정복하다(conquer),vict(= conquer) + or(접사) + y(접사) → 정복자가 하는 것,그들은 인간의 기본적인 권리들에 관한 전투에서의 승리를 향해 가고 있었다.,
3,50,vict/vinc,정복하다(conquer),convict,유죄를 선고하다,There was sufficient evidence to convict him.,convict|conviction,high,What does convict mean?,유죄를 선고하다,etymology,1629,DAY 50,5,정복하다(conquer),con(= com: completely) + vict(= conquer) → 완전히 정복하다,그에게 유죄를 선고할 충분한 증거가 있었다.,convict|sentence
3,50,vict/vinc,정복하다(conquer),convince,"설득하다, 납득시키다",She tried to convince me to do it.,convince,high,What does convince mean?,"설득하다, 납득시키다",etymology,1630,DAY 50,5,정복하다(conquer),con(= completely) + vinc(e)(= vincere: conquer) → 완전히 설득시켜 정복하다,그녀는 내가 그것을 하도록 설득하려고 노력했다.,
3,50,vid/vis,보다(see),evident,"분명한, 명백한, 눈에 띄는",It was evident that Timothy was a failed leader.,evident|evidence|evidently,high,What does evident mean?,"분명한, 명백한, 눈에 띄는",etymology,1631,DAY 50,1,보다(see),"e(= ex: fully, out of) + vid(= videre: see) + ent(접사) → 분명히 보이는",Timothy는 실패한 지도자라는 것이 분명했다.,
3,50,vid/vis,보다(see),vision,"시력, 시야, 통찰력, 환상 v. 환상으로 보다, 상상하다",He suffered temporary loss of vision in one eye.,vision|visionary|visible,high,What does vision mean?,"시력, 시야, 통찰력, 환상 v. 환상으로 보다, 상상하다",etymology,1632,DAY 50,1,보다(see),vis(= videre: see) + ion(접사) → 보는 것,그는 한쪽 눈에 일시적인 시력 손실을 겪었다.,
3,50,vid/vis,보다(see),visual,"시각의, 보는 n. 시각 자료",Different cultures may interpret visual symbols and icons differently.,visual|visualize|visually,high,What does visual mean?,"시각의, 보는 n. 시각 자료",etymology,1633,DAY 50,1,보다(see),"vis(u)(= videre: see) + al(접사) → 시각의, 보는",서로 다른 문화는 시각적 상징물과 아이콘을 다르게 해석할 수도 있다.,
3,50,vid/vis,보다(see),envision,"마음에 그리다, 상상하다, 구상하다",I envisioned a great future of artistic growth.,envision,high,What does envision mean?,"마음에 그리다, 상상하다, 구상하다",etymology,1634,DAY 50,1,보다(see),en(=make) + vis(= videre: see) + ion(접사) → 보게 하다,나는 예술적 성장의 멋진 장래를 마음에 그렸다.,
3,50,vid/vis,보다(see),supervise,"관리하다, 감독하다, 지도하다",He has supervised students in internships for over 20 years.,supervise|supervision|supervisor,high,What does supervise mean?,"관리하다, 감독하다, 지도하다",etymology,1635,DAY 50,1,보다(see),super(= over) + vis(e)(= videre: see) → 위에서 바라보다,그는 20년이 넘는 기간 동안 견습생 신분인 학생들을 관리해 왔다.,
3,50,vid/vis,보다(see),revise,"수정하다, 변경하다 n. 수정(판), 교정(판)",The company agreed to revise the plan.,revise|revision|reviser,high,What does revise mean?,"수정하다, 변경하다 n. 수정(판), 교정(판)",etymology,1636,DAY 50,1,보다(see),re(= again) + vis(e)(= videre: see) → 다시 보다,그 회사는 그 계획을 수정하기로 동의했다.,
3,50,vid/vis,보다(see),provisional,"일시적인, 잠정적인, 임시의, 조건부의",The measures are only provisional in nature.,provisional,high,What does provisional mean?,"일시적인, 잠정적인, 임시의, 조건부의",etymology,1637,DAY 50,1,보다(see),pro(= ahead) + vis(= videre: see) + ion(접사) + al(접사) → 결정하기 전에 미리 보는,그 조치들은 본질적으로 일시적일 뿐이다.,
3,50,vid/vis,보다(see),vista,"경치, 풍경, 전망",Burlington is a beautiful city with stunning vistas of the,vista,high,What does vista mean?,"경치, 풍경, 전망",etymology,1638,DAY 50,1,보다(see),라틴어 videre(= see)에서 유래 → 광경,lake. Burlington은 매우 멋진 호수 경치를 가진 아름다운 도시이다.,
3,50,viv/vit,"살다(live), 생명(life)",survive,"살아남다, 생존하다, 견뎌 내다",,survive|survival|survivor,high,What does survive mean?,"살아남다, 생존하다, 견뎌 내다",etymology,1639,DAY 50,2,"살다(live), 생명(life)","sur(= over, beyond) + viv(e)(= vivere: live) → 보다 오래 생존하다",The soldiers survived the attack. 그 군인들은 공격에서 살아남았다.,
3,50,viv/vit,"살다(live), 생명(life)",revive,"되살리다, 부활시키다, 재공연하다",This seasonable aid revived his courage.,revive|revival,high,What does revive mean?,"되살리다, 부활시키다, 재공연하다",etymology,1640,DAY 50,2,"살다(live), 생명(life)",re(= again) + viv(e)(= vivere: live) → 다시 살아나게 하다,이 시기적절한 지원이 그의 용기를 되살렸다.,
3,50,viv/vit,"살다(live), 생명(life)",vivid,"생생한, 선명한, 생기 있는",Vivid descriptions can make an otherwise dull speech come to life.,vivid|vividly,high,What does vivid mean?,"생생한, 선명한, 생기 있는",etymology,1641,DAY 50,2,"살다(live), 생명(life)",viv(= vivere: live) + id(접사) → 살아 있는,생생한 묘사가 그러지 않으면 활기 없을 말을 생기 있게 할 수 있다.,
3,50,viv/vit,"살다(live), 생명(life)",vital,"필수적인, 극히 중대한, 생명 유지와 관련된",All fats found in nature are vital for your health.,vital|vitalize,high,What does vital mean?,"필수적인, 극히 중대한, 생명 유지와 관련된",etymology,1642,DAY 50,2,"살다(live), 생명(life)",vit(= vita: life) + al(접사) → 생명의,자연에서 발견된 모든 지방은 여러분의 건강에 필수적이다.,
3,50,viv/vit,"살다(live), 생명(life)",vitamin,비타민,Many fruits and vegetables contain vitamin C.,vitamin,high,What does vitamin mean?,비타민,etymology,1643,DAY 50,2,"살다(live), 생명(life)",vit(= vita: life) + amin(= amine: 아민) → 생명과 밀접한 관계가 있으며 그 성분 중에 아민을 가지는 물질,많은 과일과 채소에는 비타민 C가 함유되어 있다.,
3,50,viv/vit,"살다(live), 생명(life)",revitalize,"재활성화하다, 새로운 활력을 주다, 생기를 회복시키다",Infrastructure alone is not sufficient to revitalize an economy.,revitalize|revitalization,high,What does revitalize mean?,"재활성화하다, 새로운 활력을 주다, 생기를 회복시키다",etymology,1644,DAY 50,2,"살다(live), 생명(life)","re(= back, again) + vit(= vita: life) + al(접사) + ize(접사) → 다시 생명을 주다",사회 기반 시설만으로는 경제를 재활성화하는 데 충분하지 않다.,
3,50,voc/vok,"목소리(voice), 부르다(call)",vocal,"발성의, 목소리의 n. 보컬","Fishes hear acutely, but they have no distinct vocal organs.",vocal,high,What does vocal mean?,"발성의, 목소리의 n. 보컬",etymology,1645,DAY 50,3,"목소리(voice), 부르다(call)",voc(= vox: voice) + al(접사) → 목소리의,물고기는 예민하게 소리를 들으나 특징적인 발성 기관은 없다,
3,50,voc/vok,"목소리(voice), 부르다(call)",vocalize,"소리 내어 말하다, (말로) 표현하다",Students vocalized their ideas about the Vietnam War.,vocalize,high,What does vocalize mean?,"소리 내어 말하다, (말로) 표현하다",etymology,1646,DAY 50,3,"목소리(voice), 부르다(call)",voc(= vox: voice) + al(접사) + ize(접사) → 목소리를 내다,학생들은 베트남 전쟁에 관해 자신들의 생각을 소리 내어 말했다.,
3,50,voc/vok,"목소리(voice), 부르다(call)",vocabulary,"어휘, 용어",Vivian has a large vocabulary for her young age.,vocabulary,high,What does vocabulary mean?,"어휘, 용어",etymology,1647,DAY 50,3,"목소리(voice), 부르다(call)",vox(= voice)와 관련 있는 중세 라틴어 vocabularium(= a list of words)에서 유래 → 단어 목록,Vivian은 어린 나이 치고는 어휘를 많이 알고 있다.,
3,50,voc/vok,"목소리(voice), 부르다(call)",vocation,"직업, 천직",Joe Dillon announced that he had a religious vocation.,vocation|vocational,high,What does vocation mean?,"직업, 천직",etymology,1648,DAY 50,3,"목소리(voice), 부르다(call)",voc(= vocare: call) + ation(접사) → 부름,Joe Dillon은 자신이 종교적인 직업을 가지고 있다고 알렸다.,
3,50,voc/vok,"목소리(voice), 부르다(call)",evoke,"자아내다, 일깨우다, 불러내다",A good joke evokes a laugh.,evoke,high,What does evoke mean?,"자아내다, 일깨우다, 불러내다",etymology,1649,DAY 50,3,"목소리(voice), 부르다(call)",e(= ex: out) + vok(e)(= vocare: call) → 밖으로 불러내다,훌륭한 농담은 웃음을 자아낸다.,
3,50,voc/vok,"목소리(voice), 부르다(call)",revoke,"취소하다, 폐지하다, 철회하다",We do not have enough evidence to revoke his license.,revoke,high,What does revoke mean?,"취소하다, 폐지하다, 철회하다",etymology,1650,DAY 50,3,"목소리(voice), 부르다(call)",re(= back) + vok(e)(= vocare: call) → 이미 말한 것을 다시 말하다,우리는 그의 면허를 취소할 만큼 충분한 증거를 가지고 있지 않다.,
3,50,voc/vok,"목소리(voice), 부르다(call)",provoke,"유발하다, 화나게 하다, 도발하다",The request provoked fierce debate.,provoke,high,What does provoke mean?,"유발하다, 화나게 하다, 도발하다",etymology,1651,DAY 50,3,"목소리(voice), 부르다(call)",pro(= forth) + vok(e)(= vocare: call) → 안에서 밖으로 불러내다,그 요구는 격렬한 토론을 유발했다.,
3,50,vol,바라다(wish),volunteer,"자원봉사자, 지원자 a. 자발적인 v. 자진하다",We need volunteers to decorate the stage.,volunteer,high,What does volunteer mean?,"자원봉사자, 지원자 a. 자발적인 v. 자진하다",etymology,1652,DAY 50,4,바라다(wish),vol(= velle: wish) + unt(= ent: 접사) + eer(접사) → 자발적으로 하는 사람,우리는 무대를 꾸며줄 자원봉사자들이 필요하다.,
3,50,vol,바라다(wish),voluntary,"자발적인, 자원봉사의",You can make a voluntary contribution via the Internet.,voluntary|voluntarily,high,What does voluntary mean?,"자발적인, 자원봉사의",etymology,1653,DAY 50,4,바라다(wish),vol(= velle: wish) + unt(= ent: 접사) + ary(접사) → 자발적인,여러분은 인터넷을 통해 자발적인 기부를 할 수 있습니다.,
3,50,volv,"굴리다, 말다(roll)",evolve,"진화하다, 발달하다, 전개하다",These fish evolved from tiny little creatures in the ocean.,evolve|evolution,high,What does evolve mean?,"진화하다, 발달하다, 전개하다",etymology,1654,DAY 50,5,"굴리다, 말다(roll)",e(= ex: out) + volv(e)(= volvere: roll) → 굴려서 펴지다,이 물고기들은 바다의 아주 작은 생명체에서 진화했다.,
3,50,volv,"굴리다, 말다(roll)",revolve,"돌다, 회전하다, 순환하다",The wheel began to revolve rapidly.,revolve|revolution|revolutionary,high,What does revolve mean?,"돌다, 회전하다, 순환하다",etymology,1655,DAY 50,5,"굴리다, 말다(roll)","re(= back, again) + volv(e)(= volvere: roll) → 돌고 또 돌다",바퀴가 빠르게 돌기 시작했다.,
3,50,volv,"굴리다, 말다(roll)",involve,"수반하다, 포함하다, 관련시키다",Economic investment involves risk.,involve|involvement|involved,high,What does involve mean?,"수반하다, 포함하다, 관련시키다",etymology,1656,DAY 50,5,"굴리다, 말다(roll)",in(= in) + volv(e)(= volvere: roll) → 안으로 말아 넣다,경제적 투자는 위험을 수반한다.,
3,50,vot,맹세하다(vow),voter,"유권자, 투표자, 선거인",Some voters don’t understand the content of the measures.,voter|vote,high,What does voter mean?,"유권자, 투표자, 선거인",etymology,1657,DAY 50,6,맹세하다(vow),vot(= vovere: vow) + er(접사) → 맹세하는 사람,몇몇 유권자들은 그 조치의 내용을 이해하지 못한다.,
3,50,vot,맹세하다(vow),devote,"쏟다, 바치다, 헌신하다, 전념하다",He devoted his energies to obtaining practical reforms.,devote|devotion|devoted|devotional,high,What does devote mean?,"쏟다, 바치다, 헌신하다, 전념하다",etymology,1658,DAY 50,6,맹세하다(vow),de(= down) + vot(e)(= vovere: vow) → 머리 숙여 맹세하다,그는 실질적인 개혁을 얻어 내는 데 자신의 에너지를 쏟아부었다.,
